[2026-01-20 13:40:58.554] [322018] [HailoRT] [info] [vdevice.cpp:535] [create] Creating vdevice with params: device_count: 1, scheduling_algorithm: ROUND_ROBIN, multi_process_service: false
[2026-01-20 13:40:58.567] [322018] [HailoRT] [info] [device.cpp:51] [Device] OS Version: Linux 6.8.0-1031-raspi #35-Ubuntu SMP PREEMPT_DYNAMIC Thu Jul  3 15:00:20 UTC 2025 aarch64
[2026-01-20 13:40:58.567] [322018] [HailoRT] [info] [hailort_driver.cpp:476] [fw_control] Sending FW Control: opcode=0x00000000 (HAILO_CONTROL_OPCODE_IDENTIFY), len=20, cpu_id=0
[2026-01-20 13:40:58.567] [322018] [HailoRT] [info] [control.cpp:113] [control__parse_identify_results] firmware_version is: 4.23.0
[2026-01-20 13:40:58.567] [322018] [HailoRT] [info] [vdevice.cpp:682] [create] VDevice Infos: 0000:01:00.0
[2026-01-20 13:40:58.610] [322018] [HailoRT] [info] [hailort_driver.cpp:476] [fw_control] Sending FW Control: opcode=0x00000033 (HAILO_CONTROL_OPCODE_GET_DEVICE_INFORMATION), len=20, cpu_id=0
[2026-01-20 13:40:58.610] [322018] [HailoRT] [info] [hailort_driver.cpp:476] [fw_control] Sending FW Control: opcode=0x00000033 (HAILO_CONTROL_OPCODE_GET_DEVICE_INFORMATION), len=20, cpu_id=0
[2026-01-20 13:40:58.610] [322018] [HailoRT] [info] [control.cpp:2783] [reset_context_switch_state_machine] Control::reset_context_switch_state_machine called. Resetting context switch state.
[2026-01-20 13:40:58.610] [322018] [HailoRT] [info] [hailort_driver.cpp:476] [fw_control] Sending FW Control: opcode=0x00000025 (HAILO_CONTROL_OPCODE_CHANGE_CONTEXT_SWITCH_STATUS), len=42, cpu_id=1
[2026-01-20 13:40:58.610] [322018] [HailoRT] [info] [hailort_driver.cpp:476] [fw_control] Sending FW Control: opcode=0x00000047 (HAILO_CONTROL_OPCODE_CONTEXT_SWITCH_CLEAR_CONFIGURED_APPS), len=20, cpu_id=1
[2026-01-20 13:40:58.615] [322018] [HailoRT] [info] [internal_buffer_planner.cpp:375] [get_edge_layer_infos] Edge Layer: Name=vit_base/vit_base_context_0_to_context_1_2, Key=(0:0), Type=2, Transfer Size=307200, Max Transfers in Batch=1, Start Context=0, End Context=1
[2026-01-20 13:40:58.615] [322018] [HailoRT] [info] [internal_buffer_planner.cpp:375] [get_edge_layer_infos] Edge Layer: Name=vit_base/vit_base_context_0_to_context_1_4, Key=(0:1), Type=2, Transfer Size=153600, Max Transfers in Batch=1, Start Context=0, End Context=1
[2026-01-20 13:40:58.615] [322018] [HailoRT] [info] [internal_buffer_planner.cpp:375] [get_edge_layer_infos] Edge Layer: Name=vit_base/vit_base_context_0_to_context_1_7, Key=(0:3), Type=2, Transfer Size=472800, Max Transfers in Batch=1, Start Context=0, End Context=1
[2026-01-20 13:40:58.615] [322018] [HailoRT] [info] [internal_buffer_planner.cpp:375] [get_edge_layer_infos] Edge Layer: Name=vit_base/vit_base_context_1_to_context_2_11, Key=(1:0), Type=2, Transfer Size=614400, Max Transfers in Batch=1, Start Context=1, End Context=2
[2026-01-20 13:40:58.615] [322018] [HailoRT] [info] [internal_buffer_planner.cpp:375] [get_edge_layer_infos] Edge Layer: Name=vit_base/vit_base_context_1_to_context_2_9, Key=(1:1), Type=2, Transfer Size=307200, Max Transfers in Batch=1, Start Context=1, End Context=2
[2026-01-20 13:40:58.615] [322018] [HailoRT] [info] [internal_buffer_planner.cpp:375] [get_edge_layer_infos] Edge Layer: Name=vit_base/vit_base_context_2_to_context_3_16, Key=(2:0), Type=2, Transfer Size=307200, Max Transfers in Batch=1, Start Context=2, End Context=3
[2026-01-20 13:40:58.615] [322018] [HailoRT] [info] [internal_buffer_planner.cpp:375] [get_edge_layer_infos] Edge Layer: Name=vit_base/vit_base_context_2_to_context_3_18, Key=(2:1), Type=2, Transfer Size=153600, Max Transfers in Batch=1, Start Context=2, End Context=3
[2026-01-20 13:40:58.615] [322018] [HailoRT] [info] [internal_buffer_planner.cpp:375] [get_edge_layer_infos] Edge Layer: Name=vit_base/vit_base_context_3_to_context_4_20, Key=(3:0), Type=2, Transfer Size=307200, Max Transfers in Batch=1, Start Context=3, End Context=4
[2026-01-20 13:40:58.615] [322018] [HailoRT] [info] [internal_buffer_planner.cpp:375] [get_edge_layer_infos] Edge Layer: Name=vit_base/vit_base_context_3_to_context_4_22, Key=(3:1), Type=2, Transfer Size=307200, Max Transfers in Batch=1, Start Context=3, End Context=4
[2026-01-20 13:40:58.615] [322018] [HailoRT] [info] [internal_buffer_planner.cpp:375] [get_edge_layer_infos] Edge Layer: Name=vit_base/vit_base_context_4_to_context_5_24, Key=(4:0), Type=2, Transfer Size=307200, Max Transfers in Batch=1, Start Context=4, End Context=5
[2026-01-20 13:40:58.615] [322018] [HailoRT] [info] [internal_buffer_planner.cpp:375] [get_edge_layer_infos] Edge Layer: Name=vit_base/vit_base_context_4_to_context_5_28, Key=(4:1), Type=2, Transfer Size=153600, Max Transfers in Batch=1, Start Context=4, End Context=5
[2026-01-20 13:40:58.615] [322018] [HailoRT] [info] [internal_buffer_planner.cpp:375] [get_edge_layer_infos] Edge Layer: Name=vit_base/vit_base_context_4_to_context_5_31, Key=(4:2), Type=2, Transfer Size=153600, Max Transfers in Batch=1, Start Context=4, End Context=5
[2026-01-20 13:40:58.615] [322018] [HailoRT] [info] [internal_buffer_planner.cpp:375] [get_edge_layer_infos] Edge Layer: Name=vit_base/vit_base_context_4_to_context_5_26, Key=(4:3), Type=2, Transfer Size=153600, Max Transfers in Batch=1, Start Context=4, End Context=5
[2026-01-20 13:40:58.615] [322018] [HailoRT] [info] [internal_buffer_planner.cpp:375] [get_edge_layer_infos] Edge Layer: Name=vit_base/vit_base_context_4_to_context_5_33, Key=(4:6), Type=2, Transfer Size=153600, Max Transfers in Batch=1, Start Context=4, End Context=5
[2026-01-20 13:40:58.615] [322018] [HailoRT] [info] [internal_buffer_planner.cpp:375] [get_edge_layer_infos] Edge Layer: Name=vit_base/vit_base_context_5_to_context_6_35, Key=(5:0), Type=2, Transfer Size=307200, Max Transfers in Batch=1, Start Context=5, End Context=6
[2026-01-20 13:40:58.615] [322018] [HailoRT] [info] [internal_buffer_planner.cpp:375] [get_edge_layer_infos] Edge Layer: Name=vit_base/vit_base_context_5_to_context_6_39, Key=(5:1), Type=2, Transfer Size=153600, Max Transfers in Batch=1, Start Context=5, End Context=6
[2026-01-20 13:40:58.615] [322018] [HailoRT] [info] [internal_buffer_planner.cpp:375] [get_edge_layer_infos] Edge Layer: Name=vit_base/vit_base_context_5_to_context_6_41, Key=(5:2), Type=2, Transfer Size=400, Max Transfers in Batch=1, Start Context=5, End Context=6
[2026-01-20 13:40:58.615] [322018] [HailoRT] [info] [internal_buffer_planner.cpp:375] [get_edge_layer_infos] Edge Layer: Name=vit_base/vit_base_context_5_to_context_6_37, Key=(5:3), Type=2, Transfer Size=153600, Max Transfers in Batch=1, Start Context=5, End Context=6
[2026-01-20 13:40:58.615] [322018] [HailoRT] [info] [internal_buffer_planner.cpp:375] [get_edge_layer_infos] Edge Layer: Name=vit_base/vit_base_context_6_to_context_7_43, Key=(6:0), Type=2, Transfer Size=307200, Max Transfers in Batch=1, Start Context=6, End Context=7
[2026-01-20 13:40:58.615] [322018] [HailoRT] [info] [internal_buffer_planner.cpp:375] [get_edge_layer_infos] Edge Layer: Name=vit_base/vit_base_context_6_to_context_7_45, Key=(6:1), Type=2, Transfer Size=153600, Max Transfers in Batch=1, Start Context=6, End Context=7
[2026-01-20 13:40:58.617] [322018] [HailoRT] [info] [internal_buffer_manager.cpp:77] [print_execution_results] Planned internal buffer memory: CMA=0 CMA-Desc=1310720 Pinned=2000896. memory to edge layer usage factor is 0.40518403
[2026-01-20 13:40:58.617] [322018] [HailoRT] [info] [internal_buffer_manager.cpp:86] [print_execution_results] Default Internal buffer planner executed successfully
[2026-01-20 13:40:58.617] [322018] [HailoRT] [info] [hailort_driver.cpp:476] [fw_control] Sending FW Control: opcode=0x00000048 (HAILO_CONTROL_OPCODE_GET_HW_CONSTS), len=20, cpu_id=1
[2026-01-20 13:40:58.617] [322018] [HailoRT] [info] [hailort_driver.cpp:476] [fw_control] Sending FW Control: opcode=0x00000048 (HAILO_CONTROL_OPCODE_GET_HW_CONSTS), len=20, cpu_id=1
[2026-01-20 13:40:58.623] [322018] [HailoRT] [info] [hailort_driver.cpp:476] [fw_control] Sending FW Control: opcode=0x00000048 (HAILO_CONTROL_OPCODE_GET_HW_CONSTS), len=20, cpu_id=1
[2026-01-20 13:40:58.623] [322018] [HailoRT] [info] [context_switch_actions.cpp:251] [write_to_config_buffer] WriteDataCcwAction: Writing Config Data. Total Size: 3785584 bytes. Stream Index: 1
[2026-01-20 13:40:58.627] [322018] [HailoRT] [info] [config_buffer.cpp:171] [program_descriptors] ConfigBuffer::program_descriptors: Channel 0:1. Programming 7394 descriptors. Offset: 3785584
[2026-01-20 13:40:58.627] [322018] [HailoRT] [info] [context_switch_actions.cpp:251] [write_to_config_buffer] WriteDataCcwAction: Writing Config Data. Total Size: 3627008 bytes. Stream Index: 0
[2026-01-20 13:40:58.632] [322018] [HailoRT] [info] [config_buffer.cpp:171] [program_descriptors] ConfigBuffer::program_descriptors: Channel 0:0. Programming 7084 descriptors. Offset: 3627008
[2026-01-20 13:40:58.639] [322018] [HailoRT] [info] [hailort_driver.cpp:476] [fw_control] Sending FW Control: opcode=0x00000048 (HAILO_CONTROL_OPCODE_GET_HW_CONSTS), len=20, cpu_id=1
[2026-01-20 13:40:58.642] [322018] [HailoRT] [info] [context_switch_actions.cpp:251] [write_to_config_buffer] WriteDataCcwAction: Writing Config Data. Total Size: 1350920 bytes. Stream Index: 1
[2026-01-20 13:40:58.644] [322018] [HailoRT] [info] [config_buffer.cpp:171] [program_descriptors] ConfigBuffer::program_descriptors: Channel 0:1. Programming 2639 descriptors. Offset: 1350920
[2026-01-20 13:40:58.644] [322018] [HailoRT] [info] [context_switch_actions.cpp:251] [write_to_config_buffer] WriteDataCcwAction: Writing Config Data. Total Size: 751656 bytes. Stream Index: 0
[2026-01-20 13:40:58.651] [322018] [HailoRT] [info] [config_buffer.cpp:171] [program_descriptors] ConfigBuffer::program_descriptors: Channel 0:0. Programming 1469 descriptors. Offset: 751656
[2026-01-20 13:40:58.651] [322018] [HailoRT] [info] [context_switch_actions.cpp:251] [write_to_config_buffer] WriteDataCcwAction: Writing Config Data. Total Size: 136248 bytes. Stream Index: 1
[2026-01-20 13:40:58.651] [322018] [HailoRT] [info] [config_buffer.cpp:171] [program_descriptors] ConfigBuffer::program_descriptors: Channel 0:1. Programming 267 descriptors. Offset: 136248
[2026-01-20 13:40:58.651] [322018] [HailoRT] [info] [context_switch_actions.cpp:251] [write_to_config_buffer] WriteDataCcwAction: Writing Config Data. Total Size: 49504 bytes. Stream Index: 0
[2026-01-20 13:40:58.651] [322018] [HailoRT] [info] [config_buffer.cpp:171] [program_descriptors] ConfigBuffer::program_descriptors: Channel 0:0. Programming 97 descriptors. Offset: 49504
[2026-01-20 13:40:58.651] [322018] [HailoRT] [info] [context_switch_actions.cpp:251] [write_to_config_buffer] WriteDataCcwAction: Writing Config Data. Total Size: 5456 bytes. Stream Index: 0
[2026-01-20 13:40:58.651] [322018] [HailoRT] [info] [config_buffer.cpp:171] [program_descriptors] ConfigBuffer::program_descriptors: Channel 0:0. Programming 11 descriptors. Offset: 5456
[2026-01-20 13:40:58.651] [322018] [HailoRT] [info] [context_switch_actions.cpp:251] [write_to_config_buffer] WriteDataCcwAction: Writing Config Data. Total Size: 45744 bytes. Stream Index: 0
[2026-01-20 13:40:58.651] [322018] [HailoRT] [info] [config_buffer.cpp:171] [program_descriptors] ConfigBuffer::program_descriptors: Channel 0:0. Programming 90 descriptors. Offset: 45744
[2026-01-20 13:40:58.651] [322018] [HailoRT] [info] [context_switch_actions.cpp:251] [write_to_config_buffer] WriteDataCcwAction: Writing Config Data. Total Size: 4936 bytes. Stream Index: 1
[2026-01-20 13:40:58.651] [322018] [HailoRT] [info] [config_buffer.cpp:171] [program_descriptors] ConfigBuffer::program_descriptors: Channel 0:1. Programming 10 descriptors. Offset: 4936
[2026-01-20 13:40:58.651] [322018] [HailoRT] [info] [context_switch_actions.cpp:251] [write_to_config_buffer] WriteDataCcwAction: Writing Config Data. Total Size: 49408 bytes. Stream Index: 1
[2026-01-20 13:40:58.652] [322018] [HailoRT] [info] [config_buffer.cpp:171] [program_descriptors] ConfigBuffer::program_descriptors: Channel 0:1. Programming 97 descriptors. Offset: 49408
[2026-01-20 13:40:58.652] [322018] [HailoRT] [info] [context_switch_actions.cpp:251] [write_to_config_buffer] WriteDataCcwAction: Writing Config Data. Total Size: 443272 bytes. Stream Index: 1
[2026-01-20 13:40:58.652] [322018] [HailoRT] [info] [config_buffer.cpp:171] [program_descriptors] ConfigBuffer::program_descriptors: Channel 0:1. Programming 866 descriptors. Offset: 443272
[2026-01-20 13:40:58.652] [322018] [HailoRT] [info] [context_switch_actions.cpp:251] [write_to_config_buffer] WriteDataCcwAction: Writing Config Data. Total Size: 60928 bytes. Stream Index: 1
[2026-01-20 13:40:58.652] [322018] [HailoRT] [info] [config_buffer.cpp:171] [program_descriptors] ConfigBuffer::program_descriptors: Channel 0:1. Programming 119 descriptors. Offset: 60928
[2026-01-20 13:40:58.652] [322018] [HailoRT] [info] [context_switch_actions.cpp:251] [write_to_config_buffer] WriteDataCcwAction: Writing Config Data. Total Size: 12312 bytes. Stream Index: 1
[2026-01-20 13:40:58.652] [322018] [HailoRT] [info] [config_buffer.cpp:171] [program_descriptors] ConfigBuffer::program_descriptors: Channel 0:1. Programming 25 descriptors. Offset: 12312
[2026-01-20 13:40:58.652] [322018] [HailoRT] [info] [context_switch_actions.cpp:251] [write_to_config_buffer] WriteDataCcwAction: Writing Config Data. Total Size: 12296 bytes. Stream Index: 1
[2026-01-20 13:40:58.652] [322018] [HailoRT] [info] [config_buffer.cpp:171] [program_descriptors] ConfigBuffer::program_descriptors: Channel 0:1. Programming 25 descriptors. Offset: 12296
[2026-01-20 13:40:58.652] [322018] [HailoRT] [info] [context_switch_actions.cpp:251] [write_to_config_buffer] WriteDataCcwAction: Writing Config Data. Total Size: 153968 bytes. Stream Index: 1
[2026-01-20 13:40:58.652] [322018] [HailoRT] [info] [config_buffer.cpp:171] [program_descriptors] ConfigBuffer::program_descriptors: Channel 0:1. Programming 301 descriptors. Offset: 153968
[2026-01-20 13:40:58.652] [322018] [HailoRT] [info] [context_switch_actions.cpp:251] [write_to_config_buffer] WriteDataCcwAction: Writing Config Data. Total Size: 29528 bytes. Stream Index: 1
[2026-01-20 13:40:58.652] [322018] [HailoRT] [info] [config_buffer.cpp:171] [program_descriptors] ConfigBuffer::program_descriptors: Channel 0:1. Programming 58 descriptors. Offset: 29528
[2026-01-20 13:40:58.652] [322018] [HailoRT] [info] [context_switch_actions.cpp:251] [write_to_config_buffer] WriteDataCcwAction: Writing Config Data. Total Size: 14904 bytes. Stream Index: 1
[2026-01-20 13:40:58.652] [322018] [HailoRT] [info] [config_buffer.cpp:171] [program_descriptors] ConfigBuffer::program_descriptors: Channel 0:1. Programming 30 descriptors. Offset: 14904
[2026-01-20 13:40:58.652] [322018] [HailoRT] [info] [context_switch_actions.cpp:251] [write_to_config_buffer] WriteDataCcwAction: Writing Config Data. Total Size: 19400 bytes. Stream Index: 1
[2026-01-20 13:40:58.653] [322018] [HailoRT] [info] [config_buffer.cpp:171] [program_descriptors] ConfigBuffer::program_descriptors: Channel 0:1. Programming 38 descriptors. Offset: 19400
[2026-01-20 13:40:58.653] [322018] [HailoRT] [info] [context_switch_actions.cpp:251] [write_to_config_buffer] WriteDataCcwAction: Writing Config Data. Total Size: 21568 bytes. Stream Index: 1
[2026-01-20 13:40:58.653] [322018] [HailoRT] [info] [config_buffer.cpp:171] [program_descriptors] ConfigBuffer::program_descriptors: Channel 0:1. Programming 43 descriptors. Offset: 21568
[2026-01-20 13:40:58.653] [322018] [HailoRT] [info] [context_switch_actions.cpp:251] [write_to_config_buffer] WriteDataCcwAction: Writing Config Data. Total Size: 19440 bytes. Stream Index: 1
[2026-01-20 13:40:58.653] [322018] [HailoRT] [info] [config_buffer.cpp:171] [program_descriptors] ConfigBuffer::program_descriptors: Channel 0:1. Programming 38 descriptors. Offset: 19440
[2026-01-20 13:40:58.653] [322018] [HailoRT] [info] [context_switch_actions.cpp:251] [write_to_config_buffer] WriteDataCcwAction: Writing Config Data. Total Size: 10912 bytes. Stream Index: 1
[2026-01-20 13:40:58.653] [322018] [HailoRT] [info] [config_buffer.cpp:171] [program_descriptors] ConfigBuffer::program_descriptors: Channel 0:1. Programming 22 descriptors. Offset: 10912
[2026-01-20 13:40:58.653] [322018] [HailoRT] [info] [context_switch_actions.cpp:251] [write_to_config_buffer] WriteDataCcwAction: Writing Config Data. Total Size: 39344 bytes. Stream Index: 1
[2026-01-20 13:40:58.653] [322018] [HailoRT] [info] [config_buffer.cpp:171] [program_descriptors] ConfigBuffer::program_descriptors: Channel 0:1. Programming 77 descriptors. Offset: 39344
[2026-01-20 13:40:58.653] [322018] [HailoRT] [info] [context_switch_actions.cpp:251] [write_to_config_buffer] WriteDataCcwAction: Writing Config Data. Total Size: 63520 bytes. Stream Index: 1
[2026-01-20 13:40:58.653] [322018] [HailoRT] [info] [config_buffer.cpp:171] [program_descriptors] ConfigBuffer::program_descriptors: Channel 0:1. Programming 125 descriptors. Offset: 63520
[2026-01-20 13:40:58.653] [322018] [HailoRT] [info] [context_switch_actions.cpp:251] [write_to_config_buffer] WriteDataCcwAction: Writing Config Data. Total Size: 19408 bytes. Stream Index: 1
[2026-01-20 13:40:58.653] [322018] [HailoRT] [info] [config_buffer.cpp:171] [program_descriptors] ConfigBuffer::program_descriptors: Channel 0:1. Programming 38 descriptors. Offset: 19408
[2026-01-20 13:40:58.653] [322018] [HailoRT] [info] [context_switch_actions.cpp:251] [write_to_config_buffer] WriteDataCcwAction: Writing Config Data. Total Size: 4984 bytes. Stream Index: 1
[2026-01-20 13:40:58.653] [322018] [HailoRT] [info] [config_buffer.cpp:171] [program_descriptors] ConfigBuffer::program_descriptors: Channel 0:1. Programming 10 descriptors. Offset: 4984
[2026-01-20 13:40:58.653] [322018] [HailoRT] [info] [context_switch_actions.cpp:251] [write_to_config_buffer] WriteDataCcwAction: Writing Config Data. Total Size: 19424 bytes. Stream Index: 1
[2026-01-20 13:40:58.653] [322018] [HailoRT] [info] [config_buffer.cpp:171] [program_descriptors] ConfigBuffer::program_descriptors: Channel 0:1. Programming 38 descriptors. Offset: 19424
[2026-01-20 13:40:58.653] [322018] [HailoRT] [info] [context_switch_actions.cpp:251] [write_to_config_buffer] WriteDataCcwAction: Writing Config Data. Total Size: 4864 bytes. Stream Index: 1
[2026-01-20 13:40:58.653] [322018] [HailoRT] [info] [config_buffer.cpp:171] [program_descriptors] ConfigBuffer::program_descriptors: Channel 0:1. Programming 10 descriptors. Offset: 4864
[2026-01-20 13:40:58.653] [322018] [HailoRT] [info] [context_switch_actions.cpp:251] [write_to_config_buffer] WriteDataCcwAction: Writing Config Data. Total Size: 286808 bytes. Stream Index: 0
[2026-01-20 13:40:58.653] [322018] [HailoRT] [info] [config_buffer.cpp:171] [program_descriptors] ConfigBuffer::program_descriptors: Channel 0:0. Programming 561 descriptors. Offset: 286808
[2026-01-20 13:40:58.653] [322018] [HailoRT] [info] [context_switch_actions.cpp:251] [write_to_config_buffer] WriteDataCcwAction: Writing Config Data. Total Size: 247168 bytes. Stream Index: 0
[2026-01-20 13:40:58.654] [322018] [HailoRT] [info] [config_buffer.cpp:171] [program_descriptors] ConfigBuffer::program_descriptors: Channel 0:0. Programming 483 descriptors. Offset: 247168
[2026-01-20 13:40:58.654] [322018] [HailoRT] [info] [context_switch_actions.cpp:251] [write_to_config_buffer] WriteDataCcwAction: Writing Config Data. Total Size: 21448 bytes. Stream Index: 0
[2026-01-20 13:40:58.654] [322018] [HailoRT] [info] [config_buffer.cpp:171] [program_descriptors] ConfigBuffer::program_descriptors: Channel 0:0. Programming 42 descriptors. Offset: 21448
[2026-01-20 13:40:58.654] [322018] [HailoRT] [info] [context_switch_actions.cpp:251] [write_to_config_buffer] WriteDataCcwAction: Writing Config Data. Total Size: 21512 bytes. Stream Index: 0
[2026-01-20 13:40:58.654] [322018] [HailoRT] [info] [config_buffer.cpp:171] [program_descriptors] ConfigBuffer::program_descriptors: Channel 0:0. Programming 43 descriptors. Offset: 21512
[2026-01-20 13:40:58.654] [322018] [HailoRT] [info] [context_switch_actions.cpp:251] [write_to_config_buffer] WriteDataCcwAction: Writing Config Data. Total Size: 16 bytes. Stream Index: 0
[2026-01-20 13:40:58.654] [322018] [HailoRT] [info] [config_buffer.cpp:171] [program_descriptors] ConfigBuffer::program_descriptors: Channel 0:0. Programming 1 descriptors. Offset: 16
[2026-01-20 13:40:58.654] [322018] [HailoRT] [info] [context_switch_actions.cpp:251] [write_to_config_buffer] WriteDataCcwAction: Writing Config Data. Total Size: 485400 bytes. Stream Index: 1
[2026-01-20 13:40:58.655] [322018] [HailoRT] [info] [config_buffer.cpp:171] [program_descriptors] ConfigBuffer::program_descriptors: Channel 0:1. Programming 949 descriptors. Offset: 485400
[2026-01-20 13:40:58.655] [322018] [HailoRT] [info] [context_switch_actions.cpp:251] [write_to_config_buffer] WriteDataCcwAction: Writing Config Data. Total Size: 132760 bytes. Stream Index: 0
[2026-01-20 13:40:58.655] [322018] [HailoRT] [info] [config_buffer.cpp:171] [program_descriptors] ConfigBuffer::program_descriptors: Channel 0:0. Programming 260 descriptors. Offset: 132760
[2026-01-20 13:40:58.655] [322018] [HailoRT] [info] [context_switch_actions.cpp:251] [write_to_config_buffer] WriteDataCcwAction: Writing Config Data. Total Size: 16 bytes. Stream Index: 0
[2026-01-20 13:40:58.655] [322018] [HailoRT] [info] [config_buffer.cpp:171] [program_descriptors] ConfigBuffer::program_descriptors: Channel 0:0. Programming 1 descriptors. Offset: 16
[2026-01-20 13:40:58.655] [322018] [HailoRT] [info] [context_switch_actions.cpp:251] [write_to_config_buffer] WriteDataCcwAction: Writing Config Data. Total Size: 23640 bytes. Stream Index: 0
[2026-01-20 13:40:58.655] [322018] [HailoRT] [info] [config_buffer.cpp:171] [program_descriptors] ConfigBuffer::program_descriptors: Channel 0:0. Programming 47 descriptors. Offset: 23640
[2026-01-20 13:40:58.655] [322018] [HailoRT] [info] [context_switch_actions.cpp:251] [write_to_config_buffer] WriteDataCcwAction: Writing Config Data. Total Size: 32944 bytes. Stream Index: 0
[2026-01-20 13:40:58.655] [322018] [HailoRT] [info] [config_buffer.cpp:171] [program_descriptors] ConfigBuffer::program_descriptors: Channel 0:0. Programming 65 descriptors. Offset: 32944
[2026-01-20 13:40:58.655] [322018] [HailoRT] [info] [context_switch_actions.cpp:251] [write_to_config_buffer] WriteDataCcwAction: Writing Config Data. Total Size: 3088 bytes. Stream Index: 0
[2026-01-20 13:40:58.655] [322018] [HailoRT] [info] [config_buffer.cpp:171] [program_descriptors] ConfigBuffer::program_descriptors: Channel 0:0. Programming 7 descriptors. Offset: 3088
[2026-01-20 13:40:58.655] [322018] [HailoRT] [info] [context_switch_actions.cpp:251] [write_to_config_buffer] WriteDataCcwAction: Writing Config Data. Total Size: 5480 bytes. Stream Index: 1
[2026-01-20 13:40:58.655] [322018] [HailoRT] [info] [config_buffer.cpp:171] [program_descriptors] ConfigBuffer::program_descriptors: Channel 0:1. Programming 11 descriptors. Offset: 5480
[2026-01-20 13:40:58.655] [322018] [HailoRT] [info] [context_switch_actions.cpp:251] [write_to_config_buffer] WriteDataCcwAction: Writing Config Data. Total Size: 32776 bytes. Stream Index: 0
[2026-01-20 13:40:58.655] [322018] [HailoRT] [info] [config_buffer.cpp:171] [program_descriptors] ConfigBuffer::program_descriptors: Channel 0:0. Programming 65 descriptors. Offset: 32776
[2026-01-20 13:40:58.655] [322018] [HailoRT] [info] [context_switch_actions.cpp:251] [write_to_config_buffer] WriteDataCcwAction: Writing Config Data. Total Size: 27160 bytes. Stream Index: 1
[2026-01-20 13:40:58.655] [322018] [HailoRT] [info] [config_buffer.cpp:171] [program_descriptors] ConfigBuffer::program_descriptors: Channel 0:1. Programming 54 descriptors. Offset: 27160
[2026-01-20 13:40:58.655] [322018] [HailoRT] [info] [context_switch_actions.cpp:251] [write_to_config_buffer] WriteDataCcwAction: Writing Config Data. Total Size: 26992 bytes. Stream Index: 0
[2026-01-20 13:40:58.655] [322018] [HailoRT] [info] [config_buffer.cpp:171] [program_descriptors] ConfigBuffer::program_descriptors: Channel 0:0. Programming 53 descriptors. Offset: 26992
[2026-01-20 13:40:58.655] [322018] [HailoRT] [info] [context_switch_actions.cpp:251] [write_to_config_buffer] WriteDataCcwAction: Writing Config Data. Total Size: 48504 bytes. Stream Index: 0
[2026-01-20 13:40:58.655] [322018] [HailoRT] [info] [config_buffer.cpp:171] [program_descriptors] ConfigBuffer::program_descriptors: Channel 0:0. Programming 95 descriptors. Offset: 48504
[2026-01-20 13:40:58.656] [322018] [HailoRT] [info] [context_switch_actions.cpp:251] [write_to_config_buffer] WriteDataCcwAction: Writing Config Data. Total Size: 21544 bytes. Stream Index: 0
[2026-01-20 13:40:58.656] [322018] [HailoRT] [info] [config_buffer.cpp:171] [program_descriptors] ConfigBuffer::program_descriptors: Channel 0:0. Programming 43 descriptors. Offset: 21544
[2026-01-20 13:40:58.656] [322018] [HailoRT] [info] [context_switch_actions.cpp:251] [write_to_config_buffer] WriteDataCcwAction: Writing Config Data. Total Size: 3080 bytes. Stream Index: 0
[2026-01-20 13:40:58.656] [322018] [HailoRT] [info] [config_buffer.cpp:171] [program_descriptors] ConfigBuffer::program_descriptors: Channel 0:0. Programming 7 descriptors. Offset: 3080
[2026-01-20 13:40:58.656] [322018] [HailoRT] [info] [context_switch_actions.cpp:251] [write_to_config_buffer] WriteDataCcwAction: Writing Config Data. Total Size: 315992 bytes. Stream Index: 0
[2026-01-20 13:40:58.656] [322018] [HailoRT] [info] [config_buffer.cpp:171] [program_descriptors] ConfigBuffer::program_descriptors: Channel 0:0. Programming 618 descriptors. Offset: 315992
[2026-01-20 13:40:58.656] [322018] [HailoRT] [info] [context_switch_actions.cpp:251] [write_to_config_buffer] WriteDataCcwAction: Writing Config Data. Total Size: 172504 bytes. Stream Index: 0
[2026-01-20 13:40:58.656] [322018] [HailoRT] [info] [config_buffer.cpp:171] [program_descriptors] ConfigBuffer::program_descriptors: Channel 0:0. Programming 337 descriptors. Offset: 172504
[2026-01-20 13:40:58.656] [322018] [HailoRT] [info] [context_switch_actions.cpp:251] [write_to_config_buffer] WriteDataCcwAction: Writing Config Data. Total Size: 97560 bytes. Stream Index: 0
[2026-01-20 13:40:58.656] [322018] [HailoRT] [info] [config_buffer.cpp:171] [program_descriptors] ConfigBuffer::program_descriptors: Channel 0:0. Programming 191 descriptors. Offset: 97560
[2026-01-20 13:40:58.656] [322018] [HailoRT] [info] [context_switch_actions.cpp:251] [write_to_config_buffer] WriteDataCcwAction: Writing Config Data. Total Size: 216376 bytes. Stream Index: 0
[2026-01-20 13:40:58.657] [322018] [HailoRT] [info] [config_buffer.cpp:171] [program_descriptors] ConfigBuffer::program_descriptors: Channel 0:0. Programming 423 descriptors. Offset: 216376
[2026-01-20 13:40:58.657] [322018] [HailoRT] [info] [context_switch_actions.cpp:251] [write_to_config_buffer] WriteDataCcwAction: Writing Config Data. Total Size: 21552 bytes. Stream Index: 0
[2026-01-20 13:40:58.657] [322018] [HailoRT] [info] [config_buffer.cpp:171] [program_descriptors] ConfigBuffer::program_descriptors: Channel 0:0. Programming 43 descriptors. Offset: 21552
[2026-01-20 13:40:58.657] [322018] [HailoRT] [info] [context_switch_actions.cpp:251] [write_to_config_buffer] WriteDataCcwAction: Writing Config Data. Total Size: 51760 bytes. Stream Index: 0
[2026-01-20 13:40:58.657] [322018] [HailoRT] [info] [config_buffer.cpp:171] [program_descriptors] ConfigBuffer::program_descriptors: Channel 0:0. Programming 102 descriptors. Offset: 51760
[2026-01-20 13:40:58.657] [322018] [HailoRT] [info] [context_switch_actions.cpp:251] [write_to_config_buffer] WriteDataCcwAction: Writing Config Data. Total Size: 136696 bytes. Stream Index: 1
[2026-01-20 13:40:58.657] [322018] [HailoRT] [info] [config_buffer.cpp:171] [program_descriptors] ConfigBuffer::program_descriptors: Channel 0:1. Programming 267 descriptors. Offset: 136696
[2026-01-20 13:40:58.657] [322018] [HailoRT] [info] [context_switch_actions.cpp:251] [write_to_config_buffer] WriteDataCcwAction: Writing Config Data. Total Size: 82928 bytes. Stream Index: 1
[2026-01-20 13:40:58.657] [322018] [HailoRT] [info] [config_buffer.cpp:171] [program_descriptors] ConfigBuffer::program_descriptors: Channel 0:1. Programming 162 descriptors. Offset: 82928
[2026-01-20 13:40:58.657] [322018] [HailoRT] [info] [context_switch_actions.cpp:251] [write_to_config_buffer] WriteDataCcwAction: Writing Config Data. Total Size: 320936 bytes. Stream Index: 1
[2026-01-20 13:40:58.658] [322018] [HailoRT] [info] [config_buffer.cpp:171] [program_descriptors] ConfigBuffer::program_descriptors: Channel 0:1. Programming 627 descriptors. Offset: 320936
[2026-01-20 13:40:58.658] [322018] [HailoRT] [info] [context_switch_actions.cpp:251] [write_to_config_buffer] WriteDataCcwAction: Writing Config Data. Total Size: 3080 bytes. Stream Index: 1
[2026-01-20 13:40:58.658] [322018] [HailoRT] [info] [config_buffer.cpp:171] [program_descriptors] ConfigBuffer::program_descriptors: Channel 0:1. Programming 7 descriptors. Offset: 3080
[2026-01-20 13:40:58.658] [322018] [HailoRT] [info] [context_switch_actions.cpp:251] [write_to_config_buffer] WriteDataCcwAction: Writing Config Data. Total Size: 19552 bytes. Stream Index: 1
[2026-01-20 13:40:58.658] [322018] [HailoRT] [info] [config_buffer.cpp:171] [program_descriptors] ConfigBuffer::program_descriptors: Channel 0:1. Programming 39 descriptors. Offset: 19552
[2026-01-20 13:40:58.658] [322018] [HailoRT] [info] [context_switch_actions.cpp:251] [write_to_config_buffer] WriteDataCcwAction: Writing Config Data. Total Size: 19320 bytes. Stream Index: 1
[2026-01-20 13:40:58.658] [322018] [HailoRT] [info] [config_buffer.cpp:171] [program_descriptors] ConfigBuffer::program_descriptors: Channel 0:1. Programming 38 descriptors. Offset: 19320
[2026-01-20 13:40:58.658] [322018] [HailoRT] [info] [context_switch_actions.cpp:251] [write_to_config_buffer] WriteDataCcwAction: Writing Config Data. Total Size: 32776 bytes. Stream Index: 0
[2026-01-20 13:40:58.658] [322018] [HailoRT] [info] [config_buffer.cpp:171] [program_descriptors] ConfigBuffer::program_descriptors: Channel 0:0. Programming 65 descriptors. Offset: 32776
[2026-01-20 13:40:58.658] [322018] [HailoRT] [info] [context_switch_actions.cpp:251] [write_to_config_buffer] WriteDataCcwAction: Writing Config Data. Total Size: 30424 bytes. Stream Index: 1
[2026-01-20 13:40:58.658] [322018] [HailoRT] [info] [config_buffer.cpp:171] [program_descriptors] ConfigBuffer::program_descriptors: Channel 0:1. Programming 60 descriptors. Offset: 30424
[2026-01-20 13:40:58.658] [322018] [HailoRT] [info] [context_switch_actions.cpp:251] [write_to_config_buffer] WriteDataCcwAction: Writing Config Data. Total Size: 19600 bytes. Stream Index: 1
[2026-01-20 13:40:58.658] [322018] [HailoRT] [info] [config_buffer.cpp:171] [program_descriptors] ConfigBuffer::program_descriptors: Channel 0:1. Programming 39 descriptors. Offset: 19600
[2026-01-20 13:40:58.658] [322018] [HailoRT] [info] [context_switch_actions.cpp:251] [write_to_config_buffer] WriteDataCcwAction: Writing Config Data. Total Size: 59776 bytes. Stream Index: 1
[2026-01-20 13:40:58.658] [322018] [HailoRT] [info] [config_buffer.cpp:171] [program_descriptors] ConfigBuffer::program_descriptors: Channel 0:1. Programming 117 descriptors. Offset: 59776
[2026-01-20 13:40:58.658] [322018] [HailoRT] [info] [context_switch_actions.cpp:251] [write_to_config_buffer] WriteDataCcwAction: Writing Config Data. Total Size: 36960 bytes. Stream Index: 1
[2026-01-20 13:40:58.658] [322018] [HailoRT] [info] [config_buffer.cpp:171] [program_descriptors] ConfigBuffer::program_descriptors: Channel 0:1. Programming 73 descriptors. Offset: 36960
[2026-01-20 13:40:58.658] [322018] [HailoRT] [info] [context_switch_actions.cpp:251] [write_to_config_buffer] WriteDataCcwAction: Writing Config Data. Total Size: 7056 bytes. Stream Index: 1
[2026-01-20 13:40:58.659] [322018] [HailoRT] [info] [config_buffer.cpp:171] [program_descriptors] ConfigBuffer::program_descriptors: Channel 0:1. Programming 14 descriptors. Offset: 7056
[2026-01-20 13:40:58.659] [322018] [HailoRT] [info] [context_switch_actions.cpp:251] [write_to_config_buffer] WriteDataCcwAction: Writing Config Data. Total Size: 7408 bytes. Stream Index: 1
[2026-01-20 13:40:58.659] [322018] [HailoRT] [info] [config_buffer.cpp:171] [program_descriptors] ConfigBuffer::program_descriptors: Channel 0:1. Programming 15 descriptors. Offset: 7408
[2026-01-20 13:40:58.659] [322018] [HailoRT] [info] [context_switch_actions.cpp:251] [write_to_config_buffer] WriteDataCcwAction: Writing Config Data. Total Size: 89552 bytes. Stream Index: 1
[2026-01-20 13:40:58.659] [322018] [HailoRT] [info] [config_buffer.cpp:171] [program_descriptors] ConfigBuffer::program_descriptors: Channel 0:1. Programming 175 descriptors. Offset: 89552
[2026-01-20 13:40:58.659] [322018] [HailoRT] [info] [context_switch_actions.cpp:251] [write_to_config_buffer] WriteDataCcwAction: Writing Config Data. Total Size: 95736 bytes. Stream Index: 1
[2026-01-20 13:40:58.659] [322018] [HailoRT] [info] [config_buffer.cpp:171] [program_descriptors] ConfigBuffer::program_descriptors: Channel 0:1. Programming 187 descriptors. Offset: 95736
[2026-01-20 13:40:58.659] [322018] [HailoRT] [info] [context_switch_actions.cpp:251] [write_to_config_buffer] WriteDataCcwAction: Writing Config Data. Total Size: 29016 bytes. Stream Index: 1
[2026-01-20 13:40:58.659] [322018] [HailoRT] [info] [config_buffer.cpp:171] [program_descriptors] ConfigBuffer::program_descriptors: Channel 0:1. Programming 57 descriptors. Offset: 29016
[2026-01-20 13:40:58.659] [322018] [HailoRT] [info] [context_switch_actions.cpp:251] [write_to_config_buffer] WriteDataCcwAction: Writing Config Data. Total Size: 66472 bytes. Stream Index: 1
[2026-01-20 13:40:58.659] [322018] [HailoRT] [info] [config_buffer.cpp:171] [program_descriptors] ConfigBuffer::program_descriptors: Channel 0:1. Programming 130 descriptors. Offset: 66472
[2026-01-20 13:40:58.659] [322018] [HailoRT] [info] [context_switch_actions.cpp:251] [write_to_config_buffer] WriteDataCcwAction: Writing Config Data. Total Size: 42288 bytes. Stream Index: 1
[2026-01-20 13:40:58.659] [322018] [HailoRT] [info] [config_buffer.cpp:171] [program_descriptors] ConfigBuffer::program_descriptors: Channel 0:1. Programming 83 descriptors. Offset: 42288
[2026-01-20 13:40:58.659] [322018] [HailoRT] [info] [context_switch_actions.cpp:251] [write_to_config_buffer] WriteDataCcwAction: Writing Config Data. Total Size: 48552 bytes. Stream Index: 0
[2026-01-20 13:40:58.659] [322018] [HailoRT] [info] [config_buffer.cpp:171] [program_descriptors] ConfigBuffer::program_descriptors: Channel 0:0. Programming 95 descriptors. Offset: 48552
[2026-01-20 13:40:58.659] [322018] [HailoRT] [info] [context_switch_actions.cpp:251] [write_to_config_buffer] WriteDataCcwAction: Writing Config Data. Total Size: 64936 bytes. Stream Index: 0
[2026-01-20 13:40:58.660] [322018] [HailoRT] [info] [config_buffer.cpp:171] [program_descriptors] ConfigBuffer::program_descriptors: Channel 0:0. Programming 127 descriptors. Offset: 64936
[2026-01-20 13:40:58.660] [322018] [HailoRT] [info] [context_switch_actions.cpp:251] [write_to_config_buffer] WriteDataCcwAction: Writing Config Data. Total Size: 21504 bytes. Stream Index: 1
[2026-01-20 13:40:58.660] [322018] [HailoRT] [info] [config_buffer.cpp:171] [program_descriptors] ConfigBuffer::program_descriptors: Channel 0:1. Programming 42 descriptors. Offset: 21504
[2026-01-20 13:40:58.660] [322018] [HailoRT] [info] [context_switch_actions.cpp:251] [write_to_config_buffer] WriteDataCcwAction: Writing Config Data. Total Size: 19320 bytes. Stream Index: 1
[2026-01-20 13:40:58.660] [322018] [HailoRT] [info] [config_buffer.cpp:171] [program_descriptors] ConfigBuffer::program_descriptors: Channel 0:1. Programming 38 descriptors. Offset: 19320
[2026-01-20 13:40:58.660] [322018] [HailoRT] [info] [context_switch_actions.cpp:251] [write_to_config_buffer] WriteDataCcwAction: Writing Config Data. Total Size: 360112 bytes. Stream Index: 1
[2026-01-20 13:40:58.660] [322018] [HailoRT] [info] [config_buffer.cpp:171] [program_descriptors] ConfigBuffer::program_descriptors: Channel 0:1. Programming 704 descriptors. Offset: 360112
[2026-01-20 13:40:58.660] [322018] [HailoRT] [info] [context_switch_actions.cpp:251] [write_to_config_buffer] WriteDataCcwAction: Writing Config Data. Total Size: 210344 bytes. Stream Index: 1
[2026-01-20 13:40:58.660] [322018] [HailoRT] [info] [config_buffer.cpp:171] [program_descriptors] ConfigBuffer::program_descriptors: Channel 0:1. Programming 411 descriptors. Offset: 210344
[2026-01-20 13:40:58.660] [322018] [HailoRT] [info] [context_switch_actions.cpp:251] [write_to_config_buffer] WriteDataCcwAction: Writing Config Data. Total Size: 19472 bytes. Stream Index: 1
[2026-01-20 13:40:58.661] [322018] [HailoRT] [info] [config_buffer.cpp:171] [program_descriptors] ConfigBuffer::program_descriptors: Channel 0:1. Programming 39 descriptors. Offset: 19472
[2026-01-20 13:40:58.661] [322018] [HailoRT] [info] [context_switch_actions.cpp:251] [write_to_config_buffer] WriteDataCcwAction: Writing Config Data. Total Size: 242192 bytes. Stream Index: 1
[2026-01-20 13:40:58.661] [322018] [HailoRT] [info] [config_buffer.cpp:171] [program_descriptors] ConfigBuffer::program_descriptors: Channel 0:1. Programming 474 descriptors. Offset: 242192
[2026-01-20 13:40:58.661] [322018] [HailoRT] [info] [context_switch_actions.cpp:251] [write_to_config_buffer] WriteDataCcwAction: Writing Config Data. Total Size: 131440 bytes. Stream Index: 0
[2026-01-20 13:40:58.661] [322018] [HailoRT] [info] [config_buffer.cpp:171] [program_descriptors] ConfigBuffer::program_descriptors: Channel 0:0. Programming 257 descriptors. Offset: 131440
[2026-01-20 13:40:58.661] [322018] [HailoRT] [info] [context_switch_actions.cpp:251] [write_to_config_buffer] WriteDataCcwAction: Writing Config Data. Total Size: 29272 bytes. Stream Index: 0
[2026-01-20 13:40:58.661] [322018] [HailoRT] [info] [config_buffer.cpp:171] [program_descriptors] ConfigBuffer::program_descriptors: Channel 0:0. Programming 58 descriptors. Offset: 29272
[2026-01-20 13:40:58.661] [322018] [HailoRT] [info] [context_switch_actions.cpp:251] [write_to_config_buffer] WriteDataCcwAction: Writing Config Data. Total Size: 260384 bytes. Stream Index: 1
[2026-01-20 13:40:58.662] [322018] [HailoRT] [info] [config_buffer.cpp:171] [program_descriptors] ConfigBuffer::program_descriptors: Channel 0:1. Programming 509 descriptors. Offset: 260384
[2026-01-20 13:40:58.670] [322018] [HailoRT] [info] [hailort_driver.cpp:476] [fw_control] Sending FW Control: opcode=0x00000048 (HAILO_CONTROL_OPCODE_GET_HW_CONSTS), len=20, cpu_id=1
[2026-01-20 13:40:58.671] [322018] [HailoRT] [info] [context_switch_actions.cpp:251] [write_to_config_buffer] WriteDataCcwAction: Writing Config Data. Total Size: 1099088 bytes. Stream Index: 1
[2026-01-20 13:40:58.672] [322018] [HailoRT] [info] [config_buffer.cpp:171] [program_descriptors] ConfigBuffer::program_descriptors: Channel 0:1. Programming 2147 descriptors. Offset: 1099088
[2026-01-20 13:40:58.672] [322018] [HailoRT] [info] [context_switch_actions.cpp:251] [write_to_config_buffer] WriteDataCcwAction: Writing Config Data. Total Size: 1254952 bytes. Stream Index: 0
[2026-01-20 13:40:58.674] [322018] [HailoRT] [info] [config_buffer.cpp:171] [program_descriptors] ConfigBuffer::program_descriptors: Channel 0:0. Programming 2452 descriptors. Offset: 1254952
[2026-01-20 13:40:58.674] [322018] [HailoRT] [info] [context_switch_actions.cpp:251] [write_to_config_buffer] WriteDataCcwAction: Writing Config Data. Total Size: 116888 bytes. Stream Index: 1
[2026-01-20 13:40:58.674] [322018] [HailoRT] [info] [config_buffer.cpp:171] [program_descriptors] ConfigBuffer::program_descriptors: Channel 0:1. Programming 229 descriptors. Offset: 116888
[2026-01-20 13:40:58.674] [322018] [HailoRT] [info] [context_switch_actions.cpp:251] [write_to_config_buffer] WriteDataCcwAction: Writing Config Data. Total Size: 35528 bytes. Stream Index: 0
[2026-01-20 13:40:58.674] [322018] [HailoRT] [info] [config_buffer.cpp:171] [program_descriptors] ConfigBuffer::program_descriptors: Channel 0:0. Programming 70 descriptors. Offset: 35528
[2026-01-20 13:40:58.674] [322018] [HailoRT] [info] [context_switch_actions.cpp:251] [write_to_config_buffer] WriteDataCcwAction: Writing Config Data. Total Size: 44704 bytes. Stream Index: 1
[2026-01-20 13:40:58.674] [322018] [HailoRT] [info] [config_buffer.cpp:171] [program_descriptors] ConfigBuffer::program_descriptors: Channel 0:1. Programming 88 descriptors. Offset: 44704
[2026-01-20 13:40:58.674] [322018] [HailoRT] [info] [context_switch_actions.cpp:251] [write_to_config_buffer] WriteDataCcwAction: Writing Config Data. Total Size: 193288 bytes. Stream Index: 1
[2026-01-20 13:40:58.675] [322018] [HailoRT] [info] [config_buffer.cpp:171] [program_descriptors] ConfigBuffer::program_descriptors: Channel 0:1. Programming 378 descriptors. Offset: 193288
[2026-01-20 13:40:58.675] [322018] [HailoRT] [info] [context_switch_actions.cpp:251] [write_to_config_buffer] WriteDataCcwAction: Writing Config Data. Total Size: 263120 bytes. Stream Index: 1
[2026-01-20 13:40:58.675] [322018] [HailoRT] [info] [config_buffer.cpp:171] [program_descriptors] ConfigBuffer::program_descriptors: Channel 0:1. Programming 514 descriptors. Offset: 263120
[2026-01-20 13:40:58.675] [322018] [HailoRT] [info] [context_switch_actions.cpp:251] [write_to_config_buffer] WriteDataCcwAction: Writing Config Data. Total Size: 73208 bytes. Stream Index: 1
[2026-01-20 13:40:58.675] [322018] [HailoRT] [info] [config_buffer.cpp:171] [program_descriptors] ConfigBuffer::program_descriptors: Channel 0:1. Programming 143 descriptors. Offset: 73208
[2026-01-20 13:40:58.675] [322018] [HailoRT] [info] [context_switch_actions.cpp:251] [write_to_config_buffer] WriteDataCcwAction: Writing Config Data. Total Size: 25120 bytes. Stream Index: 1
[2026-01-20 13:40:58.675] [322018] [HailoRT] [info] [config_buffer.cpp:171] [program_descriptors] ConfigBuffer::program_descriptors: Channel 0:1. Programming 50 descriptors. Offset: 25120
[2026-01-20 13:40:58.675] [322018] [HailoRT] [info] [context_switch_actions.cpp:251] [write_to_config_buffer] WriteDataCcwAction: Writing Config Data. Total Size: 12240 bytes. Stream Index: 1
[2026-01-20 13:40:58.675] [322018] [HailoRT] [info] [config_buffer.cpp:171] [program_descriptors] ConfigBuffer::program_descriptors: Channel 0:1. Programming 24 descriptors. Offset: 12240
[2026-01-20 13:40:58.675] [322018] [HailoRT] [info] [context_switch_actions.cpp:251] [write_to_config_buffer] WriteDataCcwAction: Writing Config Data. Total Size: 24344 bytes. Stream Index: 1
[2026-01-20 13:40:58.675] [322018] [HailoRT] [info] [config_buffer.cpp:171] [program_descriptors] ConfigBuffer::program_descriptors: Channel 0:1. Programming 48 descriptors. Offset: 24344
[2026-01-20 13:40:58.675] [322018] [HailoRT] [info] [context_switch_actions.cpp:251] [write_to_config_buffer] WriteDataCcwAction: Writing Config Data. Total Size: 7376 bytes. Stream Index: 1
[2026-01-20 13:40:58.675] [322018] [HailoRT] [info] [config_buffer.cpp:171] [program_descriptors] ConfigBuffer::program_descriptors: Channel 0:1. Programming 15 descriptors. Offset: 7376
[2026-01-20 13:40:58.675] [322018] [HailoRT] [info] [context_switch_actions.cpp:251] [write_to_config_buffer] WriteDataCcwAction: Writing Config Data. Total Size: 45728 bytes. Stream Index: 1
[2026-01-20 13:40:58.676] [322018] [HailoRT] [info] [config_buffer.cpp:171] [program_descriptors] ConfigBuffer::program_descriptors: Channel 0:1. Programming 90 descriptors. Offset: 45728
[2026-01-20 13:40:58.676] [322018] [HailoRT] [info] [context_switch_actions.cpp:251] [write_to_config_buffer] WriteDataCcwAction: Writing Config Data. Total Size: 37144 bytes. Stream Index: 1
[2026-01-20 13:40:58.676] [322018] [HailoRT] [info] [config_buffer.cpp:171] [program_descriptors] ConfigBuffer::program_descriptors: Channel 0:1. Programming 73 descriptors. Offset: 37144
[2026-01-20 13:40:58.676] [322018] [HailoRT] [info] [context_switch_actions.cpp:251] [write_to_config_buffer] WriteDataCcwAction: Writing Config Data. Total Size: 68680 bytes. Stream Index: 1
[2026-01-20 13:40:58.676] [322018] [HailoRT] [info] [config_buffer.cpp:171] [program_descriptors] ConfigBuffer::program_descriptors: Channel 0:1. Programming 135 descriptors. Offset: 68680
[2026-01-20 13:40:58.676] [322018] [HailoRT] [info] [context_switch_actions.cpp:251] [write_to_config_buffer] WriteDataCcwAction: Writing Config Data. Total Size: 68064 bytes. Stream Index: 1
[2026-01-20 13:40:58.676] [322018] [HailoRT] [info] [config_buffer.cpp:171] [program_descriptors] ConfigBuffer::program_descriptors: Channel 0:1. Programming 133 descriptors. Offset: 68064
[2026-01-20 13:40:58.676] [322018] [HailoRT] [info] [context_switch_actions.cpp:251] [write_to_config_buffer] WriteDataCcwAction: Writing Config Data. Total Size: 29784 bytes. Stream Index: 1
[2026-01-20 13:40:58.676] [322018] [HailoRT] [info] [config_buffer.cpp:171] [program_descriptors] ConfigBuffer::program_descriptors: Channel 0:1. Programming 59 descriptors. Offset: 29784
[2026-01-20 13:40:58.676] [322018] [HailoRT] [info] [context_switch_actions.cpp:251] [write_to_config_buffer] WriteDataCcwAction: Writing Config Data. Total Size: 30608 bytes. Stream Index: 1
[2026-01-20 13:40:58.676] [322018] [HailoRT] [info] [config_buffer.cpp:171] [program_descriptors] ConfigBuffer::program_descriptors: Channel 0:1. Programming 60 descriptors. Offset: 30608
[2026-01-20 13:40:58.676] [322018] [HailoRT] [info] [context_switch_actions.cpp:251] [write_to_config_buffer] WriteDataCcwAction: Writing Config Data. Total Size: 478760 bytes. Stream Index: 1
[2026-01-20 13:40:58.677] [322018] [HailoRT] [info] [config_buffer.cpp:171] [program_descriptors] ConfigBuffer::program_descriptors: Channel 0:1. Programming 936 descriptors. Offset: 478760
[2026-01-20 13:40:58.677] [322018] [HailoRT] [info] [context_switch_actions.cpp:251] [write_to_config_buffer] WriteDataCcwAction: Writing Config Data. Total Size: 502696 bytes. Stream Index: 1
[2026-01-20 13:40:58.677] [322018] [HailoRT] [info] [config_buffer.cpp:171] [program_descriptors] ConfigBuffer::program_descriptors: Channel 0:1. Programming 982 descriptors. Offset: 502696
[2026-01-20 13:40:58.677] [322018] [HailoRT] [info] [context_switch_actions.cpp:251] [write_to_config_buffer] WriteDataCcwAction: Writing Config Data. Total Size: 34664 bytes. Stream Index: 1
[2026-01-20 13:40:58.677] [322018] [HailoRT] [info] [config_buffer.cpp:171] [program_descriptors] ConfigBuffer::program_descriptors: Channel 0:1. Programming 68 descriptors. Offset: 34664
[2026-01-20 13:40:58.677] [322018] [HailoRT] [info] [context_switch_actions.cpp:251] [write_to_config_buffer] WriteDataCcwAction: Writing Config Data. Total Size: 75344 bytes. Stream Index: 1
[2026-01-20 13:40:58.678] [322018] [HailoRT] [info] [config_buffer.cpp:171] [program_descriptors] ConfigBuffer::program_descriptors: Channel 0:1. Programming 148 descriptors. Offset: 75344
[2026-01-20 13:40:58.678] [322018] [HailoRT] [info] [context_switch_actions.cpp:251] [write_to_config_buffer] WriteDataCcwAction: Writing Config Data. Total Size: 276824 bytes. Stream Index: 1
[2026-01-20 13:40:58.678] [322018] [HailoRT] [info] [config_buffer.cpp:171] [program_descriptors] ConfigBuffer::program_descriptors: Channel 0:1. Programming 541 descriptors. Offset: 276824
[2026-01-20 13:40:58.678] [322018] [HailoRT] [info] [context_switch_actions.cpp:251] [write_to_config_buffer] WriteDataCcwAction: Writing Config Data. Total Size: 46392 bytes. Stream Index: 1
[2026-01-20 13:40:58.678] [322018] [HailoRT] [info] [config_buffer.cpp:171] [program_descriptors] ConfigBuffer::program_descriptors: Channel 0:1. Programming 91 descriptors. Offset: 46392
[2026-01-20 13:40:58.678] [322018] [HailoRT] [info] [context_switch_actions.cpp:251] [write_to_config_buffer] WriteDataCcwAction: Writing Config Data. Total Size: 1544 bytes. Stream Index: 1
[2026-01-20 13:40:58.678] [322018] [HailoRT] [info] [config_buffer.cpp:171] [program_descriptors] ConfigBuffer::program_descriptors: Channel 0:1. Programming 4 descriptors. Offset: 1544
[2026-01-20 13:40:58.678] [322018] [HailoRT] [info] [context_switch_actions.cpp:251] [write_to_config_buffer] WriteDataCcwAction: Writing Config Data. Total Size: 46304 bytes. Stream Index: 1
[2026-01-20 13:40:58.678] [322018] [HailoRT] [info] [config_buffer.cpp:171] [program_descriptors] ConfigBuffer::program_descriptors: Channel 0:1. Programming 91 descriptors. Offset: 46304
[2026-01-20 13:40:58.678] [322018] [HailoRT] [info] [context_switch_actions.cpp:251] [write_to_config_buffer] WriteDataCcwAction: Writing Config Data. Total Size: 16 bytes. Stream Index: 1
[2026-01-20 13:40:58.678] [322018] [HailoRT] [info] [config_buffer.cpp:171] [program_descriptors] ConfigBuffer::program_descriptors: Channel 0:1. Programming 1 descriptors. Offset: 16
[2026-01-20 13:40:58.678] [322018] [HailoRT] [info] [context_switch_actions.cpp:251] [write_to_config_buffer] WriteDataCcwAction: Writing Config Data. Total Size: 221440 bytes. Stream Index: 1
[2026-01-20 13:40:58.679] [322018] [HailoRT] [info] [config_buffer.cpp:171] [program_descriptors] ConfigBuffer::program_descriptors: Channel 0:1. Programming 433 descriptors. Offset: 221440
[2026-01-20 13:40:58.679] [322018] [HailoRT] [info] [context_switch_actions.cpp:251] [write_to_config_buffer] WriteDataCcwAction: Writing Config Data. Total Size: 20400 bytes. Stream Index: 1
[2026-01-20 13:40:58.679] [322018] [HailoRT] [info] [config_buffer.cpp:171] [program_descriptors] ConfigBuffer::program_descriptors: Channel 0:1. Programming 40 descriptors. Offset: 20400
[2026-01-20 13:40:58.679] [322018] [HailoRT] [info] [context_switch_actions.cpp:251] [write_to_config_buffer] WriteDataCcwAction: Writing Config Data. Total Size: 3096 bytes. Stream Index: 1
[2026-01-20 13:40:58.679] [322018] [HailoRT] [info] [config_buffer.cpp:171] [program_descriptors] ConfigBuffer::program_descriptors: Channel 0:1. Programming 7 descriptors. Offset: 3096
[2026-01-20 13:40:58.679] [322018] [HailoRT] [info] [context_switch_actions.cpp:251] [write_to_config_buffer] WriteDataCcwAction: Writing Config Data. Total Size: 281352 bytes. Stream Index: 1
[2026-01-20 13:40:58.679] [322018] [HailoRT] [info] [config_buffer.cpp:171] [program_descriptors] ConfigBuffer::program_descriptors: Channel 0:1. Programming 550 descriptors. Offset: 281352
[2026-01-20 13:40:58.679] [322018] [HailoRT] [info] [context_switch_actions.cpp:251] [write_to_config_buffer] WriteDataCcwAction: Writing Config Data. Total Size: 26808 bytes. Stream Index: 1
[2026-01-20 13:40:58.679] [322018] [HailoRT] [info] [config_buffer.cpp:171] [program_descriptors] ConfigBuffer::program_descriptors: Channel 0:1. Programming 53 descriptors. Offset: 26808
[2026-01-20 13:40:58.679] [322018] [HailoRT] [info] [context_switch_actions.cpp:251] [write_to_config_buffer] WriteDataCcwAction: Writing Config Data. Total Size: 105528 bytes. Stream Index: 1
[2026-01-20 13:40:58.680] [322018] [HailoRT] [info] [config_buffer.cpp:171] [program_descriptors] ConfigBuffer::program_descriptors: Channel 0:1. Programming 207 descriptors. Offset: 105528
[2026-01-20 13:40:58.680] [322018] [HailoRT] [info] [context_switch_actions.cpp:251] [write_to_config_buffer] WriteDataCcwAction: Writing Config Data. Total Size: 16 bytes. Stream Index: 1
[2026-01-20 13:40:58.680] [322018] [HailoRT] [info] [config_buffer.cpp:171] [program_descriptors] ConfigBuffer::program_descriptors: Channel 0:1. Programming 1 descriptors. Offset: 16
[2026-01-20 13:40:58.680] [322018] [HailoRT] [info] [context_switch_actions.cpp:251] [write_to_config_buffer] WriteDataCcwAction: Writing Config Data. Total Size: 20472 bytes. Stream Index: 1
[2026-01-20 13:40:58.680] [322018] [HailoRT] [info] [config_buffer.cpp:171] [program_descriptors] ConfigBuffer::program_descriptors: Channel 0:1. Programming 40 descriptors. Offset: 20472
[2026-01-20 13:40:58.680] [322018] [HailoRT] [info] [context_switch_actions.cpp:251] [write_to_config_buffer] WriteDataCcwAction: Writing Config Data. Total Size: 63256 bytes. Stream Index: 0
[2026-01-20 13:40:58.680] [322018] [HailoRT] [info] [config_buffer.cpp:171] [program_descriptors] ConfigBuffer::program_descriptors: Channel 0:0. Programming 124 descriptors. Offset: 63256
[2026-01-20 13:40:58.680] [322018] [HailoRT] [info] [context_switch_actions.cpp:251] [write_to_config_buffer] WriteDataCcwAction: Writing Config Data. Total Size: 32064 bytes. Stream Index: 0
[2026-01-20 13:40:58.680] [322018] [HailoRT] [info] [config_buffer.cpp:171] [program_descriptors] ConfigBuffer::program_descriptors: Channel 0:0. Programming 63 descriptors. Offset: 32064
[2026-01-20 13:40:58.680] [322018] [HailoRT] [info] [context_switch_actions.cpp:251] [write_to_config_buffer] WriteDataCcwAction: Writing Config Data. Total Size: 7840 bytes. Stream Index: 0
[2026-01-20 13:40:58.680] [322018] [HailoRT] [info] [config_buffer.cpp:171] [program_descriptors] ConfigBuffer::program_descriptors: Channel 0:0. Programming 16 descriptors. Offset: 7840
[2026-01-20 13:40:58.680] [322018] [HailoRT] [info] [context_switch_actions.cpp:251] [write_to_config_buffer] WriteDataCcwAction: Writing Config Data. Total Size: 31856 bytes. Stream Index: 0
[2026-01-20 13:40:58.681] [322018] [HailoRT] [info] [config_buffer.cpp:171] [program_descriptors] ConfigBuffer::program_descriptors: Channel 0:0. Programming 63 descriptors. Offset: 31856
[2026-01-20 13:40:58.681] [322018] [HailoRT] [info] [context_switch_actions.cpp:251] [write_to_config_buffer] WriteDataCcwAction: Writing Config Data. Total Size: 40256 bytes. Stream Index: 0
[2026-01-20 13:40:58.681] [322018] [HailoRT] [info] [config_buffer.cpp:171] [program_descriptors] ConfigBuffer::program_descriptors: Channel 0:0. Programming 79 descriptors. Offset: 40256
[2026-01-20 13:40:58.681] [322018] [HailoRT] [info] [context_switch_actions.cpp:251] [write_to_config_buffer] WriteDataCcwAction: Writing Config Data. Total Size: 63680 bytes. Stream Index: 0
[2026-01-20 13:40:58.681] [322018] [HailoRT] [info] [config_buffer.cpp:171] [program_descriptors] ConfigBuffer::program_descriptors: Channel 0:0. Programming 125 descriptors. Offset: 63680
[2026-01-20 13:40:58.681] [322018] [HailoRT] [info] [context_switch_actions.cpp:251] [write_to_config_buffer] WriteDataCcwAction: Writing Config Data. Total Size: 32240 bytes. Stream Index: 0
[2026-01-20 13:40:58.681] [322018] [HailoRT] [info] [config_buffer.cpp:171] [program_descriptors] ConfigBuffer::program_descriptors: Channel 0:0. Programming 63 descriptors. Offset: 32240
[2026-01-20 13:40:58.681] [322018] [HailoRT] [info] [context_switch_actions.cpp:251] [write_to_config_buffer] WriteDataCcwAction: Writing Config Data. Total Size: 32064 bytes. Stream Index: 0
[2026-01-20 13:40:58.681] [322018] [HailoRT] [info] [config_buffer.cpp:171] [program_descriptors] ConfigBuffer::program_descriptors: Channel 0:0. Programming 63 descriptors. Offset: 32064
[2026-01-20 13:40:58.681] [322018] [HailoRT] [info] [context_switch_actions.cpp:251] [write_to_config_buffer] WriteDataCcwAction: Writing Config Data. Total Size: 53080 bytes. Stream Index: 0
[2026-01-20 13:40:58.681] [322018] [HailoRT] [info] [config_buffer.cpp:171] [program_descriptors] ConfigBuffer::program_descriptors: Channel 0:0. Programming 104 descriptors. Offset: 53080
[2026-01-20 13:40:58.681] [322018] [HailoRT] [info] [context_switch_actions.cpp:251] [write_to_config_buffer] WriteDataCcwAction: Writing Config Data. Total Size: 32440 bytes. Stream Index: 0
[2026-01-20 13:40:58.681] [322018] [HailoRT] [info] [config_buffer.cpp:171] [program_descriptors] ConfigBuffer::program_descriptors: Channel 0:0. Programming 64 descriptors. Offset: 32440
[2026-01-20 13:40:58.681] [322018] [HailoRT] [info] [context_switch_actions.cpp:251] [write_to_config_buffer] WriteDataCcwAction: Writing Config Data. Total Size: 8200 bytes. Stream Index: 0
[2026-01-20 13:40:58.681] [322018] [HailoRT] [info] [config_buffer.cpp:171] [program_descriptors] ConfigBuffer::program_descriptors: Channel 0:0. Programming 17 descriptors. Offset: 8200
[2026-01-20 13:40:58.681] [322018] [HailoRT] [info] [context_switch_actions.cpp:251] [write_to_config_buffer] WriteDataCcwAction: Writing Config Data. Total Size: 28640 bytes. Stream Index: 0
[2026-01-20 13:40:58.681] [322018] [HailoRT] [info] [config_buffer.cpp:171] [program_descriptors] ConfigBuffer::program_descriptors: Channel 0:0. Programming 56 descriptors. Offset: 28640
[2026-01-20 13:40:58.681] [322018] [HailoRT] [info] [context_switch_actions.cpp:251] [write_to_config_buffer] WriteDataCcwAction: Writing Config Data. Total Size: 427416 bytes. Stream Index: 0
[2026-01-20 13:40:58.682] [322018] [HailoRT] [info] [config_buffer.cpp:171] [program_descriptors] ConfigBuffer::program_descriptors: Channel 0:0. Programming 835 descriptors. Offset: 427416
[2026-01-20 13:40:58.682] [322018] [HailoRT] [info] [context_switch_actions.cpp:251] [write_to_config_buffer] WriteDataCcwAction: Writing Config Data. Total Size: 493560 bytes. Stream Index: 0
[2026-01-20 13:40:58.682] [322018] [HailoRT] [info] [config_buffer.cpp:171] [program_descriptors] ConfigBuffer::program_descriptors: Channel 0:0. Programming 964 descriptors. Offset: 493560
[2026-01-20 13:40:58.682] [322018] [HailoRT] [info] [context_switch_actions.cpp:251] [write_to_config_buffer] WriteDataCcwAction: Writing Config Data. Total Size: 20464 bytes. Stream Index: 0
[2026-01-20 13:40:58.682] [322018] [HailoRT] [info] [config_buffer.cpp:171] [program_descriptors] ConfigBuffer::program_descriptors: Channel 0:0. Programming 40 descriptors. Offset: 20464
[2026-01-20 13:40:58.682] [322018] [HailoRT] [info] [context_switch_actions.cpp:251] [write_to_config_buffer] WriteDataCcwAction: Writing Config Data. Total Size: 8200 bytes. Stream Index: 0
[2026-01-20 13:40:58.682] [322018] [HailoRT] [info] [config_buffer.cpp:171] [program_descriptors] ConfigBuffer::program_descriptors: Channel 0:0. Programming 17 descriptors. Offset: 8200
[2026-01-20 13:40:58.683] [322018] [HailoRT] [info] [context_switch_actions.cpp:251] [write_to_config_buffer] WriteDataCcwAction: Writing Config Data. Total Size: 20600 bytes. Stream Index: 0
[2026-01-20 13:40:58.683] [322018] [HailoRT] [info] [config_buffer.cpp:171] [program_descriptors] ConfigBuffer::program_descriptors: Channel 0:0. Programming 41 descriptors. Offset: 20600
[2026-01-20 13:40:58.683] [322018] [HailoRT] [info] [context_switch_actions.cpp:251] [write_to_config_buffer] WriteDataCcwAction: Writing Config Data. Total Size: 288144 bytes. Stream Index: 0
[2026-01-20 13:40:58.683] [322018] [HailoRT] [info] [config_buffer.cpp:171] [program_descriptors] ConfigBuffer::program_descriptors: Channel 0:0. Programming 563 descriptors. Offset: 288144
[2026-01-20 13:40:58.683] [322018] [HailoRT] [info] [context_switch_actions.cpp:251] [write_to_config_buffer] WriteDataCcwAction: Writing Config Data. Total Size: 25648 bytes. Stream Index: 0
[2026-01-20 13:40:58.683] [322018] [HailoRT] [info] [config_buffer.cpp:171] [program_descriptors] ConfigBuffer::program_descriptors: Channel 0:0. Programming 51 descriptors. Offset: 25648
[2026-01-20 13:40:58.683] [322018] [HailoRT] [info] [context_switch_actions.cpp:251] [write_to_config_buffer] WriteDataCcwAction: Writing Config Data. Total Size: 71544 bytes. Stream Index: 0
[2026-01-20 13:40:58.683] [322018] [HailoRT] [info] [config_buffer.cpp:171] [program_descriptors] ConfigBuffer::program_descriptors: Channel 0:0. Programming 140 descriptors. Offset: 71544
[2026-01-20 13:40:58.683] [322018] [HailoRT] [info] [context_switch_actions.cpp:251] [write_to_config_buffer] WriteDataCcwAction: Writing Config Data. Total Size: 20496 bytes. Stream Index: 0
[2026-01-20 13:40:58.683] [322018] [HailoRT] [info] [config_buffer.cpp:171] [program_descriptors] ConfigBuffer::program_descriptors: Channel 0:0. Programming 41 descriptors. Offset: 20496
[2026-01-20 13:40:58.683] [322018] [HailoRT] [info] [context_switch_actions.cpp:251] [write_to_config_buffer] WriteDataCcwAction: Writing Config Data. Total Size: 46280 bytes. Stream Index: 0
[2026-01-20 13:40:58.683] [322018] [HailoRT] [info] [config_buffer.cpp:171] [program_descriptors] ConfigBuffer::program_descriptors: Channel 0:0. Programming 91 descriptors. Offset: 46280
[2026-01-20 13:40:58.683] [322018] [HailoRT] [info] [context_switch_actions.cpp:251] [write_to_config_buffer] WriteDataCcwAction: Writing Config Data. Total Size: 273720 bytes. Stream Index: 0
[2026-01-20 13:40:58.683] [322018] [HailoRT] [info] [config_buffer.cpp:171] [program_descriptors] ConfigBuffer::program_descriptors: Channel 0:0. Programming 535 descriptors. Offset: 273720
[2026-01-20 13:40:58.683] [322018] [HailoRT] [info] [context_switch_actions.cpp:251] [write_to_config_buffer] WriteDataCcwAction: Writing Config Data. Total Size: 270760 bytes. Stream Index: 0
[2026-01-20 13:40:58.684] [322018] [HailoRT] [info] [config_buffer.cpp:171] [program_descriptors] ConfigBuffer::program_descriptors: Channel 0:0. Programming 529 descriptors. Offset: 270760
[2026-01-20 13:40:58.684] [322018] [HailoRT] [info] [context_switch_actions.cpp:251] [write_to_config_buffer] WriteDataCcwAction: Writing Config Data. Total Size: 219096 bytes. Stream Index: 0
[2026-01-20 13:40:58.684] [322018] [HailoRT] [info] [config_buffer.cpp:171] [program_descriptors] ConfigBuffer::program_descriptors: Channel 0:0. Programming 428 descriptors. Offset: 219096
[2026-01-20 13:40:58.684] [322018] [HailoRT] [info] [context_switch_actions.cpp:251] [write_to_config_buffer] WriteDataCcwAction: Writing Config Data. Total Size: 31744 bytes. Stream Index: 0
[2026-01-20 13:40:58.684] [322018] [HailoRT] [info] [config_buffer.cpp:171] [program_descriptors] ConfigBuffer::program_descriptors: Channel 0:0. Programming 62 descriptors. Offset: 31744
[2026-01-20 13:40:58.684] [322018] [HailoRT] [info] [context_switch_actions.cpp:251] [write_to_config_buffer] WriteDataCcwAction: Writing Config Data. Total Size: 40048 bytes. Stream Index: 0
[2026-01-20 13:40:58.684] [322018] [HailoRT] [info] [config_buffer.cpp:171] [program_descriptors] ConfigBuffer::program_descriptors: Channel 0:0. Programming 79 descriptors. Offset: 40048
[2026-01-20 13:40:58.684] [322018] [HailoRT] [info] [context_switch_actions.cpp:251] [write_to_config_buffer] WriteDataCcwAction: Writing Config Data. Total Size: 56472 bytes. Stream Index: 0
[2026-01-20 13:40:58.685] [322018] [HailoRT] [info] [config_buffer.cpp:171] [program_descriptors] ConfigBuffer::program_descriptors: Channel 0:0. Programming 111 descriptors. Offset: 56472
[2026-01-20 13:40:58.685] [322018] [HailoRT] [info] [context_switch_actions.cpp:251] [write_to_config_buffer] WriteDataCcwAction: Writing Config Data. Total Size: 7296 bytes. Stream Index: 0
[2026-01-20 13:40:58.685] [322018] [HailoRT] [info] [config_buffer.cpp:171] [program_descriptors] ConfigBuffer::program_descriptors: Channel 0:0. Programming 15 descriptors. Offset: 7296
[2026-01-20 13:40:58.685] [322018] [HailoRT] [info] [context_switch_actions.cpp:251] [write_to_config_buffer] WriteDataCcwAction: Writing Config Data. Total Size: 28872 bytes. Stream Index: 1
[2026-01-20 13:40:58.685] [322018] [HailoRT] [info] [config_buffer.cpp:171] [program_descriptors] ConfigBuffer::program_descriptors: Channel 0:1. Programming 57 descriptors. Offset: 28872
[2026-01-20 13:40:58.685] [322018] [HailoRT] [info] [context_switch_actions.cpp:251] [write_to_config_buffer] WriteDataCcwAction: Writing Config Data. Total Size: 12296 bytes. Stream Index: 0
[2026-01-20 13:40:58.685] [322018] [HailoRT] [info] [config_buffer.cpp:171] [program_descriptors] ConfigBuffer::program_descriptors: Channel 0:0. Programming 25 descriptors. Offset: 12296
[2026-01-20 13:40:58.685] [322018] [HailoRT] [info] [context_switch_actions.cpp:251] [write_to_config_buffer] WriteDataCcwAction: Writing Config Data. Total Size: 11544 bytes. Stream Index: 0
[2026-01-20 13:40:58.685] [322018] [HailoRT] [info] [config_buffer.cpp:171] [program_descriptors] ConfigBuffer::program_descriptors: Channel 0:0. Programming 23 descriptors. Offset: 11544
[2026-01-20 13:40:58.685] [322018] [HailoRT] [info] [context_switch_actions.cpp:251] [write_to_config_buffer] WriteDataCcwAction: Writing Config Data. Total Size: 338760 bytes. Stream Index: 1
[2026-01-20 13:40:58.685] [322018] [HailoRT] [info] [config_buffer.cpp:171] [program_descriptors] ConfigBuffer::program_descriptors: Channel 0:1. Programming 662 descriptors. Offset: 338760
[2026-01-20 13:40:58.685] [322018] [HailoRT] [info] [context_switch_actions.cpp:251] [write_to_config_buffer] WriteDataCcwAction: Writing Config Data. Total Size: 244136 bytes. Stream Index: 1
[2026-01-20 13:40:58.686] [322018] [HailoRT] [info] [config_buffer.cpp:171] [program_descriptors] ConfigBuffer::program_descriptors: Channel 0:1. Programming 477 descriptors. Offset: 244136
[2026-01-20 13:40:58.686] [322018] [HailoRT] [info] [context_switch_actions.cpp:251] [write_to_config_buffer] WriteDataCcwAction: Writing Config Data. Total Size: 91680 bytes. Stream Index: 1
[2026-01-20 13:40:58.686] [322018] [HailoRT] [info] [config_buffer.cpp:171] [program_descriptors] ConfigBuffer::program_descriptors: Channel 0:1. Programming 180 descriptors. Offset: 91680
[2026-01-20 13:40:58.686] [322018] [HailoRT] [info] [context_switch_actions.cpp:251] [write_to_config_buffer] WriteDataCcwAction: Writing Config Data. Total Size: 210736 bytes. Stream Index: 0
[2026-01-20 13:40:58.686] [322018] [HailoRT] [info] [config_buffer.cpp:171] [program_descriptors] ConfigBuffer::program_descriptors: Channel 0:0. Programming 412 descriptors. Offset: 210736
[2026-01-20 13:40:58.686] [322018] [HailoRT] [info] [context_switch_actions.cpp:251] [write_to_config_buffer] WriteDataCcwAction: Writing Config Data. Total Size: 252424 bytes. Stream Index: 1
[2026-01-20 13:40:58.687] [322018] [HailoRT] [info] [config_buffer.cpp:171] [program_descriptors] ConfigBuffer::program_descriptors: Channel 0:1. Programming 494 descriptors. Offset: 252424
[2026-01-20 13:40:58.687] [322018] [HailoRT] [info] [context_switch_actions.cpp:251] [write_to_config_buffer] WriteDataCcwAction: Writing Config Data. Total Size: 71848 bytes. Stream Index: 0
[2026-01-20 13:40:58.687] [322018] [HailoRT] [info] [config_buffer.cpp:171] [program_descriptors] ConfigBuffer::program_descriptors: Channel 0:0. Programming 141 descriptors. Offset: 71848
[2026-01-20 13:40:58.687] [322018] [HailoRT] [info] [context_switch_actions.cpp:251] [write_to_config_buffer] WriteDataCcwAction: Writing Config Data. Total Size: 136408 bytes. Stream Index: 1
[2026-01-20 13:40:58.687] [322018] [HailoRT] [info] [config_buffer.cpp:171] [program_descriptors] ConfigBuffer::program_descriptors: Channel 0:1. Programming 267 descriptors. Offset: 136408
[2026-01-20 13:40:58.699] [322018] [HailoRT] [info] [hailort_driver.cpp:476] [fw_control] Sending FW Control: opcode=0x00000048 (HAILO_CONTROL_OPCODE_GET_HW_CONSTS), len=20, cpu_id=1
[2026-01-20 13:40:58.702] [322018] [HailoRT] [info] [context_switch_actions.cpp:251] [write_to_config_buffer] WriteDataCcwAction: Writing Config Data. Total Size: 835840 bytes. Stream Index: 1
[2026-01-20 13:40:58.703] [322018] [HailoRT] [info] [config_buffer.cpp:171] [program_descriptors] ConfigBuffer::program_descriptors: Channel 0:1. Programming 1633 descriptors. Offset: 835840
[2026-01-20 13:40:58.703] [322018] [HailoRT] [info] [context_switch_actions.cpp:251] [write_to_config_buffer] WriteDataCcwAction: Writing Config Data. Total Size: 1086320 bytes. Stream Index: 0
[2026-01-20 13:40:58.705] [322018] [HailoRT] [info] [config_buffer.cpp:171] [program_descriptors] ConfigBuffer::program_descriptors: Channel 0:0. Programming 2122 descriptors. Offset: 1086320
[2026-01-20 13:40:58.705] [322018] [HailoRT] [info] [context_switch_actions.cpp:251] [write_to_config_buffer] WriteDataCcwAction: Writing Config Data. Total Size: 268632 bytes. Stream Index: 1
[2026-01-20 13:40:58.705] [322018] [HailoRT] [info] [config_buffer.cpp:171] [program_descriptors] ConfigBuffer::program_descriptors: Channel 0:1. Programming 525 descriptors. Offset: 268632
[2026-01-20 13:40:58.705] [322018] [HailoRT] [info] [context_switch_actions.cpp:251] [write_to_config_buffer] WriteDataCcwAction: Writing Config Data. Total Size: 106920 bytes. Stream Index: 0
[2026-01-20 13:40:58.705] [322018] [HailoRT] [info] [config_buffer.cpp:171] [program_descriptors] ConfigBuffer::program_descriptors: Channel 0:0. Programming 209 descriptors. Offset: 106920
[2026-01-20 13:40:58.705] [322018] [HailoRT] [info] [context_switch_actions.cpp:251] [write_to_config_buffer] WriteDataCcwAction: Writing Config Data. Total Size: 4472 bytes. Stream Index: 1
[2026-01-20 13:40:58.705] [322018] [HailoRT] [info] [config_buffer.cpp:171] [program_descriptors] ConfigBuffer::program_descriptors: Channel 0:1. Programming 9 descriptors. Offset: 4472
[2026-01-20 13:40:58.705] [322018] [HailoRT] [info] [context_switch_actions.cpp:251] [write_to_config_buffer] WriteDataCcwAction: Writing Config Data. Total Size: 22552 bytes. Stream Index: 1
[2026-01-20 13:40:58.706] [322018] [HailoRT] [info] [config_buffer.cpp:171] [program_descriptors] ConfigBuffer::program_descriptors: Channel 0:1. Programming 45 descriptors. Offset: 22552
[2026-01-20 13:40:58.706] [322018] [HailoRT] [info] [context_switch_actions.cpp:251] [write_to_config_buffer] WriteDataCcwAction: Writing Config Data. Total Size: 193584 bytes. Stream Index: 1
[2026-01-20 13:40:58.706] [322018] [HailoRT] [info] [config_buffer.cpp:171] [program_descriptors] ConfigBuffer::program_descriptors: Channel 0:1. Programming 379 descriptors. Offset: 193584
[2026-01-20 13:40:58.706] [322018] [HailoRT] [info] [context_switch_actions.cpp:251] [write_to_config_buffer] WriteDataCcwAction: Writing Config Data. Total Size: 431080 bytes. Stream Index: 1
[2026-01-20 13:40:58.707] [322018] [HailoRT] [info] [config_buffer.cpp:171] [program_descriptors] ConfigBuffer::program_descriptors: Channel 0:1. Programming 842 descriptors. Offset: 431080
[2026-01-20 13:40:58.707] [322018] [HailoRT] [info] [context_switch_actions.cpp:251] [write_to_config_buffer] WriteDataCcwAction: Writing Config Data. Total Size: 8200 bytes. Stream Index: 1
[2026-01-20 13:40:58.707] [322018] [HailoRT] [info] [config_buffer.cpp:171] [program_descriptors] ConfigBuffer::program_descriptors: Channel 0:1. Programming 17 descriptors. Offset: 8200
[2026-01-20 13:40:58.707] [322018] [HailoRT] [info] [context_switch_actions.cpp:251] [write_to_config_buffer] WriteDataCcwAction: Writing Config Data. Total Size: 97536 bytes. Stream Index: 1
[2026-01-20 13:40:58.707] [322018] [HailoRT] [info] [config_buffer.cpp:171] [program_descriptors] ConfigBuffer::program_descriptors: Channel 0:1. Programming 191 descriptors. Offset: 97536
[2026-01-20 13:40:58.707] [322018] [HailoRT] [info] [context_switch_actions.cpp:251] [write_to_config_buffer] WriteDataCcwAction: Writing Config Data. Total Size: 32304 bytes. Stream Index: 1
[2026-01-20 13:40:58.707] [322018] [HailoRT] [info] [config_buffer.cpp:171] [program_descriptors] ConfigBuffer::program_descriptors: Channel 0:1. Programming 64 descriptors. Offset: 32304
[2026-01-20 13:40:58.707] [322018] [HailoRT] [info] [context_switch_actions.cpp:251] [write_to_config_buffer] WriteDataCcwAction: Writing Config Data. Total Size: 97464 bytes. Stream Index: 1
[2026-01-20 13:40:58.707] [322018] [HailoRT] [info] [config_buffer.cpp:171] [program_descriptors] ConfigBuffer::program_descriptors: Channel 0:1. Programming 191 descriptors. Offset: 97464
[2026-01-20 13:40:58.707] [322018] [HailoRT] [info] [context_switch_actions.cpp:251] [write_to_config_buffer] WriteDataCcwAction: Writing Config Data. Total Size: 5632 bytes. Stream Index: 1
[2026-01-20 13:40:58.707] [322018] [HailoRT] [info] [config_buffer.cpp:171] [program_descriptors] ConfigBuffer::program_descriptors: Channel 0:1. Programming 11 descriptors. Offset: 5632
[2026-01-20 13:40:58.707] [322018] [HailoRT] [info] [context_switch_actions.cpp:251] [write_to_config_buffer] WriteDataCcwAction: Writing Config Data. Total Size: 22344 bytes. Stream Index: 1
[2026-01-20 13:40:58.707] [322018] [HailoRT] [info] [config_buffer.cpp:171] [program_descriptors] ConfigBuffer::program_descriptors: Channel 0:1. Programming 44 descriptors. Offset: 22344
[2026-01-20 13:40:58.707] [322018] [HailoRT] [info] [context_switch_actions.cpp:251] [write_to_config_buffer] WriteDataCcwAction: Writing Config Data. Total Size: 5624 bytes. Stream Index: 1
[2026-01-20 13:40:58.707] [322018] [HailoRT] [info] [config_buffer.cpp:171] [program_descriptors] ConfigBuffer::program_descriptors: Channel 0:1. Programming 11 descriptors. Offset: 5624
[2026-01-20 13:40:58.707] [322018] [HailoRT] [info] [context_switch_actions.cpp:251] [write_to_config_buffer] WriteDataCcwAction: Writing Config Data. Total Size: 5744 bytes. Stream Index: 1
[2026-01-20 13:40:58.707] [322018] [HailoRT] [info] [config_buffer.cpp:171] [program_descriptors] ConfigBuffer::program_descriptors: Channel 0:1. Programming 12 descriptors. Offset: 5744
[2026-01-20 13:40:58.707] [322018] [HailoRT] [info] [context_switch_actions.cpp:251] [write_to_config_buffer] WriteDataCcwAction: Writing Config Data. Total Size: 27968 bytes. Stream Index: 1
[2026-01-20 13:40:58.707] [322018] [HailoRT] [info] [config_buffer.cpp:171] [program_descriptors] ConfigBuffer::program_descriptors: Channel 0:1. Programming 55 descriptors. Offset: 27968
[2026-01-20 13:40:58.707] [322018] [HailoRT] [info] [context_switch_actions.cpp:251] [write_to_config_buffer] WriteDataCcwAction: Writing Config Data. Total Size: 25096 bytes. Stream Index: 1
[2026-01-20 13:40:58.708] [322018] [HailoRT] [info] [config_buffer.cpp:171] [program_descriptors] ConfigBuffer::program_descriptors: Channel 0:1. Programming 50 descriptors. Offset: 25096
[2026-01-20 13:40:58.708] [322018] [HailoRT] [info] [context_switch_actions.cpp:251] [write_to_config_buffer] WriteDataCcwAction: Writing Config Data. Total Size: 16 bytes. Stream Index: 1
[2026-01-20 13:40:58.708] [322018] [HailoRT] [info] [config_buffer.cpp:171] [program_descriptors] ConfigBuffer::program_descriptors: Channel 0:1. Programming 1 descriptors. Offset: 16
[2026-01-20 13:40:58.708] [322018] [HailoRT] [info] [context_switch_actions.cpp:251] [write_to_config_buffer] WriteDataCcwAction: Writing Config Data. Total Size: 108896 bytes. Stream Index: 1
[2026-01-20 13:40:58.708] [322018] [HailoRT] [info] [config_buffer.cpp:171] [program_descriptors] ConfigBuffer::program_descriptors: Channel 0:1. Programming 213 descriptors. Offset: 108896
[2026-01-20 13:40:58.708] [322018] [HailoRT] [info] [context_switch_actions.cpp:251] [write_to_config_buffer] WriteDataCcwAction: Writing Config Data. Total Size: 3736 bytes. Stream Index: 1
[2026-01-20 13:40:58.708] [322018] [HailoRT] [info] [config_buffer.cpp:171] [program_descriptors] ConfigBuffer::program_descriptors: Channel 0:1. Programming 8 descriptors. Offset: 3736
[2026-01-20 13:40:58.708] [322018] [HailoRT] [info] [context_switch_actions.cpp:251] [write_to_config_buffer] WriteDataCcwAction: Writing Config Data. Total Size: 21544 bytes. Stream Index: 1
[2026-01-20 13:40:58.708] [322018] [HailoRT] [info] [config_buffer.cpp:171] [program_descriptors] ConfigBuffer::program_descriptors: Channel 0:1. Programming 43 descriptors. Offset: 21544
[2026-01-20 13:40:58.708] [322018] [HailoRT] [info] [context_switch_actions.cpp:251] [write_to_config_buffer] WriteDataCcwAction: Writing Config Data. Total Size: 28048 bytes. Stream Index: 1
[2026-01-20 13:40:58.708] [322018] [HailoRT] [info] [config_buffer.cpp:171] [program_descriptors] ConfigBuffer::program_descriptors: Channel 0:1. Programming 55 descriptors. Offset: 28048
[2026-01-20 13:40:58.708] [322018] [HailoRT] [info] [context_switch_actions.cpp:251] [write_to_config_buffer] WriteDataCcwAction: Writing Config Data. Total Size: 43472 bytes. Stream Index: 1
[2026-01-20 13:40:58.708] [322018] [HailoRT] [info] [config_buffer.cpp:171] [program_descriptors] ConfigBuffer::program_descriptors: Channel 0:1. Programming 85 descriptors. Offset: 43472
[2026-01-20 13:40:58.708] [322018] [HailoRT] [info] [context_switch_actions.cpp:251] [write_to_config_buffer] WriteDataCcwAction: Writing Config Data. Total Size: 19064 bytes. Stream Index: 1
[2026-01-20 13:40:58.708] [322018] [HailoRT] [info] [config_buffer.cpp:171] [program_descriptors] ConfigBuffer::program_descriptors: Channel 0:1. Programming 38 descriptors. Offset: 19064
[2026-01-20 13:40:58.708] [322018] [HailoRT] [info] [context_switch_actions.cpp:251] [write_to_config_buffer] WriteDataCcwAction: Writing Config Data. Total Size: 328088 bytes. Stream Index: 0
[2026-01-20 13:40:58.709] [322018] [HailoRT] [info] [config_buffer.cpp:171] [program_descriptors] ConfigBuffer::program_descriptors: Channel 0:0. Programming 641 descriptors. Offset: 328088
[2026-01-20 13:40:58.709] [322018] [HailoRT] [info] [context_switch_actions.cpp:251] [write_to_config_buffer] WriteDataCcwAction: Writing Config Data. Total Size: 3096 bytes. Stream Index: 1
[2026-01-20 13:40:58.709] [322018] [HailoRT] [info] [config_buffer.cpp:171] [program_descriptors] ConfigBuffer::program_descriptors: Channel 0:1. Programming 7 descriptors. Offset: 3096
[2026-01-20 13:40:58.709] [322018] [HailoRT] [info] [context_switch_actions.cpp:251] [write_to_config_buffer] WriteDataCcwAction: Writing Config Data. Total Size: 64320 bytes. Stream Index: 1
[2026-01-20 13:40:58.709] [322018] [HailoRT] [info] [config_buffer.cpp:171] [program_descriptors] ConfigBuffer::program_descriptors: Channel 0:1. Programming 126 descriptors. Offset: 64320
[2026-01-20 13:40:58.709] [322018] [HailoRT] [info] [context_switch_actions.cpp:251] [write_to_config_buffer] WriteDataCcwAction: Writing Config Data. Total Size: 258184 bytes. Stream Index: 1
[2026-01-20 13:40:58.709] [322018] [HailoRT] [info] [config_buffer.cpp:171] [program_descriptors] ConfigBuffer::program_descriptors: Channel 0:1. Programming 505 descriptors. Offset: 258184
[2026-01-20 13:40:58.709] [322018] [HailoRT] [info] [context_switch_actions.cpp:251] [write_to_config_buffer] WriteDataCcwAction: Writing Config Data. Total Size: 27672 bytes. Stream Index: 1
[2026-01-20 13:40:58.710] [322018] [HailoRT] [info] [config_buffer.cpp:171] [program_descriptors] ConfigBuffer::program_descriptors: Channel 0:1. Programming 55 descriptors. Offset: 27672
[2026-01-20 13:40:58.710] [322018] [HailoRT] [info] [context_switch_actions.cpp:251] [write_to_config_buffer] WriteDataCcwAction: Writing Config Data. Total Size: 105840 bytes. Stream Index: 0
[2026-01-20 13:40:58.710] [322018] [HailoRT] [info] [config_buffer.cpp:171] [program_descriptors] ConfigBuffer::program_descriptors: Channel 0:0. Programming 207 descriptors. Offset: 105840
[2026-01-20 13:40:58.710] [322018] [HailoRT] [info] [context_switch_actions.cpp:251] [write_to_config_buffer] WriteDataCcwAction: Writing Config Data. Total Size: 216120 bytes. Stream Index: 0
[2026-01-20 13:40:58.710] [322018] [HailoRT] [info] [config_buffer.cpp:171] [program_descriptors] ConfigBuffer::program_descriptors: Channel 0:0. Programming 423 descriptors. Offset: 216120
[2026-01-20 13:40:58.710] [322018] [HailoRT] [info] [context_switch_actions.cpp:251] [write_to_config_buffer] WriteDataCcwAction: Writing Config Data. Total Size: 72 bytes. Stream Index: 0
[2026-01-20 13:40:58.710] [322018] [HailoRT] [info] [config_buffer.cpp:171] [program_descriptors] ConfigBuffer::program_descriptors: Channel 0:0. Programming 1 descriptors. Offset: 72
[2026-01-20 13:40:58.710] [322018] [HailoRT] [info] [context_switch_actions.cpp:251] [write_to_config_buffer] WriteDataCcwAction: Writing Config Data. Total Size: 32776 bytes. Stream Index: 0
[2026-01-20 13:40:58.710] [322018] [HailoRT] [info] [config_buffer.cpp:171] [program_descriptors] ConfigBuffer::program_descriptors: Channel 0:0. Programming 65 descriptors. Offset: 32776
[2026-01-20 13:40:58.710] [322018] [HailoRT] [info] [context_switch_actions.cpp:251] [write_to_config_buffer] WriteDataCcwAction: Writing Config Data. Total Size: 6336 bytes. Stream Index: 0
[2026-01-20 13:40:58.710] [322018] [HailoRT] [info] [config_buffer.cpp:171] [program_descriptors] ConfigBuffer::program_descriptors: Channel 0:0. Programming 13 descriptors. Offset: 6336
[2026-01-20 13:40:58.710] [322018] [HailoRT] [info] [context_switch_actions.cpp:251] [write_to_config_buffer] WriteDataCcwAction: Writing Config Data. Total Size: 22280 bytes. Stream Index: 1
[2026-01-20 13:40:58.710] [322018] [HailoRT] [info] [config_buffer.cpp:171] [program_descriptors] ConfigBuffer::program_descriptors: Channel 0:1. Programming 44 descriptors. Offset: 22280
[2026-01-20 13:40:58.710] [322018] [HailoRT] [info] [context_switch_actions.cpp:251] [write_to_config_buffer] WriteDataCcwAction: Writing Config Data. Total Size: 5680 bytes. Stream Index: 1
[2026-01-20 13:40:58.710] [322018] [HailoRT] [info] [config_buffer.cpp:171] [program_descriptors] ConfigBuffer::program_descriptors: Channel 0:1. Programming 12 descriptors. Offset: 5680
[2026-01-20 13:40:58.710] [322018] [HailoRT] [info] [context_switch_actions.cpp:251] [write_to_config_buffer] WriteDataCcwAction: Writing Config Data. Total Size: 29176 bytes. Stream Index: 0
[2026-01-20 13:40:58.710] [322018] [HailoRT] [info] [config_buffer.cpp:171] [program_descriptors] ConfigBuffer::program_descriptors: Channel 0:0. Programming 57 descriptors. Offset: 29176
[2026-01-20 13:40:58.710] [322018] [HailoRT] [info] [context_switch_actions.cpp:251] [write_to_config_buffer] WriteDataCcwAction: Writing Config Data. Total Size: 52816 bytes. Stream Index: 1
[2026-01-20 13:40:58.710] [322018] [HailoRT] [info] [config_buffer.cpp:171] [program_descriptors] ConfigBuffer::program_descriptors: Channel 0:1. Programming 104 descriptors. Offset: 52816
[2026-01-20 13:40:58.711] [322018] [HailoRT] [info] [context_switch_actions.cpp:251] [write_to_config_buffer] WriteDataCcwAction: Writing Config Data. Total Size: 81952 bytes. Stream Index: 1
[2026-01-20 13:40:58.711] [322018] [HailoRT] [info] [config_buffer.cpp:171] [program_descriptors] ConfigBuffer::program_descriptors: Channel 0:1. Programming 161 descriptors. Offset: 81952
[2026-01-20 13:40:58.711] [322018] [HailoRT] [info] [context_switch_actions.cpp:251] [write_to_config_buffer] WriteDataCcwAction: Writing Config Data. Total Size: 31992 bytes. Stream Index: 1
[2026-01-20 13:40:58.711] [322018] [HailoRT] [info] [config_buffer.cpp:171] [program_descriptors] ConfigBuffer::program_descriptors: Channel 0:1. Programming 63 descriptors. Offset: 31992
[2026-01-20 13:40:58.711] [322018] [HailoRT] [info] [context_switch_actions.cpp:251] [write_to_config_buffer] WriteDataCcwAction: Writing Config Data. Total Size: 25296 bytes. Stream Index: 1
[2026-01-20 13:40:58.711] [322018] [HailoRT] [info] [config_buffer.cpp:171] [program_descriptors] ConfigBuffer::program_descriptors: Channel 0:1. Programming 50 descriptors. Offset: 25296
[2026-01-20 13:40:58.711] [322018] [HailoRT] [info] [context_switch_actions.cpp:251] [write_to_config_buffer] WriteDataCcwAction: Writing Config Data. Total Size: 7608 bytes. Stream Index: 0
[2026-01-20 13:40:58.711] [322018] [HailoRT] [info] [config_buffer.cpp:171] [program_descriptors] ConfigBuffer::program_descriptors: Channel 0:0. Programming 15 descriptors. Offset: 7608
[2026-01-20 13:40:58.711] [322018] [HailoRT] [info] [context_switch_actions.cpp:251] [write_to_config_buffer] WriteDataCcwAction: Writing Config Data. Total Size: 20928 bytes. Stream Index: 0
[2026-01-20 13:40:58.711] [322018] [HailoRT] [info] [config_buffer.cpp:171] [program_descriptors] ConfigBuffer::program_descriptors: Channel 0:0. Programming 41 descriptors. Offset: 20928
[2026-01-20 13:40:58.711] [322018] [HailoRT] [info] [context_switch_actions.cpp:251] [write_to_config_buffer] WriteDataCcwAction: Writing Config Data. Total Size: 40976 bytes. Stream Index: 0
[2026-01-20 13:40:58.711] [322018] [HailoRT] [info] [config_buffer.cpp:171] [program_descriptors] ConfigBuffer::program_descriptors: Channel 0:0. Programming 81 descriptors. Offset: 40976
[2026-01-20 13:40:58.711] [322018] [HailoRT] [info] [context_switch_actions.cpp:251] [write_to_config_buffer] WriteDataCcwAction: Writing Config Data. Total Size: 375528 bytes. Stream Index: 0
[2026-01-20 13:40:58.712] [322018] [HailoRT] [info] [config_buffer.cpp:171] [program_descriptors] ConfigBuffer::program_descriptors: Channel 0:0. Programming 734 descriptors. Offset: 375528
[2026-01-20 13:40:58.712] [322018] [HailoRT] [info] [context_switch_actions.cpp:251] [write_to_config_buffer] WriteDataCcwAction: Writing Config Data. Total Size: 258320 bytes. Stream Index: 0
[2026-01-20 13:40:58.712] [322018] [HailoRT] [info] [config_buffer.cpp:171] [program_descriptors] ConfigBuffer::program_descriptors: Channel 0:0. Programming 505 descriptors. Offset: 258320
[2026-01-20 13:40:58.712] [322018] [HailoRT] [info] [context_switch_actions.cpp:251] [write_to_config_buffer] WriteDataCcwAction: Writing Config Data. Total Size: 100000 bytes. Stream Index: 1
[2026-01-20 13:40:58.712] [322018] [HailoRT] [info] [config_buffer.cpp:171] [program_descriptors] ConfigBuffer::program_descriptors: Channel 0:1. Programming 196 descriptors. Offset: 100000
[2026-01-20 13:40:58.712] [322018] [HailoRT] [info] [context_switch_actions.cpp:251] [write_to_config_buffer] WriteDataCcwAction: Writing Config Data. Total Size: 392160 bytes. Stream Index: 1
[2026-01-20 13:40:58.713] [322018] [HailoRT] [info] [config_buffer.cpp:171] [program_descriptors] ConfigBuffer::program_descriptors: Channel 0:1. Programming 766 descriptors. Offset: 392160
[2026-01-20 13:40:58.713] [322018] [HailoRT] [info] [context_switch_actions.cpp:251] [write_to_config_buffer] WriteDataCcwAction: Writing Config Data. Total Size: 41776 bytes. Stream Index: 1
[2026-01-20 13:40:58.713] [322018] [HailoRT] [info] [config_buffer.cpp:171] [program_descriptors] ConfigBuffer::program_descriptors: Channel 0:1. Programming 82 descriptors. Offset: 41776
[2026-01-20 13:40:58.713] [322018] [HailoRT] [info] [context_switch_actions.cpp:251] [write_to_config_buffer] WriteDataCcwAction: Writing Config Data. Total Size: 27896 bytes. Stream Index: 0
[2026-01-20 13:40:58.714] [322018] [HailoRT] [info] [config_buffer.cpp:171] [program_descriptors] ConfigBuffer::program_descriptors: Channel 0:0. Programming 55 descriptors. Offset: 27896
[2026-01-20 13:40:58.714] [322018] [HailoRT] [info] [context_switch_actions.cpp:251] [write_to_config_buffer] WriteDataCcwAction: Writing Config Data. Total Size: 195432 bytes. Stream Index: 0
[2026-01-20 13:40:58.714] [322018] [HailoRT] [info] [config_buffer.cpp:171] [program_descriptors] ConfigBuffer::program_descriptors: Channel 0:0. Programming 382 descriptors. Offset: 195432
[2026-01-20 13:40:58.714] [322018] [HailoRT] [info] [context_switch_actions.cpp:251] [write_to_config_buffer] WriteDataCcwAction: Writing Config Data. Total Size: 397600 bytes. Stream Index: 0
[2026-01-20 13:40:58.714] [322018] [HailoRT] [info] [config_buffer.cpp:171] [program_descriptors] ConfigBuffer::program_descriptors: Channel 0:0. Programming 777 descriptors. Offset: 397600
[2026-01-20 13:40:58.714] [322018] [HailoRT] [info] [context_switch_actions.cpp:251] [write_to_config_buffer] WriteDataCcwAction: Writing Config Data. Total Size: 297104 bytes. Stream Index: 0
[2026-01-20 13:40:58.715] [322018] [HailoRT] [info] [config_buffer.cpp:171] [program_descriptors] ConfigBuffer::program_descriptors: Channel 0:0. Programming 581 descriptors. Offset: 297104
[2026-01-20 13:40:58.715] [322018] [HailoRT] [info] [context_switch_actions.cpp:251] [write_to_config_buffer] WriteDataCcwAction: Writing Config Data. Total Size: 598216 bytes. Stream Index: 0
[2026-01-20 13:40:58.716] [322018] [HailoRT] [info] [config_buffer.cpp:171] [program_descriptors] ConfigBuffer::program_descriptors: Channel 0:0. Programming 1169 descriptors. Offset: 598216
[2026-01-20 13:40:58.716] [322018] [HailoRT] [info] [context_switch_actions.cpp:251] [write_to_config_buffer] WriteDataCcwAction: Writing Config Data. Total Size: 31712 bytes. Stream Index: 0
[2026-01-20 13:40:58.716] [322018] [HailoRT] [info] [config_buffer.cpp:171] [program_descriptors] ConfigBuffer::program_descriptors: Channel 0:0. Programming 62 descriptors. Offset: 31712
[2026-01-20 13:40:58.716] [322018] [HailoRT] [info] [context_switch_actions.cpp:251] [write_to_config_buffer] WriteDataCcwAction: Writing Config Data. Total Size: 39440 bytes. Stream Index: 0
[2026-01-20 13:40:58.716] [322018] [HailoRT] [info] [config_buffer.cpp:171] [program_descriptors] ConfigBuffer::program_descriptors: Channel 0:0. Programming 78 descriptors. Offset: 39440
[2026-01-20 13:40:58.716] [322018] [HailoRT] [info] [context_switch_actions.cpp:251] [write_to_config_buffer] WriteDataCcwAction: Writing Config Data. Total Size: 5632 bytes. Stream Index: 0
[2026-01-20 13:40:58.716] [322018] [HailoRT] [info] [config_buffer.cpp:171] [program_descriptors] ConfigBuffer::program_descriptors: Channel 0:0. Programming 11 descriptors. Offset: 5632
[2026-01-20 13:40:58.716] [322018] [HailoRT] [info] [context_switch_actions.cpp:251] [write_to_config_buffer] WriteDataCcwAction: Writing Config Data. Total Size: 114728 bytes. Stream Index: 0
[2026-01-20 13:40:58.716] [322018] [HailoRT] [info] [config_buffer.cpp:171] [program_descriptors] ConfigBuffer::program_descriptors: Channel 0:0. Programming 225 descriptors. Offset: 114728
[2026-01-20 13:40:58.716] [322018] [HailoRT] [info] [context_switch_actions.cpp:251] [write_to_config_buffer] WriteDataCcwAction: Writing Config Data. Total Size: 49848 bytes. Stream Index: 1
[2026-01-20 13:40:58.716] [322018] [HailoRT] [info] [config_buffer.cpp:171] [program_descriptors] ConfigBuffer::program_descriptors: Channel 0:1. Programming 98 descriptors. Offset: 49848
[2026-01-20 13:40:58.716] [322018] [HailoRT] [info] [context_switch_actions.cpp:251] [write_to_config_buffer] WriteDataCcwAction: Writing Config Data. Total Size: 31048 bytes. Stream Index: 0
[2026-01-20 13:40:58.716] [322018] [HailoRT] [info] [config_buffer.cpp:171] [program_descriptors] ConfigBuffer::program_descriptors: Channel 0:0. Programming 61 descriptors. Offset: 31048
[2026-01-20 13:40:58.716] [322018] [HailoRT] [info] [context_switch_actions.cpp:251] [write_to_config_buffer] WriteDataCcwAction: Writing Config Data. Total Size: 1544 bytes. Stream Index: 1
[2026-01-20 13:40:58.717] [322018] [HailoRT] [info] [config_buffer.cpp:171] [program_descriptors] ConfigBuffer::program_descriptors: Channel 0:1. Programming 4 descriptors. Offset: 1544
[2026-01-20 13:40:58.717] [322018] [HailoRT] [info] [context_switch_actions.cpp:251] [write_to_config_buffer] WriteDataCcwAction: Writing Config Data. Total Size: 8200 bytes. Stream Index: 1
[2026-01-20 13:40:58.717] [322018] [HailoRT] [info] [config_buffer.cpp:171] [program_descriptors] ConfigBuffer::program_descriptors: Channel 0:1. Programming 17 descriptors. Offset: 8200
[2026-01-20 13:40:58.717] [322018] [HailoRT] [info] [context_switch_actions.cpp:251] [write_to_config_buffer] WriteDataCcwAction: Writing Config Data. Total Size: 49736 bytes. Stream Index: 0
[2026-01-20 13:40:58.717] [322018] [HailoRT] [info] [config_buffer.cpp:171] [program_descriptors] ConfigBuffer::program_descriptors: Channel 0:0. Programming 98 descriptors. Offset: 49736
[2026-01-20 13:40:58.717] [322018] [HailoRT] [info] [context_switch_actions.cpp:251] [write_to_config_buffer] WriteDataCcwAction: Writing Config Data. Total Size: 6280 bytes. Stream Index: 0
[2026-01-20 13:40:58.717] [322018] [HailoRT] [info] [config_buffer.cpp:171] [program_descriptors] ConfigBuffer::program_descriptors: Channel 0:0. Programming 13 descriptors. Offset: 6280
[2026-01-20 13:40:58.717] [322018] [HailoRT] [info] [context_switch_actions.cpp:251] [write_to_config_buffer] WriteDataCcwAction: Writing Config Data. Total Size: 65552 bytes. Stream Index: 0
[2026-01-20 13:40:58.717] [322018] [HailoRT] [info] [config_buffer.cpp:171] [program_descriptors] ConfigBuffer::program_descriptors: Channel 0:0. Programming 129 descriptors. Offset: 65552
[2026-01-20 13:40:58.717] [322018] [HailoRT] [info] [context_switch_actions.cpp:251] [write_to_config_buffer] WriteDataCcwAction: Writing Config Data. Total Size: 8200 bytes. Stream Index: 0
[2026-01-20 13:40:58.717] [322018] [HailoRT] [info] [config_buffer.cpp:171] [program_descriptors] ConfigBuffer::program_descriptors: Channel 0:0. Programming 17 descriptors. Offset: 8200
[2026-01-20 13:40:58.717] [322018] [HailoRT] [info] [context_switch_actions.cpp:251] [write_to_config_buffer] WriteDataCcwAction: Writing Config Data. Total Size: 31264 bytes. Stream Index: 0
[2026-01-20 13:40:58.717] [322018] [HailoRT] [info] [config_buffer.cpp:171] [program_descriptors] ConfigBuffer::program_descriptors: Channel 0:0. Programming 62 descriptors. Offset: 31264
[2026-01-20 13:40:58.717] [322018] [HailoRT] [info] [context_switch_actions.cpp:251] [write_to_config_buffer] WriteDataCcwAction: Writing Config Data. Total Size: 24968 bytes. Stream Index: 0
[2026-01-20 13:40:58.717] [322018] [HailoRT] [info] [config_buffer.cpp:171] [program_descriptors] ConfigBuffer::program_descriptors: Channel 0:0. Programming 49 descriptors. Offset: 24968
[2026-01-20 13:40:58.717] [322018] [HailoRT] [info] [context_switch_actions.cpp:251] [write_to_config_buffer] WriteDataCcwAction: Writing Config Data. Total Size: 32520 bytes. Stream Index: 1
[2026-01-20 13:40:58.717] [322018] [HailoRT] [info] [config_buffer.cpp:171] [program_descriptors] ConfigBuffer::program_descriptors: Channel 0:1. Programming 64 descriptors. Offset: 32520
[2026-01-20 13:40:58.717] [322018] [HailoRT] [info] [context_switch_actions.cpp:251] [write_to_config_buffer] WriteDataCcwAction: Writing Config Data. Total Size: 192328 bytes. Stream Index: 1
[2026-01-20 13:40:58.717] [322018] [HailoRT] [info] [config_buffer.cpp:171] [program_descriptors] ConfigBuffer::program_descriptors: Channel 0:1. Programming 376 descriptors. Offset: 192328
[2026-01-20 13:40:58.718] [322018] [HailoRT] [info] [context_switch_actions.cpp:251] [write_to_config_buffer] WriteDataCcwAction: Writing Config Data. Total Size: 469408 bytes. Stream Index: 1
[2026-01-20 13:40:58.718] [322018] [HailoRT] [info] [config_buffer.cpp:171] [program_descriptors] ConfigBuffer::program_descriptors: Channel 0:1. Programming 917 descriptors. Offset: 469408
[2026-01-20 13:40:58.718] [322018] [HailoRT] [info] [context_switch_actions.cpp:251] [write_to_config_buffer] WriteDataCcwAction: Writing Config Data. Total Size: 8200 bytes. Stream Index: 1
[2026-01-20 13:40:58.718] [322018] [HailoRT] [info] [config_buffer.cpp:171] [program_descriptors] ConfigBuffer::program_descriptors: Channel 0:1. Programming 17 descriptors. Offset: 8200
[2026-01-20 13:40:58.718] [322018] [HailoRT] [info] [context_switch_actions.cpp:251] [write_to_config_buffer] WriteDataCcwAction: Writing Config Data. Total Size: 32776 bytes. Stream Index: 1
[2026-01-20 13:40:58.718] [322018] [HailoRT] [info] [config_buffer.cpp:171] [program_descriptors] ConfigBuffer::program_descriptors: Channel 0:1. Programming 65 descriptors. Offset: 32776
[2026-01-20 13:40:58.718] [322018] [HailoRT] [info] [context_switch_actions.cpp:251] [write_to_config_buffer] WriteDataCcwAction: Writing Config Data. Total Size: 26200 bytes. Stream Index: 1
[2026-01-20 13:40:58.718] [322018] [HailoRT] [info] [config_buffer.cpp:171] [program_descriptors] ConfigBuffer::program_descriptors: Channel 0:1. Programming 52 descriptors. Offset: 26200
[2026-01-20 13:40:58.718] [322018] [HailoRT] [info] [context_switch_actions.cpp:251] [write_to_config_buffer] WriteDataCcwAction: Writing Config Data. Total Size: 160392 bytes. Stream Index: 1
[2026-01-20 13:40:58.719] [322018] [HailoRT] [info] [config_buffer.cpp:171] [program_descriptors] ConfigBuffer::program_descriptors: Channel 0:1. Programming 314 descriptors. Offset: 160392
[2026-01-20 13:40:58.719] [322018] [HailoRT] [info] [context_switch_actions.cpp:251] [write_to_config_buffer] WriteDataCcwAction: Writing Config Data. Total Size: 50664 bytes. Stream Index: 0
[2026-01-20 13:40:58.719] [322018] [HailoRT] [info] [config_buffer.cpp:171] [program_descriptors] ConfigBuffer::program_descriptors: Channel 0:0. Programming 99 descriptors. Offset: 50664
[2026-01-20 13:40:58.719] [322018] [HailoRT] [info] [context_switch_actions.cpp:251] [write_to_config_buffer] WriteDataCcwAction: Writing Config Data. Total Size: 22328 bytes. Stream Index: 0
[2026-01-20 13:40:58.719] [322018] [HailoRT] [info] [config_buffer.cpp:171] [program_descriptors] ConfigBuffer::program_descriptors: Channel 0:0. Programming 44 descriptors. Offset: 22328
[2026-01-20 13:40:58.719] [322018] [HailoRT] [info] [context_switch_actions.cpp:251] [write_to_config_buffer] WriteDataCcwAction: Writing Config Data. Total Size: 22584 bytes. Stream Index: 0
[2026-01-20 13:40:58.719] [322018] [HailoRT] [info] [config_buffer.cpp:171] [program_descriptors] ConfigBuffer::program_descriptors: Channel 0:0. Programming 45 descriptors. Offset: 22584
[2026-01-20 13:40:58.719] [322018] [HailoRT] [info] [context_switch_actions.cpp:251] [write_to_config_buffer] WriteDataCcwAction: Writing Config Data. Total Size: 404128 bytes. Stream Index: 1
[2026-01-20 13:40:58.719] [322018] [HailoRT] [info] [config_buffer.cpp:171] [program_descriptors] ConfigBuffer::program_descriptors: Channel 0:1. Programming 790 descriptors. Offset: 404128
[2026-01-20 13:40:58.719] [322018] [HailoRT] [info] [context_switch_actions.cpp:251] [write_to_config_buffer] WriteDataCcwAction: Writing Config Data. Total Size: 295888 bytes. Stream Index: 0
[2026-01-20 13:40:58.720] [322018] [HailoRT] [info] [config_buffer.cpp:171] [program_descriptors] ConfigBuffer::program_descriptors: Channel 0:0. Programming 578 descriptors. Offset: 295888
[2026-01-20 13:40:58.720] [322018] [HailoRT] [info] [context_switch_actions.cpp:251] [write_to_config_buffer] WriteDataCcwAction: Writing Config Data. Total Size: 307488 bytes. Stream Index: 0
[2026-01-20 13:40:58.720] [322018] [HailoRT] [info] [config_buffer.cpp:171] [program_descriptors] ConfigBuffer::program_descriptors: Channel 0:0. Programming 601 descriptors. Offset: 307488
[2026-01-20 13:40:58.721] [322018] [HailoRT] [info] [context_switch_actions.cpp:251] [write_to_config_buffer] WriteDataCcwAction: Writing Config Data. Total Size: 274704 bytes. Stream Index: 1
[2026-01-20 13:40:58.721] [322018] [HailoRT] [info] [config_buffer.cpp:171] [program_descriptors] ConfigBuffer::program_descriptors: Channel 0:1. Programming 537 descriptors. Offset: 274704
[2026-01-20 13:40:58.721] [322018] [HailoRT] [info] [context_switch_actions.cpp:251] [write_to_config_buffer] WriteDataCcwAction: Writing Config Data. Total Size: 219384 bytes. Stream Index: 0
[2026-01-20 13:40:58.722] [322018] [HailoRT] [info] [config_buffer.cpp:171] [program_descriptors] ConfigBuffer::program_descriptors: Channel 0:0. Programming 429 descriptors. Offset: 219384
[2026-01-20 13:40:58.722] [322018] [HailoRT] [info] [context_switch_actions.cpp:251] [write_to_config_buffer] WriteDataCcwAction: Writing Config Data. Total Size: 278608 bytes. Stream Index: 1
[2026-01-20 13:40:58.722] [322018] [HailoRT] [info] [config_buffer.cpp:171] [program_descriptors] ConfigBuffer::program_descriptors: Channel 0:1. Programming 545 descriptors. Offset: 278608
[2026-01-20 13:40:58.730] [322018] [HailoRT] [info] [hailort_driver.cpp:476] [fw_control] Sending FW Control: opcode=0x00000048 (HAILO_CONTROL_OPCODE_GET_HW_CONSTS), len=20, cpu_id=1
[2026-01-20 13:40:58.730] [322018] [HailoRT] [info] [context_switch_actions.cpp:251] [write_to_config_buffer] WriteDataCcwAction: Writing Config Data. Total Size: 800408 bytes. Stream Index: 1
[2026-01-20 13:40:58.731] [322018] [HailoRT] [info] [config_buffer.cpp:171] [program_descriptors] ConfigBuffer::program_descriptors: Channel 0:1. Programming 1564 descriptors. Offset: 800408
[2026-01-20 13:40:58.731] [322018] [HailoRT] [info] [context_switch_actions.cpp:251] [write_to_config_buffer] WriteDataCcwAction: Writing Config Data. Total Size: 776176 bytes. Stream Index: 0
[2026-01-20 13:40:58.734] [322018] [HailoRT] [info] [config_buffer.cpp:171] [program_descriptors] ConfigBuffer::program_descriptors: Channel 0:0. Programming 1516 descriptors. Offset: 776176
[2026-01-20 13:40:58.734] [322018] [HailoRT] [info] [context_switch_actions.cpp:251] [write_to_config_buffer] WriteDataCcwAction: Writing Config Data. Total Size: 157464 bytes. Stream Index: 0
[2026-01-20 13:40:58.734] [322018] [HailoRT] [info] [config_buffer.cpp:171] [program_descriptors] ConfigBuffer::program_descriptors: Channel 0:0. Programming 308 descriptors. Offset: 157464
[2026-01-20 13:40:58.734] [322018] [HailoRT] [info] [context_switch_actions.cpp:251] [write_to_config_buffer] WriteDataCcwAction: Writing Config Data. Total Size: 54696 bytes. Stream Index: 1
[2026-01-20 13:40:58.734] [322018] [HailoRT] [info] [config_buffer.cpp:171] [program_descriptors] ConfigBuffer::program_descriptors: Channel 0:1. Programming 107 descriptors. Offset: 54696
[2026-01-20 13:40:58.734] [322018] [HailoRT] [info] [context_switch_actions.cpp:251] [write_to_config_buffer] WriteDataCcwAction: Writing Config Data. Total Size: 19456 bytes. Stream Index: 1
[2026-01-20 13:40:58.734] [322018] [HailoRT] [info] [config_buffer.cpp:171] [program_descriptors] ConfigBuffer::program_descriptors: Channel 0:1. Programming 38 descriptors. Offset: 19456
[2026-01-20 13:40:58.734] [322018] [HailoRT] [info] [context_switch_actions.cpp:251] [write_to_config_buffer] WriteDataCcwAction: Writing Config Data. Total Size: 18688 bytes. Stream Index: 1
[2026-01-20 13:40:58.734] [322018] [HailoRT] [info] [config_buffer.cpp:171] [program_descriptors] ConfigBuffer::program_descriptors: Channel 0:1. Programming 37 descriptors. Offset: 18688
[2026-01-20 13:40:58.734] [322018] [HailoRT] [info] [context_switch_actions.cpp:251] [write_to_config_buffer] WriteDataCcwAction: Writing Config Data. Total Size: 20344 bytes. Stream Index: 1
[2026-01-20 13:40:58.734] [322018] [HailoRT] [info] [config_buffer.cpp:171] [program_descriptors] ConfigBuffer::program_descriptors: Channel 0:1. Programming 40 descriptors. Offset: 20344
[2026-01-20 13:40:58.734] [322018] [HailoRT] [info] [context_switch_actions.cpp:251] [write_to_config_buffer] WriteDataCcwAction: Writing Config Data. Total Size: 10072 bytes. Stream Index: 1
[2026-01-20 13:40:58.734] [322018] [HailoRT] [info] [config_buffer.cpp:171] [program_descriptors] ConfigBuffer::program_descriptors: Channel 0:1. Programming 20 descriptors. Offset: 10072
[2026-01-20 13:40:58.734] [322018] [HailoRT] [info] [context_switch_actions.cpp:251] [write_to_config_buffer] WriteDataCcwAction: Writing Config Data. Total Size: 1544 bytes. Stream Index: 1
[2026-01-20 13:40:58.734] [322018] [HailoRT] [info] [config_buffer.cpp:171] [program_descriptors] ConfigBuffer::program_descriptors: Channel 0:1. Programming 4 descriptors. Offset: 1544
[2026-01-20 13:40:58.734] [322018] [HailoRT] [info] [context_switch_actions.cpp:251] [write_to_config_buffer] WriteDataCcwAction: Writing Config Data. Total Size: 4904 bytes. Stream Index: 1
[2026-01-20 13:40:58.734] [322018] [HailoRT] [info] [config_buffer.cpp:171] [program_descriptors] ConfigBuffer::program_descriptors: Channel 0:1. Programming 10 descriptors. Offset: 4904
[2026-01-20 13:40:58.734] [322018] [HailoRT] [info] [context_switch_actions.cpp:251] [write_to_config_buffer] WriteDataCcwAction: Writing Config Data. Total Size: 30416 bytes. Stream Index: 1
[2026-01-20 13:40:58.735] [322018] [HailoRT] [info] [config_buffer.cpp:171] [program_descriptors] ConfigBuffer::program_descriptors: Channel 0:1. Programming 60 descriptors. Offset: 30416
[2026-01-20 13:40:58.735] [322018] [HailoRT] [info] [context_switch_actions.cpp:251] [write_to_config_buffer] WriteDataCcwAction: Writing Config Data. Total Size: 23824 bytes. Stream Index: 1
[2026-01-20 13:40:58.735] [322018] [HailoRT] [info] [config_buffer.cpp:171] [program_descriptors] ConfigBuffer::program_descriptors: Channel 0:1. Programming 47 descriptors. Offset: 23824
[2026-01-20 13:40:58.735] [322018] [HailoRT] [info] [context_switch_actions.cpp:251] [write_to_config_buffer] WriteDataCcwAction: Writing Config Data. Total Size: 30688 bytes. Stream Index: 1
[2026-01-20 13:40:58.735] [322018] [HailoRT] [info] [config_buffer.cpp:171] [program_descriptors] ConfigBuffer::program_descriptors: Channel 0:1. Programming 60 descriptors. Offset: 30688
[2026-01-20 13:40:58.735] [322018] [HailoRT] [info] [context_switch_actions.cpp:251] [write_to_config_buffer] WriteDataCcwAction: Writing Config Data. Total Size: 32 bytes. Stream Index: 1
[2026-01-20 13:40:58.735] [322018] [HailoRT] [info] [config_buffer.cpp:171] [program_descriptors] ConfigBuffer::program_descriptors: Channel 0:1. Programming 1 descriptors. Offset: 32
[2026-01-20 13:40:58.735] [322018] [HailoRT] [info] [context_switch_actions.cpp:251] [write_to_config_buffer] WriteDataCcwAction: Writing Config Data. Total Size: 348600 bytes. Stream Index: 0
[2026-01-20 13:40:58.738] [322018] [HailoRT] [info] [config_buffer.cpp:171] [program_descriptors] ConfigBuffer::program_descriptors: Channel 0:0. Programming 681 descriptors. Offset: 348600
[2026-01-20 13:40:58.738] [322018] [HailoRT] [info] [context_switch_actions.cpp:251] [write_to_config_buffer] WriteDataCcwAction: Writing Config Data. Total Size: 549040 bytes. Stream Index: 0
[2026-01-20 13:40:58.739] [322018] [HailoRT] [info] [config_buffer.cpp:171] [program_descriptors] ConfigBuffer::program_descriptors: Channel 0:0. Programming 1073 descriptors. Offset: 549040
[2026-01-20 13:40:58.739] [322018] [HailoRT] [info] [context_switch_actions.cpp:251] [write_to_config_buffer] WriteDataCcwAction: Writing Config Data. Total Size: 143032 bytes. Stream Index: 0
[2026-01-20 13:40:58.739] [322018] [HailoRT] [info] [config_buffer.cpp:171] [program_descriptors] ConfigBuffer::program_descriptors: Channel 0:0. Programming 280 descriptors. Offset: 143032
[2026-01-20 13:40:58.739] [322018] [HailoRT] [info] [context_switch_actions.cpp:251] [write_to_config_buffer] WriteDataCcwAction: Writing Config Data. Total Size: 21240 bytes. Stream Index: 0
[2026-01-20 13:40:58.739] [322018] [HailoRT] [info] [config_buffer.cpp:171] [program_descriptors] ConfigBuffer::program_descriptors: Channel 0:0. Programming 42 descriptors. Offset: 21240
[2026-01-20 13:40:58.739] [322018] [HailoRT] [info] [context_switch_actions.cpp:251] [write_to_config_buffer] WriteDataCcwAction: Writing Config Data. Total Size: 163648 bytes. Stream Index: 1
[2026-01-20 13:40:58.740] [322018] [HailoRT] [info] [config_buffer.cpp:171] [program_descriptors] ConfigBuffer::program_descriptors: Channel 0:1. Programming 320 descriptors. Offset: 163648
[2026-01-20 13:40:58.740] [322018] [HailoRT] [info] [context_switch_actions.cpp:251] [write_to_config_buffer] WriteDataCcwAction: Writing Config Data. Total Size: 190096 bytes. Stream Index: 1
[2026-01-20 13:40:58.740] [322018] [HailoRT] [info] [config_buffer.cpp:171] [program_descriptors] ConfigBuffer::program_descriptors: Channel 0:1. Programming 372 descriptors. Offset: 190096
[2026-01-20 13:40:58.740] [322018] [HailoRT] [info] [context_switch_actions.cpp:251] [write_to_config_buffer] WriteDataCcwAction: Writing Config Data. Total Size: 10480 bytes. Stream Index: 1
[2026-01-20 13:40:58.740] [322018] [HailoRT] [info] [config_buffer.cpp:171] [program_descriptors] ConfigBuffer::program_descriptors: Channel 0:1. Programming 21 descriptors. Offset: 10480
[2026-01-20 13:40:58.740] [322018] [HailoRT] [info] [context_switch_actions.cpp:251] [write_to_config_buffer] WriteDataCcwAction: Writing Config Data. Total Size: 12384 bytes. Stream Index: 1
[2026-01-20 13:40:58.740] [322018] [HailoRT] [info] [config_buffer.cpp:171] [program_descriptors] ConfigBuffer::program_descriptors: Channel 0:1. Programming 25 descriptors. Offset: 12384
[2026-01-20 13:40:58.740] [322018] [HailoRT] [info] [context_switch_actions.cpp:251] [write_to_config_buffer] WriteDataCcwAction: Writing Config Data. Total Size: 23816 bytes. Stream Index: 0
[2026-01-20 13:40:58.740] [322018] [HailoRT] [info] [config_buffer.cpp:171] [program_descriptors] ConfigBuffer::program_descriptors: Channel 0:0. Programming 47 descriptors. Offset: 23816
[2026-01-20 13:40:58.740] [322018] [HailoRT] [info] [context_switch_actions.cpp:251] [write_to_config_buffer] WriteDataCcwAction: Writing Config Data. Total Size: 35600 bytes. Stream Index: 0
[2026-01-20 13:40:58.740] [322018] [HailoRT] [info] [config_buffer.cpp:171] [program_descriptors] ConfigBuffer::program_descriptors: Channel 0:0. Programming 70 descriptors. Offset: 35600
[2026-01-20 13:40:58.740] [322018] [HailoRT] [info] [context_switch_actions.cpp:251] [write_to_config_buffer] WriteDataCcwAction: Writing Config Data. Total Size: 106528 bytes. Stream Index: 0
[2026-01-20 13:40:58.740] [322018] [HailoRT] [info] [config_buffer.cpp:171] [program_descriptors] ConfigBuffer::program_descriptors: Channel 0:0. Programming 209 descriptors. Offset: 106528
[2026-01-20 13:40:58.740] [322018] [HailoRT] [info] [context_switch_actions.cpp:251] [write_to_config_buffer] WriteDataCcwAction: Writing Config Data. Total Size: 40976 bytes. Stream Index: 0
[2026-01-20 13:40:58.740] [322018] [HailoRT] [info] [config_buffer.cpp:171] [program_descriptors] ConfigBuffer::program_descriptors: Channel 0:0. Programming 81 descriptors. Offset: 40976
[2026-01-20 13:40:58.740] [322018] [HailoRT] [info] [context_switch_actions.cpp:251] [write_to_config_buffer] WriteDataCcwAction: Writing Config Data. Total Size: 8200 bytes. Stream Index: 0
[2026-01-20 13:40:58.740] [322018] [HailoRT] [info] [config_buffer.cpp:171] [program_descriptors] ConfigBuffer::program_descriptors: Channel 0:0. Programming 17 descriptors. Offset: 8200
[2026-01-20 13:40:58.740] [322018] [HailoRT] [info] [context_switch_actions.cpp:251] [write_to_config_buffer] WriteDataCcwAction: Writing Config Data. Total Size: 32400 bytes. Stream Index: 0
[2026-01-20 13:40:58.740] [322018] [HailoRT] [info] [config_buffer.cpp:171] [program_descriptors] ConfigBuffer::program_descriptors: Channel 0:0. Programming 64 descriptors. Offset: 32400
[2026-01-20 13:40:58.740] [322018] [HailoRT] [info] [context_switch_actions.cpp:251] [write_to_config_buffer] WriteDataCcwAction: Writing Config Data. Total Size: 5064 bytes. Stream Index: 0
[2026-01-20 13:40:58.741] [322018] [HailoRT] [info] [config_buffer.cpp:171] [program_descriptors] ConfigBuffer::program_descriptors: Channel 0:0. Programming 10 descriptors. Offset: 5064
[2026-01-20 13:40:58.741] [322018] [HailoRT] [info] [context_switch_actions.cpp:251] [write_to_config_buffer] WriteDataCcwAction: Writing Config Data. Total Size: 24936 bytes. Stream Index: 1
[2026-01-20 13:40:58.741] [322018] [HailoRT] [info] [config_buffer.cpp:171] [program_descriptors] ConfigBuffer::program_descriptors: Channel 0:1. Programming 49 descriptors. Offset: 24936
[2026-01-20 13:40:58.741] [322018] [HailoRT] [info] [context_switch_actions.cpp:251] [write_to_config_buffer] WriteDataCcwAction: Writing Config Data. Total Size: 438832 bytes. Stream Index: 0
[2026-01-20 13:40:58.741] [322018] [HailoRT] [info] [config_buffer.cpp:171] [program_descriptors] ConfigBuffer::program_descriptors: Channel 0:0. Programming 858 descriptors. Offset: 438832
[2026-01-20 13:40:58.741] [322018] [HailoRT] [info] [context_switch_actions.cpp:251] [write_to_config_buffer] WriteDataCcwAction: Writing Config Data. Total Size: 112856 bytes. Stream Index: 1
[2026-01-20 13:40:58.741] [322018] [HailoRT] [info] [config_buffer.cpp:171] [program_descriptors] ConfigBuffer::program_descriptors: Channel 0:1. Programming 221 descriptors. Offset: 112856
[2026-01-20 13:40:58.741] [322018] [HailoRT] [info] [context_switch_actions.cpp:251] [write_to_config_buffer] WriteDataCcwAction: Writing Config Data. Total Size: 87384 bytes. Stream Index: 1
[2026-01-20 13:40:58.741] [322018] [HailoRT] [info] [config_buffer.cpp:171] [program_descriptors] ConfigBuffer::program_descriptors: Channel 0:1. Programming 171 descriptors. Offset: 87384
[2026-01-20 13:40:58.741] [322018] [HailoRT] [info] [context_switch_actions.cpp:251] [write_to_config_buffer] WriteDataCcwAction: Writing Config Data. Total Size: 31552 bytes. Stream Index: 1
[2026-01-20 13:40:58.741] [322018] [HailoRT] [info] [config_buffer.cpp:171] [program_descriptors] ConfigBuffer::program_descriptors: Channel 0:1. Programming 62 descriptors. Offset: 31552
[2026-01-20 13:40:58.741] [322018] [HailoRT] [info] [context_switch_actions.cpp:251] [write_to_config_buffer] WriteDataCcwAction: Writing Config Data. Total Size: 3080 bytes. Stream Index: 1
[2026-01-20 13:40:58.741] [322018] [HailoRT] [info] [config_buffer.cpp:171] [program_descriptors] ConfigBuffer::program_descriptors: Channel 0:1. Programming 7 descriptors. Offset: 3080
[2026-01-20 13:40:58.741] [322018] [HailoRT] [info] [context_switch_actions.cpp:251] [write_to_config_buffer] WriteDataCcwAction: Writing Config Data. Total Size: 3080 bytes. Stream Index: 1
[2026-01-20 13:40:58.741] [322018] [HailoRT] [info] [config_buffer.cpp:171] [program_descriptors] ConfigBuffer::program_descriptors: Channel 0:1. Programming 7 descriptors. Offset: 3080
[2026-01-20 13:40:58.741] [322018] [HailoRT] [info] [context_switch_actions.cpp:251] [write_to_config_buffer] WriteDataCcwAction: Writing Config Data. Total Size: 8200 bytes. Stream Index: 0
[2026-01-20 13:40:58.742] [322018] [HailoRT] [info] [config_buffer.cpp:171] [program_descriptors] ConfigBuffer::program_descriptors: Channel 0:0. Programming 17 descriptors. Offset: 8200
[2026-01-20 13:40:58.742] [322018] [HailoRT] [info] [context_switch_actions.cpp:251] [write_to_config_buffer] WriteDataCcwAction: Writing Config Data. Total Size: 73752 bytes. Stream Index: 0
[2026-01-20 13:40:58.742] [322018] [HailoRT] [info] [config_buffer.cpp:171] [program_descriptors] ConfigBuffer::program_descriptors: Channel 0:0. Programming 145 descriptors. Offset: 73752
[2026-01-20 13:40:58.742] [322018] [HailoRT] [info] [context_switch_actions.cpp:251] [write_to_config_buffer] WriteDataCcwAction: Writing Config Data. Total Size: 369752 bytes. Stream Index: 0
[2026-01-20 13:40:58.742] [322018] [HailoRT] [info] [config_buffer.cpp:171] [program_descriptors] ConfigBuffer::program_descriptors: Channel 0:0. Programming 723 descriptors. Offset: 369752
[2026-01-20 13:40:58.742] [322018] [HailoRT] [info] [context_switch_actions.cpp:251] [write_to_config_buffer] WriteDataCcwAction: Writing Config Data. Total Size: 322280 bytes. Stream Index: 0
[2026-01-20 13:40:58.744] [322018] [HailoRT] [info] [config_buffer.cpp:171] [program_descriptors] ConfigBuffer::program_descriptors: Channel 0:0. Programming 630 descriptors. Offset: 322280
[2026-01-20 13:40:58.744] [322018] [HailoRT] [info] [context_switch_actions.cpp:251] [write_to_config_buffer] WriteDataCcwAction: Writing Config Data. Total Size: 178592 bytes. Stream Index: 0
[2026-01-20 13:40:58.745] [322018] [HailoRT] [info] [config_buffer.cpp:171] [program_descriptors] ConfigBuffer::program_descriptors: Channel 0:0. Programming 349 descriptors. Offset: 178592
[2026-01-20 13:40:58.745] [322018] [HailoRT] [info] [context_switch_actions.cpp:251] [write_to_config_buffer] WriteDataCcwAction: Writing Config Data. Total Size: 41384 bytes. Stream Index: 0
[2026-01-20 13:40:58.745] [322018] [HailoRT] [info] [config_buffer.cpp:171] [program_descriptors] ConfigBuffer::program_descriptors: Channel 0:0. Programming 81 descriptors. Offset: 41384
[2026-01-20 13:40:58.745] [322018] [HailoRT] [info] [context_switch_actions.cpp:251] [write_to_config_buffer] WriteDataCcwAction: Writing Config Data. Total Size: 25488 bytes. Stream Index: 0
[2026-01-20 13:40:58.745] [322018] [HailoRT] [info] [config_buffer.cpp:171] [program_descriptors] ConfigBuffer::program_descriptors: Channel 0:0. Programming 50 descriptors. Offset: 25488
[2026-01-20 13:40:58.745] [322018] [HailoRT] [info] [context_switch_actions.cpp:251] [write_to_config_buffer] WriteDataCcwAction: Writing Config Data. Total Size: 32776 bytes. Stream Index: 0
[2026-01-20 13:40:58.745] [322018] [HailoRT] [info] [config_buffer.cpp:171] [program_descriptors] ConfigBuffer::program_descriptors: Channel 0:0. Programming 65 descriptors. Offset: 32776
[2026-01-20 13:40:58.745] [322018] [HailoRT] [info] [context_switch_actions.cpp:251] [write_to_config_buffer] WriteDataCcwAction: Writing Config Data. Total Size: 8200 bytes. Stream Index: 0
[2026-01-20 13:40:58.745] [322018] [HailoRT] [info] [config_buffer.cpp:171] [program_descriptors] ConfigBuffer::program_descriptors: Channel 0:0. Programming 17 descriptors. Offset: 8200
[2026-01-20 13:40:58.745] [322018] [HailoRT] [info] [context_switch_actions.cpp:251] [write_to_config_buffer] WriteDataCcwAction: Writing Config Data. Total Size: 40976 bytes. Stream Index: 0
[2026-01-20 13:40:58.745] [322018] [HailoRT] [info] [config_buffer.cpp:171] [program_descriptors] ConfigBuffer::program_descriptors: Channel 0:0. Programming 81 descriptors. Offset: 40976
[2026-01-20 13:40:58.745] [322018] [HailoRT] [info] [context_switch_actions.cpp:251] [write_to_config_buffer] WriteDataCcwAction: Writing Config Data. Total Size: 8200 bytes. Stream Index: 0
[2026-01-20 13:40:58.745] [322018] [HailoRT] [info] [config_buffer.cpp:171] [program_descriptors] ConfigBuffer::program_descriptors: Channel 0:0. Programming 17 descriptors. Offset: 8200
[2026-01-20 13:40:58.745] [322018] [HailoRT] [info] [context_switch_actions.cpp:251] [write_to_config_buffer] WriteDataCcwAction: Writing Config Data. Total Size: 8200 bytes. Stream Index: 0
[2026-01-20 13:40:58.745] [322018] [HailoRT] [info] [config_buffer.cpp:171] [program_descriptors] ConfigBuffer::program_descriptors: Channel 0:0. Programming 17 descriptors. Offset: 8200
[2026-01-20 13:40:58.745] [322018] [HailoRT] [info] [context_switch_actions.cpp:251] [write_to_config_buffer] WriteDataCcwAction: Writing Config Data. Total Size: 65552 bytes. Stream Index: 0
[2026-01-20 13:40:58.745] [322018] [HailoRT] [info] [config_buffer.cpp:171] [program_descriptors] ConfigBuffer::program_descriptors: Channel 0:0. Programming 129 descriptors. Offset: 65552
[2026-01-20 13:40:58.745] [322018] [HailoRT] [info] [context_switch_actions.cpp:251] [write_to_config_buffer] WriteDataCcwAction: Writing Config Data. Total Size: 8200 bytes. Stream Index: 0
[2026-01-20 13:40:58.745] [322018] [HailoRT] [info] [config_buffer.cpp:171] [program_descriptors] ConfigBuffer::program_descriptors: Channel 0:0. Programming 17 descriptors. Offset: 8200
[2026-01-20 13:40:58.745] [322018] [HailoRT] [info] [context_switch_actions.cpp:251] [write_to_config_buffer] WriteDataCcwAction: Writing Config Data. Total Size: 16400 bytes. Stream Index: 0
[2026-01-20 13:40:58.745] [322018] [HailoRT] [info] [config_buffer.cpp:171] [program_descriptors] ConfigBuffer::program_descriptors: Channel 0:0. Programming 33 descriptors. Offset: 16400
[2026-01-20 13:40:58.745] [322018] [HailoRT] [info] [context_switch_actions.cpp:251] [write_to_config_buffer] WriteDataCcwAction: Writing Config Data. Total Size: 57120 bytes. Stream Index: 1
[2026-01-20 13:40:58.745] [322018] [HailoRT] [info] [config_buffer.cpp:171] [program_descriptors] ConfigBuffer::program_descriptors: Channel 0:1. Programming 112 descriptors. Offset: 57120
[2026-01-20 13:40:58.745] [322018] [HailoRT] [info] [context_switch_actions.cpp:251] [write_to_config_buffer] WriteDataCcwAction: Writing Config Data. Total Size: 73752 bytes. Stream Index: 0
[2026-01-20 13:40:58.746] [322018] [HailoRT] [info] [config_buffer.cpp:171] [program_descriptors] ConfigBuffer::program_descriptors: Channel 0:0. Programming 145 descriptors. Offset: 73752
[2026-01-20 13:40:58.746] [322018] [HailoRT] [info] [context_switch_actions.cpp:251] [write_to_config_buffer] WriteDataCcwAction: Writing Config Data. Total Size: 511144 bytes. Stream Index: 0
[2026-01-20 13:40:58.746] [322018] [HailoRT] [info] [config_buffer.cpp:171] [program_descriptors] ConfigBuffer::program_descriptors: Channel 0:0. Programming 999 descriptors. Offset: 511144
[2026-01-20 13:40:58.746] [322018] [HailoRT] [info] [context_switch_actions.cpp:251] [write_to_config_buffer] WriteDataCcwAction: Writing Config Data. Total Size: 329328 bytes. Stream Index: 0
[2026-01-20 13:40:58.746] [322018] [HailoRT] [info] [config_buffer.cpp:171] [program_descriptors] ConfigBuffer::program_descriptors: Channel 0:0. Programming 644 descriptors. Offset: 329328
[2026-01-20 13:40:58.746] [322018] [HailoRT] [info] [context_switch_actions.cpp:251] [write_to_config_buffer] WriteDataCcwAction: Writing Config Data. Total Size: 336168 bytes. Stream Index: 0
[2026-01-20 13:40:58.747] [322018] [HailoRT] [info] [config_buffer.cpp:171] [program_descriptors] ConfigBuffer::program_descriptors: Channel 0:0. Programming 657 descriptors. Offset: 336168
[2026-01-20 13:40:58.747] [322018] [HailoRT] [info] [context_switch_actions.cpp:251] [write_to_config_buffer] WriteDataCcwAction: Writing Config Data. Total Size: 2528 bytes. Stream Index: 1
[2026-01-20 13:40:58.747] [322018] [HailoRT] [info] [config_buffer.cpp:171] [program_descriptors] ConfigBuffer::program_descriptors: Channel 0:1. Programming 5 descriptors. Offset: 2528
[2026-01-20 13:40:58.747] [322018] [HailoRT] [info] [context_switch_actions.cpp:251] [write_to_config_buffer] WriteDataCcwAction: Writing Config Data. Total Size: 49176 bytes. Stream Index: 0
[2026-01-20 13:40:58.747] [322018] [HailoRT] [info] [config_buffer.cpp:171] [program_descriptors] ConfigBuffer::program_descriptors: Channel 0:0. Programming 97 descriptors. Offset: 49176
[2026-01-20 13:40:58.747] [322018] [HailoRT] [info] [context_switch_actions.cpp:251] [write_to_config_buffer] WriteDataCcwAction: Writing Config Data. Total Size: 23688 bytes. Stream Index: 0
[2026-01-20 13:40:58.747] [322018] [HailoRT] [info] [config_buffer.cpp:171] [program_descriptors] ConfigBuffer::program_descriptors: Channel 0:0. Programming 47 descriptors. Offset: 23688
[2026-01-20 13:40:58.747] [322018] [HailoRT] [info] [context_switch_actions.cpp:251] [write_to_config_buffer] WriteDataCcwAction: Writing Config Data. Total Size: 344784 bytes. Stream Index: 0
[2026-01-20 13:40:58.748] [322018] [HailoRT] [info] [config_buffer.cpp:171] [program_descriptors] ConfigBuffer::program_descriptors: Channel 0:0. Programming 674 descriptors. Offset: 344784
[2026-01-20 13:40:58.748] [322018] [HailoRT] [info] [context_switch_actions.cpp:251] [write_to_config_buffer] WriteDataCcwAction: Writing Config Data. Total Size: 348496 bytes. Stream Index: 0
[2026-01-20 13:40:58.748] [322018] [HailoRT] [info] [config_buffer.cpp:171] [program_descriptors] ConfigBuffer::program_descriptors: Channel 0:0. Programming 681 descriptors. Offset: 348496
[2026-01-20 13:40:58.750] [322018] [HailoRT] [info] [context_switch_actions.cpp:251] [write_to_config_buffer] WriteDataCcwAction: Writing Config Data. Total Size: 32288 bytes. Stream Index: 1
[2026-01-20 13:40:58.750] [322018] [HailoRT] [info] [config_buffer.cpp:171] [program_descriptors] ConfigBuffer::program_descriptors: Channel 0:1. Programming 64 descriptors. Offset: 32288
[2026-01-20 13:40:58.750] [322018] [HailoRT] [info] [context_switch_actions.cpp:251] [write_to_config_buffer] WriteDataCcwAction: Writing Config Data. Total Size: 4624 bytes. Stream Index: 1
[2026-01-20 13:40:58.750] [322018] [HailoRT] [info] [config_buffer.cpp:171] [program_descriptors] ConfigBuffer::program_descriptors: Channel 0:1. Programming 10 descriptors. Offset: 4624
[2026-01-20 13:40:58.750] [322018] [HailoRT] [info] [context_switch_actions.cpp:251] [write_to_config_buffer] WriteDataCcwAction: Writing Config Data. Total Size: 29832 bytes. Stream Index: 0
[2026-01-20 13:40:58.750] [322018] [HailoRT] [info] [config_buffer.cpp:171] [program_descriptors] ConfigBuffer::program_descriptors: Channel 0:0. Programming 59 descriptors. Offset: 29832
[2026-01-20 13:40:58.750] [322018] [HailoRT] [info] [context_switch_actions.cpp:251] [write_to_config_buffer] WriteDataCcwAction: Writing Config Data. Total Size: 47184 bytes. Stream Index: 0
[2026-01-20 13:40:58.750] [322018] [HailoRT] [info] [config_buffer.cpp:171] [program_descriptors] ConfigBuffer::program_descriptors: Channel 0:0. Programming 93 descriptors. Offset: 47184
[2026-01-20 13:40:58.750] [322018] [HailoRT] [info] [context_switch_actions.cpp:251] [write_to_config_buffer] WriteDataCcwAction: Writing Config Data. Total Size: 11944 bytes. Stream Index: 0
[2026-01-20 13:40:58.750] [322018] [HailoRT] [info] [config_buffer.cpp:171] [program_descriptors] ConfigBuffer::program_descriptors: Channel 0:0. Programming 24 descriptors. Offset: 11944
[2026-01-20 13:40:58.750] [322018] [HailoRT] [info] [context_switch_actions.cpp:251] [write_to_config_buffer] WriteDataCcwAction: Writing Config Data. Total Size: 38032 bytes. Stream Index: 0
[2026-01-20 13:40:58.750] [322018] [HailoRT] [info] [config_buffer.cpp:171] [program_descriptors] ConfigBuffer::program_descriptors: Channel 0:0. Programming 75 descriptors. Offset: 38032
[2026-01-20 13:40:58.750] [322018] [HailoRT] [info] [context_switch_actions.cpp:251] [write_to_config_buffer] WriteDataCcwAction: Writing Config Data. Total Size: 115192 bytes. Stream Index: 1
[2026-01-20 13:40:58.751] [322018] [HailoRT] [info] [config_buffer.cpp:171] [program_descriptors] ConfigBuffer::program_descriptors: Channel 0:1. Programming 225 descriptors. Offset: 115192
[2026-01-20 13:40:58.751] [322018] [HailoRT] [info] [context_switch_actions.cpp:251] [write_to_config_buffer] WriteDataCcwAction: Writing Config Data. Total Size: 279872 bytes. Stream Index: 0
[2026-01-20 13:40:58.751] [322018] [HailoRT] [info] [config_buffer.cpp:171] [program_descriptors] ConfigBuffer::program_descriptors: Channel 0:0. Programming 547 descriptors. Offset: 279872
[2026-01-20 13:40:58.751] [322018] [HailoRT] [info] [context_switch_actions.cpp:251] [write_to_config_buffer] WriteDataCcwAction: Writing Config Data. Total Size: 59000 bytes. Stream Index: 0
[2026-01-20 13:40:58.751] [322018] [HailoRT] [info] [config_buffer.cpp:171] [program_descriptors] ConfigBuffer::program_descriptors: Channel 0:0. Programming 116 descriptors. Offset: 59000
[2026-01-20 13:40:58.764] [322018] [HailoRT] [info] [hailort_driver.cpp:476] [fw_control] Sending FW Control: opcode=0x00000048 (HAILO_CONTROL_OPCODE_GET_HW_CONSTS), len=20, cpu_id=1
[2026-01-20 13:40:58.764] [322018] [HailoRT] [info] [context_switch_actions.cpp:251] [write_to_config_buffer] WriteDataCcwAction: Writing Config Data. Total Size: 2502536 bytes. Stream Index: 1
[2026-01-20 13:40:58.767] [322018] [HailoRT] [info] [config_buffer.cpp:171] [program_descriptors] ConfigBuffer::program_descriptors: Channel 0:1. Programming 4888 descriptors. Offset: 2502536
[2026-01-20 13:40:58.767] [322018] [HailoRT] [info] [context_switch_actions.cpp:251] [write_to_config_buffer] WriteDataCcwAction: Writing Config Data. Total Size: 178464 bytes. Stream Index: 0
[2026-01-20 13:40:58.767] [322018] [HailoRT] [info] [config_buffer.cpp:171] [program_descriptors] ConfigBuffer::program_descriptors: Channel 0:0. Programming 349 descriptors. Offset: 178464
[2026-01-20 13:40:58.767] [322018] [HailoRT] [info] [context_switch_actions.cpp:251] [write_to_config_buffer] WriteDataCcwAction: Writing Config Data. Total Size: 52352 bytes. Stream Index: 1
[2026-01-20 13:40:58.767] [322018] [HailoRT] [info] [config_buffer.cpp:171] [program_descriptors] ConfigBuffer::program_descriptors: Channel 0:1. Programming 103 descriptors. Offset: 52352
[2026-01-20 13:40:58.767] [322018] [HailoRT] [info] [context_switch_actions.cpp:251] [write_to_config_buffer] WriteDataCcwAction: Writing Config Data. Total Size: 114784 bytes. Stream Index: 0
[2026-01-20 13:40:58.767] [322018] [HailoRT] [info] [config_buffer.cpp:171] [program_descriptors] ConfigBuffer::program_descriptors: Channel 0:0. Programming 225 descriptors. Offset: 114784
[2026-01-20 13:40:58.767] [322018] [HailoRT] [info] [context_switch_actions.cpp:251] [write_to_config_buffer] WriteDataCcwAction: Writing Config Data. Total Size: 26176 bytes. Stream Index: 1
[2026-01-20 13:40:58.767] [322018] [HailoRT] [info] [config_buffer.cpp:171] [program_descriptors] ConfigBuffer::program_descriptors: Channel 0:1. Programming 52 descriptors. Offset: 26176
[2026-01-20 13:40:58.767] [322018] [HailoRT] [info] [context_switch_actions.cpp:251] [write_to_config_buffer] WriteDataCcwAction: Writing Config Data. Total Size: 22432 bytes. Stream Index: 0
[2026-01-20 13:40:58.767] [322018] [HailoRT] [info] [config_buffer.cpp:171] [program_descriptors] ConfigBuffer::program_descriptors: Channel 0:0. Programming 44 descriptors. Offset: 22432
[2026-01-20 13:40:58.767] [322018] [HailoRT] [info] [context_switch_actions.cpp:251] [write_to_config_buffer] WriteDataCcwAction: Writing Config Data. Total Size: 26216 bytes. Stream Index: 1
[2026-01-20 13:40:58.767] [322018] [HailoRT] [info] [config_buffer.cpp:171] [program_descriptors] ConfigBuffer::program_descriptors: Channel 0:1. Programming 52 descriptors. Offset: 26216
[2026-01-20 13:40:58.767] [322018] [HailoRT] [info] [context_switch_actions.cpp:251] [write_to_config_buffer] WriteDataCcwAction: Writing Config Data. Total Size: 22248 bytes. Stream Index: 0
[2026-01-20 13:40:58.768] [322018] [HailoRT] [info] [config_buffer.cpp:171] [program_descriptors] ConfigBuffer::program_descriptors: Channel 0:0. Programming 44 descriptors. Offset: 22248
[2026-01-20 13:40:58.768] [322018] [HailoRT] [info] [context_switch_actions.cpp:251] [write_to_config_buffer] WriteDataCcwAction: Writing Config Data. Total Size: 44760 bytes. Stream Index: 0
[2026-01-20 13:40:58.768] [322018] [HailoRT] [info] [config_buffer.cpp:171] [program_descriptors] ConfigBuffer::program_descriptors: Channel 0:0. Programming 88 descriptors. Offset: 44760
[2026-01-20 13:40:58.768] [322018] [HailoRT] [info] [context_switch_actions.cpp:251] [write_to_config_buffer] WriteDataCcwAction: Writing Config Data. Total Size: 22424 bytes. Stream Index: 0
[2026-01-20 13:40:58.768] [322018] [HailoRT] [info] [config_buffer.cpp:171] [program_descriptors] ConfigBuffer::program_descriptors: Channel 0:0. Programming 44 descriptors. Offset: 22424
[2026-01-20 13:40:58.768] [322018] [HailoRT] [info] [context_switch_actions.cpp:251] [write_to_config_buffer] WriteDataCcwAction: Writing Config Data. Total Size: 67168 bytes. Stream Index: 0
[2026-01-20 13:40:58.768] [322018] [HailoRT] [info] [config_buffer.cpp:171] [program_descriptors] ConfigBuffer::program_descriptors: Channel 0:0. Programming 132 descriptors. Offset: 67168
[2026-01-20 13:40:58.768] [322018] [HailoRT] [info] [context_switch_actions.cpp:251] [write_to_config_buffer] WriteDataCcwAction: Writing Config Data. Total Size: 67472 bytes. Stream Index: 0
[2026-01-20 13:40:58.768] [322018] [HailoRT] [info] [config_buffer.cpp:171] [program_descriptors] ConfigBuffer::program_descriptors: Channel 0:0. Programming 132 descriptors. Offset: 67472
[2026-01-20 13:40:58.768] [322018] [HailoRT] [info] [context_switch_actions.cpp:251] [write_to_config_buffer] WriteDataCcwAction: Writing Config Data. Total Size: 22480 bytes. Stream Index: 1
[2026-01-20 13:40:58.768] [322018] [HailoRT] [info] [config_buffer.cpp:171] [program_descriptors] ConfigBuffer::program_descriptors: Channel 0:1. Programming 44 descriptors. Offset: 22480
[2026-01-20 13:40:58.768] [322018] [HailoRT] [info] [context_switch_actions.cpp:251] [write_to_config_buffer] WriteDataCcwAction: Writing Config Data. Total Size: 22056 bytes. Stream Index: 1
[2026-01-20 13:40:58.768] [322018] [HailoRT] [info] [config_buffer.cpp:171] [program_descriptors] ConfigBuffer::program_descriptors: Channel 0:1. Programming 44 descriptors. Offset: 22056
[2026-01-20 13:40:58.768] [322018] [HailoRT] [info] [context_switch_actions.cpp:251] [write_to_config_buffer] WriteDataCcwAction: Writing Config Data. Total Size: 22520 bytes. Stream Index: 1
[2026-01-20 13:40:58.768] [322018] [HailoRT] [info] [config_buffer.cpp:171] [program_descriptors] ConfigBuffer::program_descriptors: Channel 0:1. Programming 44 descriptors. Offset: 22520
[2026-01-20 13:40:58.768] [322018] [HailoRT] [info] [context_switch_actions.cpp:251] [write_to_config_buffer] WriteDataCcwAction: Writing Config Data. Total Size: 50024 bytes. Stream Index: 1
[2026-01-20 13:40:58.768] [322018] [HailoRT] [info] [config_buffer.cpp:171] [program_descriptors] ConfigBuffer::program_descriptors: Channel 0:1. Programming 98 descriptors. Offset: 50024
[2026-01-20 13:40:58.768] [322018] [HailoRT] [info] [context_switch_actions.cpp:251] [write_to_config_buffer] WriteDataCcwAction: Writing Config Data. Total Size: 297952 bytes. Stream Index: 1
[2026-01-20 13:40:58.769] [322018] [HailoRT] [info] [config_buffer.cpp:171] [program_descriptors] ConfigBuffer::program_descriptors: Channel 0:1. Programming 582 descriptors. Offset: 297952
[2026-01-20 13:40:58.769] [322018] [HailoRT] [info] [context_switch_actions.cpp:251] [write_to_config_buffer] WriteDataCcwAction: Writing Config Data. Total Size: 145000 bytes. Stream Index: 1
[2026-01-20 13:40:58.769] [322018] [HailoRT] [info] [config_buffer.cpp:171] [program_descriptors] ConfigBuffer::program_descriptors: Channel 0:1. Programming 284 descriptors. Offset: 145000
[2026-01-20 13:40:58.769] [322018] [HailoRT] [info] [context_switch_actions.cpp:251] [write_to_config_buffer] WriteDataCcwAction: Writing Config Data. Total Size: 22024 bytes. Stream Index: 1
[2026-01-20 13:40:58.769] [322018] [HailoRT] [info] [config_buffer.cpp:171] [program_descriptors] ConfigBuffer::program_descriptors: Channel 0:1. Programming 44 descriptors. Offset: 22024
[2026-01-20 13:40:58.769] [322018] [HailoRT] [info] [context_switch_actions.cpp:251] [write_to_config_buffer] WriteDataCcwAction: Writing Config Data. Total Size: 20808 bytes. Stream Index: 1
[2026-01-20 13:40:58.769] [322018] [HailoRT] [info] [config_buffer.cpp:171] [program_descriptors] ConfigBuffer::program_descriptors: Channel 0:1. Programming 41 descriptors. Offset: 20808
[2026-01-20 13:40:58.769] [322018] [HailoRT] [info] [context_switch_actions.cpp:251] [write_to_config_buffer] WriteDataCcwAction: Writing Config Data. Total Size: 112624 bytes. Stream Index: 1
[2026-01-20 13:40:58.769] [322018] [HailoRT] [info] [config_buffer.cpp:171] [program_descriptors] ConfigBuffer::program_descriptors: Channel 0:1. Programming 220 descriptors. Offset: 112624
[2026-01-20 13:40:58.769] [322018] [HailoRT] [info] [context_switch_actions.cpp:251] [write_to_config_buffer] WriteDataCcwAction: Writing Config Data. Total Size: 111232 bytes. Stream Index: 0
[2026-01-20 13:40:58.769] [322018] [HailoRT] [info] [config_buffer.cpp:171] [program_descriptors] ConfigBuffer::program_descriptors: Channel 0:0. Programming 218 descriptors. Offset: 111232
[2026-01-20 13:40:58.769] [322018] [HailoRT] [info] [context_switch_actions.cpp:251] [write_to_config_buffer] WriteDataCcwAction: Writing Config Data. Total Size: 45016 bytes. Stream Index: 0
[2026-01-20 13:40:58.769] [322018] [HailoRT] [info] [config_buffer.cpp:171] [program_descriptors] ConfigBuffer::program_descriptors: Channel 0:0. Programming 88 descriptors. Offset: 45016
[2026-01-20 13:40:58.769] [322018] [HailoRT] [info] [context_switch_actions.cpp:251] [write_to_config_buffer] WriteDataCcwAction: Writing Config Data. Total Size: 316760 bytes. Stream Index: 1
[2026-01-20 13:40:58.770] [322018] [HailoRT] [info] [config_buffer.cpp:171] [program_descriptors] ConfigBuffer::program_descriptors: Channel 0:1. Programming 619 descriptors. Offset: 316760
[2026-01-20 13:40:58.770] [322018] [HailoRT] [info] [context_switch_actions.cpp:251] [write_to_config_buffer] WriteDataCcwAction: Writing Config Data. Total Size: 109784 bytes. Stream Index: 1
[2026-01-20 13:40:58.770] [322018] [HailoRT] [info] [config_buffer.cpp:171] [program_descriptors] ConfigBuffer::program_descriptors: Channel 0:1. Programming 215 descriptors. Offset: 109784
[2026-01-20 13:40:58.770] [322018] [HailoRT] [info] [context_switch_actions.cpp:251] [write_to_config_buffer] WriteDataCcwAction: Writing Config Data. Total Size: 301192 bytes. Stream Index: 0
[2026-01-20 13:40:58.770] [322018] [HailoRT] [info] [config_buffer.cpp:171] [program_descriptors] ConfigBuffer::program_descriptors: Channel 0:0. Programming 589 descriptors. Offset: 301192
[2026-01-20 13:40:58.770] [322018] [HailoRT] [info] [context_switch_actions.cpp:251] [write_to_config_buffer] WriteDataCcwAction: Writing Config Data. Total Size: 42080 bytes. Stream Index: 1
[2026-01-20 13:40:58.770] [322018] [HailoRT] [info] [config_buffer.cpp:171] [program_descriptors] ConfigBuffer::program_descriptors: Channel 0:1. Programming 83 descriptors. Offset: 42080
[2026-01-20 13:40:58.770] [322018] [HailoRT] [info] [context_switch_actions.cpp:251] [write_to_config_buffer] WriteDataCcwAction: Writing Config Data. Total Size: 25792 bytes. Stream Index: 1
[2026-01-20 13:40:58.770] [322018] [HailoRT] [info] [config_buffer.cpp:171] [program_descriptors] ConfigBuffer::program_descriptors: Channel 0:1. Programming 51 descriptors. Offset: 25792
[2026-01-20 13:40:58.770] [322018] [HailoRT] [info] [context_switch_actions.cpp:251] [write_to_config_buffer] WriteDataCcwAction: Writing Config Data. Total Size: 16136 bytes. Stream Index: 1
[2026-01-20 13:40:58.770] [322018] [HailoRT] [info] [config_buffer.cpp:171] [program_descriptors] ConfigBuffer::program_descriptors: Channel 0:1. Programming 32 descriptors. Offset: 16136
[2026-01-20 13:40:58.770] [322018] [HailoRT] [info] [context_switch_actions.cpp:251] [write_to_config_buffer] WriteDataCcwAction: Writing Config Data. Total Size: 25488 bytes. Stream Index: 1
[2026-01-20 13:40:58.770] [322018] [HailoRT] [info] [config_buffer.cpp:171] [program_descriptors] ConfigBuffer::program_descriptors: Channel 0:1. Programming 50 descriptors. Offset: 25488
[2026-01-20 13:40:58.770] [322018] [HailoRT] [info] [context_switch_actions.cpp:251] [write_to_config_buffer] WriteDataCcwAction: Writing Config Data. Total Size: 25904 bytes. Stream Index: 1
[2026-01-20 13:40:58.770] [322018] [HailoRT] [info] [config_buffer.cpp:171] [program_descriptors] ConfigBuffer::program_descriptors: Channel 0:1. Programming 51 descriptors. Offset: 25904
[2026-01-20 13:40:58.770] [322018] [HailoRT] [info] [context_switch_actions.cpp:251] [write_to_config_buffer] WriteDataCcwAction: Writing Config Data. Total Size: 16136 bytes. Stream Index: 1
[2026-01-20 13:40:58.770] [322018] [HailoRT] [info] [config_buffer.cpp:171] [program_descriptors] ConfigBuffer::program_descriptors: Channel 0:1. Programming 32 descriptors. Offset: 16136
[2026-01-20 13:40:58.770] [322018] [HailoRT] [info] [context_switch_actions.cpp:251] [write_to_config_buffer] WriteDataCcwAction: Writing Config Data. Total Size: 16168 bytes. Stream Index: 1
[2026-01-20 13:40:58.770] [322018] [HailoRT] [info] [config_buffer.cpp:171] [program_descriptors] ConfigBuffer::program_descriptors: Channel 0:1. Programming 32 descriptors. Offset: 16168
[2026-01-20 13:40:58.770] [322018] [HailoRT] [info] [context_switch_actions.cpp:251] [write_to_config_buffer] WriteDataCcwAction: Writing Config Data. Total Size: 67520 bytes. Stream Index: 1
[2026-01-20 13:40:58.771] [322018] [HailoRT] [info] [config_buffer.cpp:171] [program_descriptors] ConfigBuffer::program_descriptors: Channel 0:1. Programming 132 descriptors. Offset: 67520
[2026-01-20 13:40:58.771] [322018] [HailoRT] [info] [context_switch_actions.cpp:251] [write_to_config_buffer] WriteDataCcwAction: Writing Config Data. Total Size: 41856 bytes. Stream Index: 1
[2026-01-20 13:40:58.771] [322018] [HailoRT] [info] [config_buffer.cpp:171] [program_descriptors] ConfigBuffer::program_descriptors: Channel 0:1. Programming 82 descriptors. Offset: 41856
[2026-01-20 13:40:58.771] [322018] [HailoRT] [info] [context_switch_actions.cpp:251] [write_to_config_buffer] WriteDataCcwAction: Writing Config Data. Total Size: 16152 bytes. Stream Index: 1
[2026-01-20 13:40:58.771] [322018] [HailoRT] [info] [config_buffer.cpp:171] [program_descriptors] ConfigBuffer::program_descriptors: Channel 0:1. Programming 32 descriptors. Offset: 16152
[2026-01-20 13:40:58.771] [322018] [HailoRT] [info] [context_switch_actions.cpp:251] [write_to_config_buffer] WriteDataCcwAction: Writing Config Data. Total Size: 16 bytes. Stream Index: 1
[2026-01-20 13:40:58.771] [322018] [HailoRT] [info] [config_buffer.cpp:171] [program_descriptors] ConfigBuffer::program_descriptors: Channel 0:1. Programming 1 descriptors. Offset: 16
[2026-01-20 13:40:58.771] [322018] [HailoRT] [info] [context_switch_actions.cpp:251] [write_to_config_buffer] WriteDataCcwAction: Writing Config Data. Total Size: 25904 bytes. Stream Index: 1
[2026-01-20 13:40:58.771] [322018] [HailoRT] [info] [config_buffer.cpp:171] [program_descriptors] ConfigBuffer::program_descriptors: Channel 0:1. Programming 51 descriptors. Offset: 25904
[2026-01-20 13:40:58.771] [322018] [HailoRT] [info] [context_switch_actions.cpp:251] [write_to_config_buffer] WriteDataCcwAction: Writing Config Data. Total Size: 51840 bytes. Stream Index: 1
[2026-01-20 13:40:58.771] [322018] [HailoRT] [info] [config_buffer.cpp:171] [program_descriptors] ConfigBuffer::program_descriptors: Channel 0:1. Programming 102 descriptors. Offset: 51840
[2026-01-20 13:40:58.771] [322018] [HailoRT] [info] [context_switch_actions.cpp:251] [write_to_config_buffer] WriteDataCcwAction: Writing Config Data. Total Size: 53264 bytes. Stream Index: 1
[2026-01-20 13:40:58.771] [322018] [HailoRT] [info] [config_buffer.cpp:171] [program_descriptors] ConfigBuffer::program_descriptors: Channel 0:1. Programming 105 descriptors. Offset: 53264
[2026-01-20 13:40:58.771] [322018] [HailoRT] [info] [context_switch_actions.cpp:251] [write_to_config_buffer] WriteDataCcwAction: Writing Config Data. Total Size: 65552 bytes. Stream Index: 1
[2026-01-20 13:40:58.771] [322018] [HailoRT] [info] [config_buffer.cpp:171] [program_descriptors] ConfigBuffer::program_descriptors: Channel 0:1. Programming 129 descriptors. Offset: 65552
[2026-01-20 13:40:58.771] [322018] [HailoRT] [info] [context_switch_actions.cpp:251] [write_to_config_buffer] WriteDataCcwAction: Writing Config Data. Total Size: 576600 bytes. Stream Index: 0
[2026-01-20 13:40:58.771] [322018] [HailoRT] [info] [config_buffer.cpp:171] [program_descriptors] ConfigBuffer::program_descriptors: Channel 0:0. Programming 1127 descriptors. Offset: 576600
[2026-01-20 13:40:58.771] [322018] [HailoRT] [info] [context_switch_actions.cpp:251] [write_to_config_buffer] WriteDataCcwAction: Writing Config Data. Total Size: 414424 bytes. Stream Index: 0
[2026-01-20 13:40:58.772] [322018] [HailoRT] [info] [config_buffer.cpp:171] [program_descriptors] ConfigBuffer::program_descriptors: Channel 0:0. Programming 810 descriptors. Offset: 414424
[2026-01-20 13:40:58.772] [322018] [HailoRT] [info] [context_switch_actions.cpp:251] [write_to_config_buffer] WriteDataCcwAction: Writing Config Data. Total Size: 16 bytes. Stream Index: 0
[2026-01-20 13:40:58.772] [322018] [HailoRT] [info] [config_buffer.cpp:171] [program_descriptors] ConfigBuffer::program_descriptors: Channel 0:0. Programming 1 descriptors. Offset: 16
[2026-01-20 13:40:58.772] [322018] [HailoRT] [info] [context_switch_actions.cpp:251] [write_to_config_buffer] WriteDataCcwAction: Writing Config Data. Total Size: 1544 bytes. Stream Index: 0
[2026-01-20 13:40:58.772] [322018] [HailoRT] [info] [config_buffer.cpp:171] [program_descriptors] ConfigBuffer::program_descriptors: Channel 0:0. Programming 4 descriptors. Offset: 1544
[2026-01-20 13:40:58.772] [322018] [HailoRT] [info] [context_switch_actions.cpp:251] [write_to_config_buffer] WriteDataCcwAction: Writing Config Data. Total Size: 48000 bytes. Stream Index: 0
[2026-01-20 13:40:58.772] [322018] [HailoRT] [info] [config_buffer.cpp:171] [program_descriptors] ConfigBuffer::program_descriptors: Channel 0:0. Programming 94 descriptors. Offset: 48000
[2026-01-20 13:40:58.772] [322018] [HailoRT] [info] [context_switch_actions.cpp:251] [write_to_config_buffer] WriteDataCcwAction: Writing Config Data. Total Size: 77552 bytes. Stream Index: 0
[2026-01-20 13:40:58.772] [322018] [HailoRT] [info] [config_buffer.cpp:171] [program_descriptors] ConfigBuffer::program_descriptors: Channel 0:0. Programming 152 descriptors. Offset: 77552
[2026-01-20 13:40:58.772] [322018] [HailoRT] [info] [context_switch_actions.cpp:251] [write_to_config_buffer] WriteDataCcwAction: Writing Config Data. Total Size: 320728 bytes. Stream Index: 0
[2026-01-20 13:40:58.773] [322018] [HailoRT] [info] [config_buffer.cpp:171] [program_descriptors] ConfigBuffer::program_descriptors: Channel 0:0. Programming 627 descriptors. Offset: 320728
[2026-01-20 13:40:58.773] [322018] [HailoRT] [info] [context_switch_actions.cpp:251] [write_to_config_buffer] WriteDataCcwAction: Writing Config Data. Total Size: 72 bytes. Stream Index: 0
[2026-01-20 13:40:58.773] [322018] [HailoRT] [info] [config_buffer.cpp:171] [program_descriptors] ConfigBuffer::program_descriptors: Channel 0:0. Programming 1 descriptors. Offset: 72
[2026-01-20 13:40:58.773] [322018] [HailoRT] [info] [context_switch_actions.cpp:251] [write_to_config_buffer] WriteDataCcwAction: Writing Config Data. Total Size: 104 bytes. Stream Index: 0
[2026-01-20 13:40:58.773] [322018] [HailoRT] [info] [config_buffer.cpp:171] [program_descriptors] ConfigBuffer::program_descriptors: Channel 0:0. Programming 1 descriptors. Offset: 104
[2026-01-20 13:40:58.773] [322018] [HailoRT] [info] [context_switch_actions.cpp:251] [write_to_config_buffer] WriteDataCcwAction: Writing Config Data. Total Size: 24712 bytes. Stream Index: 1
[2026-01-20 13:40:58.773] [322018] [HailoRT] [info] [config_buffer.cpp:171] [program_descriptors] ConfigBuffer::program_descriptors: Channel 0:1. Programming 49 descriptors. Offset: 24712
[2026-01-20 13:40:58.773] [322018] [HailoRT] [info] [context_switch_actions.cpp:251] [write_to_config_buffer] WriteDataCcwAction: Writing Config Data. Total Size: 21968 bytes. Stream Index: 1
[2026-01-20 13:40:58.773] [322018] [HailoRT] [info] [config_buffer.cpp:171] [program_descriptors] ConfigBuffer::program_descriptors: Channel 0:1. Programming 43 descriptors. Offset: 21968
[2026-01-20 13:40:58.773] [322018] [HailoRT] [info] [context_switch_actions.cpp:251] [write_to_config_buffer] WriteDataCcwAction: Writing Config Data. Total Size: 16248 bytes. Stream Index: 1
[2026-01-20 13:40:58.773] [322018] [HailoRT] [info] [config_buffer.cpp:171] [program_descriptors] ConfigBuffer::program_descriptors: Channel 0:1. Programming 32 descriptors. Offset: 16248
[2026-01-20 13:40:58.773] [322018] [HailoRT] [info] [context_switch_actions.cpp:251] [write_to_config_buffer] WriteDataCcwAction: Writing Config Data. Total Size: 3080 bytes. Stream Index: 1
[2026-01-20 13:40:58.773] [322018] [HailoRT] [info] [config_buffer.cpp:171] [program_descriptors] ConfigBuffer::program_descriptors: Channel 0:1. Programming 7 descriptors. Offset: 3080
[2026-01-20 13:40:58.773] [322018] [HailoRT] [info] [context_switch_actions.cpp:251] [write_to_config_buffer] WriteDataCcwAction: Writing Config Data. Total Size: 24936 bytes. Stream Index: 1
[2026-01-20 13:40:58.773] [322018] [HailoRT] [info] [config_buffer.cpp:171] [program_descriptors] ConfigBuffer::program_descriptors: Channel 0:1. Programming 49 descriptors. Offset: 24936
[2026-01-20 13:40:58.773] [322018] [HailoRT] [info] [context_switch_actions.cpp:251] [write_to_config_buffer] WriteDataCcwAction: Writing Config Data. Total Size: 10552 bytes. Stream Index: 1
[2026-01-20 13:40:58.773] [322018] [HailoRT] [info] [config_buffer.cpp:171] [program_descriptors] ConfigBuffer::program_descriptors: Channel 0:1. Programming 21 descriptors. Offset: 10552
[2026-01-20 13:40:58.773] [322018] [HailoRT] [info] [context_switch_actions.cpp:251] [write_to_config_buffer] WriteDataCcwAction: Writing Config Data. Total Size: 26208 bytes. Stream Index: 1
[2026-01-20 13:40:58.773] [322018] [HailoRT] [info] [config_buffer.cpp:171] [program_descriptors] ConfigBuffer::program_descriptors: Channel 0:1. Programming 52 descriptors. Offset: 26208
[2026-01-20 13:40:58.773] [322018] [HailoRT] [info] [context_switch_actions.cpp:251] [write_to_config_buffer] WriteDataCcwAction: Writing Config Data. Total Size: 89032 bytes. Stream Index: 0
[2026-01-20 13:40:58.773] [322018] [HailoRT] [info] [config_buffer.cpp:171] [program_descriptors] ConfigBuffer::program_descriptors: Channel 0:0. Programming 174 descriptors. Offset: 89032
[2026-01-20 13:40:58.773] [322018] [HailoRT] [info] [context_switch_actions.cpp:251] [write_to_config_buffer] WriteDataCcwAction: Writing Config Data. Total Size: 52376 bytes. Stream Index: 0
[2026-01-20 13:40:58.773] [322018] [HailoRT] [info] [config_buffer.cpp:171] [program_descriptors] ConfigBuffer::program_descriptors: Channel 0:0. Programming 103 descriptors. Offset: 52376
[2026-01-20 13:40:58.773] [322018] [HailoRT] [info] [context_switch_actions.cpp:251] [write_to_config_buffer] WriteDataCcwAction: Writing Config Data. Total Size: 183472 bytes. Stream Index: 0
[2026-01-20 13:40:58.774] [322018] [HailoRT] [info] [config_buffer.cpp:171] [program_descriptors] ConfigBuffer::program_descriptors: Channel 0:0. Programming 359 descriptors. Offset: 183472
[2026-01-20 13:40:58.774] [322018] [HailoRT] [info] [context_switch_actions.cpp:251] [write_to_config_buffer] WriteDataCcwAction: Writing Config Data. Total Size: 40760 bytes. Stream Index: 0
[2026-01-20 13:40:58.774] [322018] [HailoRT] [info] [config_buffer.cpp:171] [program_descriptors] ConfigBuffer::program_descriptors: Channel 0:0. Programming 80 descriptors. Offset: 40760
[2026-01-20 13:40:58.774] [322018] [HailoRT] [info] [context_switch_actions.cpp:251] [write_to_config_buffer] WriteDataCcwAction: Writing Config Data. Total Size: 408672 bytes. Stream Index: 0
[2026-01-20 13:40:58.774] [322018] [HailoRT] [info] [config_buffer.cpp:171] [program_descriptors] ConfigBuffer::program_descriptors: Channel 0:0. Programming 799 descriptors. Offset: 408672
[2026-01-20 13:40:58.774] [322018] [HailoRT] [info] [context_switch_actions.cpp:251] [write_to_config_buffer] WriteDataCcwAction: Writing Config Data. Total Size: 234120 bytes. Stream Index: 0
[2026-01-20 13:40:58.774] [322018] [HailoRT] [info] [config_buffer.cpp:171] [program_descriptors] ConfigBuffer::program_descriptors: Channel 0:0. Programming 458 descriptors. Offset: 234120
[2026-01-20 13:40:58.774] [322018] [HailoRT] [info] [context_switch_actions.cpp:251] [write_to_config_buffer] WriteDataCcwAction: Writing Config Data. Total Size: 14064 bytes. Stream Index: 0
[2026-01-20 13:40:58.774] [322018] [HailoRT] [info] [config_buffer.cpp:171] [program_descriptors] ConfigBuffer::program_descriptors: Channel 0:0. Programming 28 descriptors. Offset: 14064
[2026-01-20 13:40:58.774] [322018] [HailoRT] [info] [context_switch_actions.cpp:251] [write_to_config_buffer] WriteDataCcwAction: Writing Config Data. Total Size: 85056 bytes. Stream Index: 0
[2026-01-20 13:40:58.774] [322018] [HailoRT] [info] [config_buffer.cpp:171] [program_descriptors] ConfigBuffer::program_descriptors: Channel 0:0. Programming 167 descriptors. Offset: 85056
[2026-01-20 13:40:58.774] [322018] [HailoRT] [info] [context_switch_actions.cpp:251] [write_to_config_buffer] WriteDataCcwAction: Writing Config Data. Total Size: 22152 bytes. Stream Index: 0
[2026-01-20 13:40:58.775] [322018] [HailoRT] [info] [config_buffer.cpp:171] [program_descriptors] ConfigBuffer::program_descriptors: Channel 0:0. Programming 44 descriptors. Offset: 22152
[2026-01-20 13:40:58.775] [322018] [HailoRT] [info] [context_switch_actions.cpp:251] [write_to_config_buffer] WriteDataCcwAction: Writing Config Data. Total Size: 44440 bytes. Stream Index: 0
[2026-01-20 13:40:58.775] [322018] [HailoRT] [info] [config_buffer.cpp:171] [program_descriptors] ConfigBuffer::program_descriptors: Channel 0:0. Programming 87 descriptors. Offset: 44440
[2026-01-20 13:40:58.775] [322018] [HailoRT] [info] [context_switch_actions.cpp:251] [write_to_config_buffer] WriteDataCcwAction: Writing Config Data. Total Size: 363984 bytes. Stream Index: 1
[2026-01-20 13:40:58.775] [322018] [HailoRT] [info] [config_buffer.cpp:171] [program_descriptors] ConfigBuffer::program_descriptors: Channel 0:1. Programming 711 descriptors. Offset: 363984
[2026-01-20 13:40:58.775] [322018] [HailoRT] [info] [context_switch_actions.cpp:251] [write_to_config_buffer] WriteDataCcwAction: Writing Config Data. Total Size: 290816 bytes. Stream Index: 0
[2026-01-20 13:40:58.775] [322018] [HailoRT] [info] [config_buffer.cpp:171] [program_descriptors] ConfigBuffer::program_descriptors: Channel 0:0. Programming 568 descriptors. Offset: 290816
[2026-01-20 13:40:58.775] [322018] [HailoRT] [info] [context_switch_actions.cpp:251] [write_to_config_buffer] WriteDataCcwAction: Writing Config Data. Total Size: 16 bytes. Stream Index: 0
[2026-01-20 13:40:58.775] [322018] [HailoRT] [info] [config_buffer.cpp:171] [program_descriptors] ConfigBuffer::program_descriptors: Channel 0:0. Programming 1 descriptors. Offset: 16
[2026-01-20 13:40:58.775] [322018] [HailoRT] [info] [context_switch_actions.cpp:251] [write_to_config_buffer] WriteDataCcwAction: Writing Config Data. Total Size: 10696 bytes. Stream Index: 0
[2026-01-20 13:40:58.775] [322018] [HailoRT] [info] [config_buffer.cpp:171] [program_descriptors] ConfigBuffer::program_descriptors: Channel 0:0. Programming 21 descriptors. Offset: 10696
[2026-01-20 13:40:58.775] [322018] [HailoRT] [info] [context_switch_actions.cpp:251] [write_to_config_buffer] WriteDataCcwAction: Writing Config Data. Total Size: 24840 bytes. Stream Index: 0
[2026-01-20 13:40:58.775] [322018] [HailoRT] [info] [config_buffer.cpp:171] [program_descriptors] ConfigBuffer::program_descriptors: Channel 0:0. Programming 49 descriptors. Offset: 24840
[2026-01-20 13:40:58.775] [322018] [HailoRT] [info] [context_switch_actions.cpp:251] [write_to_config_buffer] WriteDataCcwAction: Writing Config Data. Total Size: 25120 bytes. Stream Index: 0
[2026-01-20 13:40:58.776] [322018] [HailoRT] [info] [config_buffer.cpp:171] [program_descriptors] ConfigBuffer::program_descriptors: Channel 0:0. Programming 50 descriptors. Offset: 25120
[2026-01-20 13:40:58.776] [322018] [HailoRT] [info] [context_switch_actions.cpp:251] [write_to_config_buffer] WriteDataCcwAction: Writing Config Data. Total Size: 22344 bytes. Stream Index: 0
[2026-01-20 13:40:58.776] [322018] [HailoRT] [info] [config_buffer.cpp:171] [program_descriptors] ConfigBuffer::program_descriptors: Channel 0:0. Programming 44 descriptors. Offset: 22344
[2026-01-20 13:40:58.776] [322018] [HailoRT] [info] [context_switch_actions.cpp:251] [write_to_config_buffer] WriteDataCcwAction: Writing Config Data. Total Size: 53056 bytes. Stream Index: 0
[2026-01-20 13:40:58.776] [322018] [HailoRT] [info] [config_buffer.cpp:171] [program_descriptors] ConfigBuffer::program_descriptors: Channel 0:0. Programming 104 descriptors. Offset: 53056
[2026-01-20 13:40:58.776] [322018] [HailoRT] [info] [context_switch_actions.cpp:251] [write_to_config_buffer] WriteDataCcwAction: Writing Config Data. Total Size: 365696 bytes. Stream Index: 1
[2026-01-20 13:40:58.776] [322018] [HailoRT] [info] [config_buffer.cpp:171] [program_descriptors] ConfigBuffer::program_descriptors: Channel 0:1. Programming 715 descriptors. Offset: 365696
[2026-01-20 13:40:58.776] [322018] [HailoRT] [info] [context_switch_actions.cpp:251] [write_to_config_buffer] WriteDataCcwAction: Writing Config Data. Total Size: 259912 bytes. Stream Index: 0
[2026-01-20 13:40:58.776] [322018] [HailoRT] [info] [config_buffer.cpp:171] [program_descriptors] ConfigBuffer::program_descriptors: Channel 0:0. Programming 508 descriptors. Offset: 259912
[2026-01-20 13:40:58.776] [322018] [HailoRT] [info] [context_switch_actions.cpp:251] [write_to_config_buffer] WriteDataCcwAction: Writing Config Data. Total Size: 106040 bytes. Stream Index: 1
[2026-01-20 13:40:58.777] [322018] [HailoRT] [info] [config_buffer.cpp:171] [program_descriptors] ConfigBuffer::program_descriptors: Channel 0:1. Programming 208 descriptors. Offset: 106040
[2026-01-20 13:40:58.777] [322018] [HailoRT] [info] [context_switch_actions.cpp:251] [write_to_config_buffer] WriteDataCcwAction: Writing Config Data. Total Size: 257144 bytes. Stream Index: 0
[2026-01-20 13:40:58.777] [322018] [HailoRT] [info] [config_buffer.cpp:171] [program_descriptors] ConfigBuffer::program_descriptors: Channel 0:0. Programming 503 descriptors. Offset: 257144
[2026-01-20 13:40:58.786] [322018] [HailoRT] [info] [hailort_driver.cpp:476] [fw_control] Sending FW Control: opcode=0x00000048 (HAILO_CONTROL_OPCODE_GET_HW_CONSTS), len=20, cpu_id=1
[2026-01-20 13:40:58.786] [322018] [HailoRT] [info] [context_switch_actions.cpp:251] [write_to_config_buffer] WriteDataCcwAction: Writing Config Data. Total Size: 1748216 bytes. Stream Index: 1
[2026-01-20 13:40:58.788] [322018] [HailoRT] [info] [config_buffer.cpp:171] [program_descriptors] ConfigBuffer::program_descriptors: Channel 0:1. Programming 3415 descriptors. Offset: 1748216
[2026-01-20 13:40:58.788] [322018] [HailoRT] [info] [context_switch_actions.cpp:251] [write_to_config_buffer] WriteDataCcwAction: Writing Config Data. Total Size: 1631888 bytes. Stream Index: 0
[2026-01-20 13:40:58.789] [322018] [HailoRT] [info] [config_buffer.cpp:171] [program_descriptors] ConfigBuffer::program_descriptors: Channel 0:0. Programming 3188 descriptors. Offset: 1631888
[2026-01-20 13:40:58.789] [322018] [HailoRT] [info] [context_switch_actions.cpp:251] [write_to_config_buffer] WriteDataCcwAction: Writing Config Data. Total Size: 58944 bytes. Stream Index: 0
[2026-01-20 13:40:58.790] [322018] [HailoRT] [info] [config_buffer.cpp:171] [program_descriptors] ConfigBuffer::program_descriptors: Channel 0:0. Programming 116 descriptors. Offset: 58944
[2026-01-20 13:40:58.790] [322018] [HailoRT] [info] [context_switch_actions.cpp:251] [write_to_config_buffer] WriteDataCcwAction: Writing Config Data. Total Size: 8200 bytes. Stream Index: 1
[2026-01-20 13:40:58.790] [322018] [HailoRT] [info] [config_buffer.cpp:171] [program_descriptors] ConfigBuffer::program_descriptors: Channel 0:1. Programming 17 descriptors. Offset: 8200
[2026-01-20 13:40:58.790] [322018] [HailoRT] [info] [context_switch_actions.cpp:251] [write_to_config_buffer] WriteDataCcwAction: Writing Config Data. Total Size: 7640 bytes. Stream Index: 0
[2026-01-20 13:40:58.790] [322018] [HailoRT] [info] [config_buffer.cpp:171] [program_descriptors] ConfigBuffer::program_descriptors: Channel 0:0. Programming 15 descriptors. Offset: 7640
[2026-01-20 13:40:58.790] [322018] [HailoRT] [info] [context_switch_actions.cpp:251] [write_to_config_buffer] WriteDataCcwAction: Writing Config Data. Total Size: 32776 bytes. Stream Index: 1
[2026-01-20 13:40:58.790] [322018] [HailoRT] [info] [config_buffer.cpp:171] [program_descriptors] ConfigBuffer::program_descriptors: Channel 0:1. Programming 65 descriptors. Offset: 32776
[2026-01-20 13:40:58.790] [322018] [HailoRT] [info] [context_switch_actions.cpp:251] [write_to_config_buffer] WriteDataCcwAction: Writing Config Data. Total Size: 31720 bytes. Stream Index: 1
[2026-01-20 13:40:58.790] [322018] [HailoRT] [info] [config_buffer.cpp:171] [program_descriptors] ConfigBuffer::program_descriptors: Channel 0:1. Programming 62 descriptors. Offset: 31720
[2026-01-20 13:40:58.790] [322018] [HailoRT] [info] [context_switch_actions.cpp:251] [write_to_config_buffer] WriteDataCcwAction: Writing Config Data. Total Size: 70928 bytes. Stream Index: 1
[2026-01-20 13:40:58.790] [322018] [HailoRT] [info] [config_buffer.cpp:171] [program_descriptors] ConfigBuffer::program_descriptors: Channel 0:1. Programming 139 descriptors. Offset: 70928
[2026-01-20 13:40:58.790] [322018] [HailoRT] [info] [context_switch_actions.cpp:251] [write_to_config_buffer] WriteDataCcwAction: Writing Config Data. Total Size: 72448 bytes. Stream Index: 1
[2026-01-20 13:40:58.790] [322018] [HailoRT] [info] [config_buffer.cpp:171] [program_descriptors] ConfigBuffer::program_descriptors: Channel 0:1. Programming 142 descriptors. Offset: 72448
[2026-01-20 13:40:58.790] [322018] [HailoRT] [info] [context_switch_actions.cpp:251] [write_to_config_buffer] WriteDataCcwAction: Writing Config Data. Total Size: 32776 bytes. Stream Index: 1
[2026-01-20 13:40:58.790] [322018] [HailoRT] [info] [config_buffer.cpp:171] [program_descriptors] ConfigBuffer::program_descriptors: Channel 0:1. Programming 65 descriptors. Offset: 32776
[2026-01-20 13:40:58.790] [322018] [HailoRT] [info] [context_switch_actions.cpp:251] [write_to_config_buffer] WriteDataCcwAction: Writing Config Data. Total Size: 65256 bytes. Stream Index: 0
[2026-01-20 13:40:58.790] [322018] [HailoRT] [info] [config_buffer.cpp:171] [program_descriptors] ConfigBuffer::program_descriptors: Channel 0:0. Programming 128 descriptors. Offset: 65256
[2026-01-20 13:40:58.790] [322018] [HailoRT] [info] [context_switch_actions.cpp:251] [write_to_config_buffer] WriteDataCcwAction: Writing Config Data. Total Size: 23392 bytes. Stream Index: 0
[2026-01-20 13:40:58.790] [322018] [HailoRT] [info] [config_buffer.cpp:171] [program_descriptors] ConfigBuffer::program_descriptors: Channel 0:0. Programming 46 descriptors. Offset: 23392
[2026-01-20 13:40:58.790] [322018] [HailoRT] [info] [context_switch_actions.cpp:251] [write_to_config_buffer] WriteDataCcwAction: Writing Config Data. Total Size: 48792 bytes. Stream Index: 0
[2026-01-20 13:40:58.790] [322018] [HailoRT] [info] [config_buffer.cpp:171] [program_descriptors] ConfigBuffer::program_descriptors: Channel 0:0. Programming 96 descriptors. Offset: 48792
[2026-01-20 13:40:58.790] [322018] [HailoRT] [info] [context_switch_actions.cpp:251] [write_to_config_buffer] WriteDataCcwAction: Writing Config Data. Total Size: 55712 bytes. Stream Index: 0
[2026-01-20 13:40:58.791] [322018] [HailoRT] [info] [config_buffer.cpp:171] [program_descriptors] ConfigBuffer::program_descriptors: Channel 0:0. Programming 109 descriptors. Offset: 55712
[2026-01-20 13:40:58.791] [322018] [HailoRT] [info] [context_switch_actions.cpp:251] [write_to_config_buffer] WriteDataCcwAction: Writing Config Data. Total Size: 234000 bytes. Stream Index: 1
[2026-01-20 13:40:58.791] [322018] [HailoRT] [info] [config_buffer.cpp:171] [program_descriptors] ConfigBuffer::program_descriptors: Channel 0:1. Programming 458 descriptors. Offset: 234000
[2026-01-20 13:40:58.791] [322018] [HailoRT] [info] [context_switch_actions.cpp:251] [write_to_config_buffer] WriteDataCcwAction: Writing Config Data. Total Size: 77016 bytes. Stream Index: 1
[2026-01-20 13:40:58.791] [322018] [HailoRT] [info] [config_buffer.cpp:171] [program_descriptors] ConfigBuffer::program_descriptors: Channel 0:1. Programming 151 descriptors. Offset: 77016
[2026-01-20 13:40:58.791] [322018] [HailoRT] [info] [context_switch_actions.cpp:251] [write_to_config_buffer] WriteDataCcwAction: Writing Config Data. Total Size: 290248 bytes. Stream Index: 1
[2026-01-20 13:40:58.792] [322018] [HailoRT] [info] [config_buffer.cpp:171] [program_descriptors] ConfigBuffer::program_descriptors: Channel 0:1. Programming 567 descriptors. Offset: 290248
[2026-01-20 13:40:58.792] [322018] [HailoRT] [info] [context_switch_actions.cpp:251] [write_to_config_buffer] WriteDataCcwAction: Writing Config Data. Total Size: 26408 bytes. Stream Index: 1
[2026-01-20 13:40:58.792] [322018] [HailoRT] [info] [config_buffer.cpp:171] [program_descriptors] ConfigBuffer::program_descriptors: Channel 0:1. Programming 52 descriptors. Offset: 26408
[2026-01-20 13:40:58.792] [322018] [HailoRT] [info] [context_switch_actions.cpp:251] [write_to_config_buffer] WriteDataCcwAction: Writing Config Data. Total Size: 83080 bytes. Stream Index: 1
[2026-01-20 13:40:58.793] [322018] [HailoRT] [info] [config_buffer.cpp:171] [program_descriptors] ConfigBuffer::program_descriptors: Channel 0:1. Programming 163 descriptors. Offset: 83080
[2026-01-20 13:40:58.793] [322018] [HailoRT] [info] [context_switch_actions.cpp:251] [write_to_config_buffer] WriteDataCcwAction: Writing Config Data. Total Size: 16 bytes. Stream Index: 0
[2026-01-20 13:40:58.793] [322018] [HailoRT] [info] [config_buffer.cpp:171] [program_descriptors] ConfigBuffer::program_descriptors: Channel 0:0. Programming 1 descriptors. Offset: 16
[2026-01-20 13:40:58.793] [322018] [HailoRT] [info] [context_switch_actions.cpp:251] [write_to_config_buffer] WriteDataCcwAction: Writing Config Data. Total Size: 6232 bytes. Stream Index: 0
[2026-01-20 13:40:58.793] [322018] [HailoRT] [info] [config_buffer.cpp:171] [program_descriptors] ConfigBuffer::program_descriptors: Channel 0:0. Programming 13 descriptors. Offset: 6232
[2026-01-20 13:40:58.793] [322018] [HailoRT] [info] [context_switch_actions.cpp:251] [write_to_config_buffer] WriteDataCcwAction: Writing Config Data. Total Size: 24744 bytes. Stream Index: 1
[2026-01-20 13:40:58.793] [322018] [HailoRT] [info] [config_buffer.cpp:171] [program_descriptors] ConfigBuffer::program_descriptors: Channel 0:1. Programming 49 descriptors. Offset: 24744
[2026-01-20 13:40:58.793] [322018] [HailoRT] [info] [context_switch_actions.cpp:251] [write_to_config_buffer] WriteDataCcwAction: Writing Config Data. Total Size: 428128 bytes. Stream Index: 1
[2026-01-20 13:40:58.793] [322018] [HailoRT] [info] [config_buffer.cpp:171] [program_descriptors] ConfigBuffer::program_descriptors: Channel 0:1. Programming 837 descriptors. Offset: 428128
[2026-01-20 13:40:58.793] [322018] [HailoRT] [info] [context_switch_actions.cpp:251] [write_to_config_buffer] WriteDataCcwAction: Writing Config Data. Total Size: 27488 bytes. Stream Index: 0
[2026-01-20 13:40:58.793] [322018] [HailoRT] [info] [config_buffer.cpp:171] [program_descriptors] ConfigBuffer::program_descriptors: Channel 0:0. Programming 54 descriptors. Offset: 27488
[2026-01-20 13:40:58.794] [322018] [HailoRT] [info] [context_switch_actions.cpp:251] [write_to_config_buffer] WriteDataCcwAction: Writing Config Data. Total Size: 36424 bytes. Stream Index: 0
[2026-01-20 13:40:58.794] [322018] [HailoRT] [info] [config_buffer.cpp:171] [program_descriptors] ConfigBuffer::program_descriptors: Channel 0:0. Programming 72 descriptors. Offset: 36424
[2026-01-20 13:40:58.794] [322018] [HailoRT] [info] [context_switch_actions.cpp:251] [write_to_config_buffer] WriteDataCcwAction: Writing Config Data. Total Size: 7008 bytes. Stream Index: 0
[2026-01-20 13:40:58.794] [322018] [HailoRT] [info] [config_buffer.cpp:171] [program_descriptors] ConfigBuffer::program_descriptors: Channel 0:0. Programming 14 descriptors. Offset: 7008
[2026-01-20 13:40:58.794] [322018] [HailoRT] [info] [context_switch_actions.cpp:251] [write_to_config_buffer] WriteDataCcwAction: Writing Config Data. Total Size: 29848 bytes. Stream Index: 0
[2026-01-20 13:40:58.794] [322018] [HailoRT] [info] [config_buffer.cpp:171] [program_descriptors] ConfigBuffer::program_descriptors: Channel 0:0. Programming 59 descriptors. Offset: 29848
[2026-01-20 13:40:58.794] [322018] [HailoRT] [info] [context_switch_actions.cpp:251] [write_to_config_buffer] WriteDataCcwAction: Writing Config Data. Total Size: 16 bytes. Stream Index: 0
[2026-01-20 13:40:58.794] [322018] [HailoRT] [info] [config_buffer.cpp:171] [program_descriptors] ConfigBuffer::program_descriptors: Channel 0:0. Programming 1 descriptors. Offset: 16
[2026-01-20 13:40:58.794] [322018] [HailoRT] [info] [context_switch_actions.cpp:251] [write_to_config_buffer] WriteDataCcwAction: Writing Config Data. Total Size: 73752 bytes. Stream Index: 1
[2026-01-20 13:40:58.794] [322018] [HailoRT] [info] [config_buffer.cpp:171] [program_descriptors] ConfigBuffer::program_descriptors: Channel 0:1. Programming 145 descriptors. Offset: 73752
[2026-01-20 13:40:58.794] [322018] [HailoRT] [info] [context_switch_actions.cpp:251] [write_to_config_buffer] WriteDataCcwAction: Writing Config Data. Total Size: 40976 bytes. Stream Index: 1
[2026-01-20 13:40:58.794] [322018] [HailoRT] [info] [config_buffer.cpp:171] [program_descriptors] ConfigBuffer::program_descriptors: Channel 0:1. Programming 81 descriptors. Offset: 40976
[2026-01-20 13:40:58.794] [322018] [HailoRT] [info] [context_switch_actions.cpp:251] [write_to_config_buffer] WriteDataCcwAction: Writing Config Data. Total Size: 63224 bytes. Stream Index: 1
[2026-01-20 13:40:58.794] [322018] [HailoRT] [info] [config_buffer.cpp:171] [program_descriptors] ConfigBuffer::program_descriptors: Channel 0:1. Programming 124 descriptors. Offset: 63224
[2026-01-20 13:40:58.794] [322018] [HailoRT] [info] [context_switch_actions.cpp:251] [write_to_config_buffer] WriteDataCcwAction: Writing Config Data. Total Size: 226648 bytes. Stream Index: 1
[2026-01-20 13:40:58.795] [322018] [HailoRT] [info] [config_buffer.cpp:171] [program_descriptors] ConfigBuffer::program_descriptors: Channel 0:1. Programming 443 descriptors. Offset: 226648
[2026-01-20 13:40:58.795] [322018] [HailoRT] [info] [context_switch_actions.cpp:251] [write_to_config_buffer] WriteDataCcwAction: Writing Config Data. Total Size: 371480 bytes. Stream Index: 1
[2026-01-20 13:40:58.795] [322018] [HailoRT] [info] [config_buffer.cpp:171] [program_descriptors] ConfigBuffer::program_descriptors: Channel 0:1. Programming 726 descriptors. Offset: 371480
[2026-01-20 13:40:58.795] [322018] [HailoRT] [info] [context_switch_actions.cpp:251] [write_to_config_buffer] WriteDataCcwAction: Writing Config Data. Total Size: 6176 bytes. Stream Index: 1
[2026-01-20 13:40:58.795] [322018] [HailoRT] [info] [config_buffer.cpp:171] [program_descriptors] ConfigBuffer::program_descriptors: Channel 0:1. Programming 13 descriptors. Offset: 6176
[2026-01-20 13:40:58.795] [322018] [HailoRT] [info] [context_switch_actions.cpp:251] [write_to_config_buffer] WriteDataCcwAction: Writing Config Data. Total Size: 217008 bytes. Stream Index: 1
[2026-01-20 13:40:58.796] [322018] [HailoRT] [info] [config_buffer.cpp:171] [program_descriptors] ConfigBuffer::program_descriptors: Channel 0:1. Programming 424 descriptors. Offset: 217008
[2026-01-20 13:40:58.796] [322018] [HailoRT] [info] [context_switch_actions.cpp:251] [write_to_config_buffer] WriteDataCcwAction: Writing Config Data. Total Size: 48 bytes. Stream Index: 1
[2026-01-20 13:40:58.796] [322018] [HailoRT] [info] [config_buffer.cpp:171] [program_descriptors] ConfigBuffer::program_descriptors: Channel 0:1. Programming 1 descriptors. Offset: 48
[2026-01-20 13:40:58.796] [322018] [HailoRT] [info] [context_switch_actions.cpp:251] [write_to_config_buffer] WriteDataCcwAction: Writing Config Data. Total Size: 29080 bytes. Stream Index: 1
[2026-01-20 13:40:58.796] [322018] [HailoRT] [info] [config_buffer.cpp:171] [program_descriptors] ConfigBuffer::program_descriptors: Channel 0:1. Programming 57 descriptors. Offset: 29080
[2026-01-20 13:40:58.796] [322018] [HailoRT] [info] [context_switch_actions.cpp:251] [write_to_config_buffer] WriteDataCcwAction: Writing Config Data. Total Size: 31704 bytes. Stream Index: 1
[2026-01-20 13:40:58.796] [322018] [HailoRT] [info] [config_buffer.cpp:171] [program_descriptors] ConfigBuffer::program_descriptors: Channel 0:1. Programming 62 descriptors. Offset: 31704
[2026-01-20 13:40:58.796] [322018] [HailoRT] [info] [context_switch_actions.cpp:251] [write_to_config_buffer] WriteDataCcwAction: Writing Config Data. Total Size: 7896 bytes. Stream Index: 1
[2026-01-20 13:40:58.796] [322018] [HailoRT] [info] [config_buffer.cpp:171] [program_descriptors] ConfigBuffer::program_descriptors: Channel 0:1. Programming 16 descriptors. Offset: 7896
[2026-01-20 13:40:58.796] [322018] [HailoRT] [info] [context_switch_actions.cpp:251] [write_to_config_buffer] WriteDataCcwAction: Writing Config Data. Total Size: 32024 bytes. Stream Index: 1
[2026-01-20 13:40:58.796] [322018] [HailoRT] [info] [config_buffer.cpp:171] [program_descriptors] ConfigBuffer::program_descriptors: Channel 0:1. Programming 63 descriptors. Offset: 32024
[2026-01-20 13:40:58.796] [322018] [HailoRT] [info] [context_switch_actions.cpp:251] [write_to_config_buffer] WriteDataCcwAction: Writing Config Data. Total Size: 8200 bytes. Stream Index: 1
[2026-01-20 13:40:58.797] [322018] [HailoRT] [info] [config_buffer.cpp:171] [program_descriptors] ConfigBuffer::program_descriptors: Channel 0:1. Programming 17 descriptors. Offset: 8200
[2026-01-20 13:40:58.797] [322018] [HailoRT] [info] [context_switch_actions.cpp:251] [write_to_config_buffer] WriteDataCcwAction: Writing Config Data. Total Size: 29352 bytes. Stream Index: 0
[2026-01-20 13:40:58.797] [322018] [HailoRT] [info] [config_buffer.cpp:171] [program_descriptors] ConfigBuffer::program_descriptors: Channel 0:0. Programming 58 descriptors. Offset: 29352
[2026-01-20 13:40:58.797] [322018] [HailoRT] [info] [context_switch_actions.cpp:251] [write_to_config_buffer] WriteDataCcwAction: Writing Config Data. Total Size: 85712 bytes. Stream Index: 0
[2026-01-20 13:40:58.797] [322018] [HailoRT] [info] [config_buffer.cpp:171] [program_descriptors] ConfigBuffer::program_descriptors: Channel 0:0. Programming 168 descriptors. Offset: 85712
[2026-01-20 13:40:58.797] [322018] [HailoRT] [info] [context_switch_actions.cpp:251] [write_to_config_buffer] WriteDataCcwAction: Writing Config Data. Total Size: 65848 bytes. Stream Index: 0
[2026-01-20 13:40:58.797] [322018] [HailoRT] [info] [config_buffer.cpp:171] [program_descriptors] ConfigBuffer::program_descriptors: Channel 0:0. Programming 129 descriptors. Offset: 65848
[2026-01-20 13:40:58.797] [322018] [HailoRT] [info] [context_switch_actions.cpp:251] [write_to_config_buffer] WriteDataCcwAction: Writing Config Data. Total Size: 29256 bytes. Stream Index: 0
[2026-01-20 13:40:58.797] [322018] [HailoRT] [info] [config_buffer.cpp:171] [program_descriptors] ConfigBuffer::program_descriptors: Channel 0:0. Programming 58 descriptors. Offset: 29256
[2026-01-20 13:40:58.797] [322018] [HailoRT] [info] [context_switch_actions.cpp:251] [write_to_config_buffer] WriteDataCcwAction: Writing Config Data. Total Size: 29112 bytes. Stream Index: 0
[2026-01-20 13:40:58.797] [322018] [HailoRT] [info] [config_buffer.cpp:171] [program_descriptors] ConfigBuffer::program_descriptors: Channel 0:0. Programming 57 descriptors. Offset: 29112
[2026-01-20 13:40:58.797] [322018] [HailoRT] [info] [context_switch_actions.cpp:251] [write_to_config_buffer] WriteDataCcwAction: Writing Config Data. Total Size: 43712 bytes. Stream Index: 0
[2026-01-20 13:40:58.797] [322018] [HailoRT] [info] [config_buffer.cpp:171] [program_descriptors] ConfigBuffer::program_descriptors: Channel 0:0. Programming 86 descriptors. Offset: 43712
[2026-01-20 13:40:58.797] [322018] [HailoRT] [info] [context_switch_actions.cpp:251] [write_to_config_buffer] WriteDataCcwAction: Writing Config Data. Total Size: 7360 bytes. Stream Index: 0
[2026-01-20 13:40:58.797] [322018] [HailoRT] [info] [config_buffer.cpp:171] [program_descriptors] ConfigBuffer::program_descriptors: Channel 0:0. Programming 15 descriptors. Offset: 7360
[2026-01-20 13:40:58.797] [322018] [HailoRT] [info] [context_switch_actions.cpp:251] [write_to_config_buffer] WriteDataCcwAction: Writing Config Data. Total Size: 58224 bytes. Stream Index: 0
[2026-01-20 13:40:58.798] [322018] [HailoRT] [info] [config_buffer.cpp:171] [program_descriptors] ConfigBuffer::program_descriptors: Channel 0:0. Programming 114 descriptors. Offset: 58224
[2026-01-20 13:40:58.798] [322018] [HailoRT] [info] [context_switch_actions.cpp:251] [write_to_config_buffer] WriteDataCcwAction: Writing Config Data. Total Size: 29864 bytes. Stream Index: 0
[2026-01-20 13:40:58.798] [322018] [HailoRT] [info] [config_buffer.cpp:171] [program_descriptors] ConfigBuffer::program_descriptors: Channel 0:0. Programming 59 descriptors. Offset: 29864
[2026-01-20 13:40:58.798] [322018] [HailoRT] [info] [context_switch_actions.cpp:251] [write_to_config_buffer] WriteDataCcwAction: Writing Config Data. Total Size: 249944 bytes. Stream Index: 0
[2026-01-20 13:40:58.799] [322018] [HailoRT] [info] [config_buffer.cpp:171] [program_descriptors] ConfigBuffer::program_descriptors: Channel 0:0. Programming 489 descriptors. Offset: 249944
[2026-01-20 13:40:58.799] [322018] [HailoRT] [info] [context_switch_actions.cpp:251] [write_to_config_buffer] WriteDataCcwAction: Writing Config Data. Total Size: 155024 bytes. Stream Index: 0
[2026-01-20 13:40:58.799] [322018] [HailoRT] [info] [config_buffer.cpp:171] [program_descriptors] ConfigBuffer::program_descriptors: Channel 0:0. Programming 303 descriptors. Offset: 155024
[2026-01-20 13:40:58.799] [322018] [HailoRT] [info] [context_switch_actions.cpp:251] [write_to_config_buffer] WriteDataCcwAction: Writing Config Data. Total Size: 242336 bytes. Stream Index: 0
[2026-01-20 13:40:58.799] [322018] [HailoRT] [info] [config_buffer.cpp:171] [program_descriptors] ConfigBuffer::program_descriptors: Channel 0:0. Programming 474 descriptors. Offset: 242336
[2026-01-20 13:40:58.799] [322018] [HailoRT] [info] [context_switch_actions.cpp:251] [write_to_config_buffer] WriteDataCcwAction: Writing Config Data. Total Size: 37840 bytes. Stream Index: 1
[2026-01-20 13:40:58.800] [322018] [HailoRT] [info] [config_buffer.cpp:171] [program_descriptors] ConfigBuffer::program_descriptors: Channel 0:1. Programming 74 descriptors. Offset: 37840
[2026-01-20 13:40:58.800] [322018] [HailoRT] [info] [context_switch_actions.cpp:251] [write_to_config_buffer] WriteDataCcwAction: Writing Config Data. Total Size: 29464 bytes. Stream Index: 0
[2026-01-20 13:40:58.800] [322018] [HailoRT] [info] [config_buffer.cpp:171] [program_descriptors] ConfigBuffer::program_descriptors: Channel 0:0. Programming 58 descriptors. Offset: 29464
[2026-01-20 13:40:58.800] [322018] [HailoRT] [info] [context_switch_actions.cpp:251] [write_to_config_buffer] WriteDataCcwAction: Writing Config Data. Total Size: 258608 bytes. Stream Index: 0
[2026-01-20 13:40:58.800] [322018] [HailoRT] [info] [config_buffer.cpp:171] [program_descriptors] ConfigBuffer::program_descriptors: Channel 0:0. Programming 506 descriptors. Offset: 258608
[2026-01-20 13:40:58.800] [322018] [HailoRT] [info] [context_switch_actions.cpp:251] [write_to_config_buffer] WriteDataCcwAction: Writing Config Data. Total Size: 373736 bytes. Stream Index: 0
[2026-01-20 13:40:58.801] [322018] [HailoRT] [info] [config_buffer.cpp:171] [program_descriptors] ConfigBuffer::program_descriptors: Channel 0:0. Programming 730 descriptors. Offset: 373736
[2026-01-20 13:40:58.801] [322018] [HailoRT] [info] [context_switch_actions.cpp:251] [write_to_config_buffer] WriteDataCcwAction: Writing Config Data. Total Size: 44920 bytes. Stream Index: 0
[2026-01-20 13:40:58.801] [322018] [HailoRT] [info] [config_buffer.cpp:171] [program_descriptors] ConfigBuffer::program_descriptors: Channel 0:0. Programming 88 descriptors. Offset: 44920
[2026-01-20 13:40:58.801] [322018] [HailoRT] [info] [context_switch_actions.cpp:251] [write_to_config_buffer] WriteDataCcwAction: Writing Config Data. Total Size: 31064 bytes. Stream Index: 0
[2026-01-20 13:40:58.801] [322018] [HailoRT] [info] [config_buffer.cpp:171] [program_descriptors] ConfigBuffer::program_descriptors: Channel 0:0. Programming 61 descriptors. Offset: 31064
[2026-01-20 13:40:58.801] [322018] [HailoRT] [info] [context_switch_actions.cpp:251] [write_to_config_buffer] WriteDataCcwAction: Writing Config Data. Total Size: 49112 bytes. Stream Index: 0
[2026-01-20 13:40:58.801] [322018] [HailoRT] [info] [config_buffer.cpp:171] [program_descriptors] ConfigBuffer::program_descriptors: Channel 0:0. Programming 96 descriptors. Offset: 49112
[2026-01-20 13:40:58.801] [322018] [HailoRT] [info] [context_switch_actions.cpp:251] [write_to_config_buffer] WriteDataCcwAction: Writing Config Data. Total Size: 49456 bytes. Stream Index: 0
[2026-01-20 13:40:58.801] [322018] [HailoRT] [info] [config_buffer.cpp:171] [program_descriptors] ConfigBuffer::program_descriptors: Channel 0:0. Programming 97 descriptors. Offset: 49456
[2026-01-20 13:40:58.802] [322018] [HailoRT] [info] [context_switch_actions.cpp:251] [write_to_config_buffer] WriteDataCcwAction: Writing Config Data. Total Size: 8200 bytes. Stream Index: 1
[2026-01-20 13:40:58.802] [322018] [HailoRT] [info] [config_buffer.cpp:171] [program_descriptors] ConfigBuffer::program_descriptors: Channel 0:1. Programming 17 descriptors. Offset: 8200
[2026-01-20 13:40:58.802] [322018] [HailoRT] [info] [context_switch_actions.cpp:251] [write_to_config_buffer] WriteDataCcwAction: Writing Config Data. Total Size: 94640 bytes. Stream Index: 1
[2026-01-20 13:40:58.802] [322018] [HailoRT] [info] [config_buffer.cpp:171] [program_descriptors] ConfigBuffer::program_descriptors: Channel 0:1. Programming 185 descriptors. Offset: 94640
[2026-01-20 13:40:58.802] [322018] [HailoRT] [info] [context_switch_actions.cpp:251] [write_to_config_buffer] WriteDataCcwAction: Writing Config Data. Total Size: 30984 bytes. Stream Index: 1
[2026-01-20 13:40:58.802] [322018] [HailoRT] [info] [config_buffer.cpp:171] [program_descriptors] ConfigBuffer::program_descriptors: Channel 0:1. Programming 61 descriptors. Offset: 30984
[2026-01-20 13:40:58.802] [322018] [HailoRT] [info] [context_switch_actions.cpp:251] [write_to_config_buffer] WriteDataCcwAction: Writing Config Data. Total Size: 31704 bytes. Stream Index: 1
[2026-01-20 13:40:58.802] [322018] [HailoRT] [info] [config_buffer.cpp:171] [program_descriptors] ConfigBuffer::program_descriptors: Channel 0:1. Programming 62 descriptors. Offset: 31704
[2026-01-20 13:40:58.802] [322018] [HailoRT] [info] [context_switch_actions.cpp:251] [write_to_config_buffer] WriteDataCcwAction: Writing Config Data. Total Size: 29272 bytes. Stream Index: 0
[2026-01-20 13:40:58.802] [322018] [HailoRT] [info] [config_buffer.cpp:171] [program_descriptors] ConfigBuffer::program_descriptors: Channel 0:0. Programming 58 descriptors. Offset: 29272
[2026-01-20 13:40:58.802] [322018] [HailoRT] [info] [context_switch_actions.cpp:251] [write_to_config_buffer] WriteDataCcwAction: Writing Config Data. Total Size: 36456 bytes. Stream Index: 0
[2026-01-20 13:40:58.802] [322018] [HailoRT] [info] [config_buffer.cpp:171] [program_descriptors] ConfigBuffer::program_descriptors: Channel 0:0. Programming 72 descriptors. Offset: 36456
[2026-01-20 13:40:58.802] [322018] [HailoRT] [info] [context_switch_actions.cpp:251] [write_to_config_buffer] WriteDataCcwAction: Writing Config Data. Total Size: 193872 bytes. Stream Index: 1
[2026-01-20 13:40:58.803] [322018] [HailoRT] [info] [config_buffer.cpp:171] [program_descriptors] ConfigBuffer::program_descriptors: Channel 0:1. Programming 379 descriptors. Offset: 193872
[2026-01-20 13:40:58.803] [322018] [HailoRT] [info] [context_switch_actions.cpp:251] [write_to_config_buffer] WriteDataCcwAction: Writing Config Data. Total Size: 193296 bytes. Stream Index: 0
[2026-01-20 13:40:58.803] [322018] [HailoRT] [info] [config_buffer.cpp:171] [program_descriptors] ConfigBuffer::program_descriptors: Channel 0:0. Programming 378 descriptors. Offset: 193296
[2026-01-20 13:40:58.804] [322018] [HailoRT] [info] [context_switch_actions.cpp:251] [write_to_config_buffer] WriteDataCcwAction: Writing Config Data. Total Size: 93752 bytes. Stream Index: 0
[2026-01-20 13:40:58.804] [322018] [HailoRT] [info] [config_buffer.cpp:171] [program_descriptors] ConfigBuffer::program_descriptors: Channel 0:0. Programming 184 descriptors. Offset: 93752
[2026-01-20 13:40:58.817] [322018] [HailoRT] [info] [hailort_driver.cpp:476] [fw_control] Sending FW Control: opcode=0x00000048 (HAILO_CONTROL_OPCODE_GET_HW_CONSTS), len=20, cpu_id=1
[2026-01-20 13:40:58.819] [322018] [HailoRT] [info] [context_switch_actions.cpp:251] [write_to_config_buffer] WriteDataCcwAction: Writing Config Data. Total Size: 1851528 bytes. Stream Index: 1
[2026-01-20 13:40:58.826] [322018] [HailoRT] [info] [config_buffer.cpp:171] [program_descriptors] ConfigBuffer::program_descriptors: Channel 0:1. Programming 3617 descriptors. Offset: 1851528
[2026-01-20 13:40:58.826] [322018] [HailoRT] [info] [context_switch_actions.cpp:251] [write_to_config_buffer] WriteDataCcwAction: Writing Config Data. Total Size: 1180232 bytes. Stream Index: 0
[2026-01-20 13:40:58.829] [322018] [HailoRT] [info] [config_buffer.cpp:171] [program_descriptors] ConfigBuffer::program_descriptors: Channel 0:0. Programming 2306 descriptors. Offset: 1180232
[2026-01-20 13:40:58.829] [322018] [HailoRT] [info] [context_switch_actions.cpp:251] [write_to_config_buffer] WriteDataCcwAction: Writing Config Data. Total Size: 72 bytes. Stream Index: 1
[2026-01-20 13:40:58.829] [322018] [HailoRT] [info] [config_buffer.cpp:171] [program_descriptors] ConfigBuffer::program_descriptors: Channel 0:1. Programming 1 descriptors. Offset: 72
[2026-01-20 13:40:58.829] [322018] [HailoRT] [info] [context_switch_actions.cpp:251] [write_to_config_buffer] WriteDataCcwAction: Writing Config Data. Total Size: 29816 bytes. Stream Index: 0
[2026-01-20 13:40:58.829] [322018] [HailoRT] [info] [config_buffer.cpp:171] [program_descriptors] ConfigBuffer::program_descriptors: Channel 0:0. Programming 59 descriptors. Offset: 29816
[2026-01-20 13:40:58.829] [322018] [HailoRT] [info] [context_switch_actions.cpp:251] [write_to_config_buffer] WriteDataCcwAction: Writing Config Data. Total Size: 25208 bytes. Stream Index: 1
[2026-01-20 13:40:58.829] [322018] [HailoRT] [info] [config_buffer.cpp:171] [program_descriptors] ConfigBuffer::program_descriptors: Channel 0:1. Programming 50 descriptors. Offset: 25208
[2026-01-20 13:40:58.829] [322018] [HailoRT] [info] [context_switch_actions.cpp:251] [write_to_config_buffer] WriteDataCcwAction: Writing Config Data. Total Size: 50792 bytes. Stream Index: 1
[2026-01-20 13:40:58.829] [322018] [HailoRT] [info] [config_buffer.cpp:171] [program_descriptors] ConfigBuffer::program_descriptors: Channel 0:1. Programming 100 descriptors. Offset: 50792
[2026-01-20 13:40:58.829] [322018] [HailoRT] [info] [context_switch_actions.cpp:251] [write_to_config_buffer] WriteDataCcwAction: Writing Config Data. Total Size: 133472 bytes. Stream Index: 0
[2026-01-20 13:40:58.830] [322018] [HailoRT] [info] [config_buffer.cpp:171] [program_descriptors] ConfigBuffer::program_descriptors: Channel 0:0. Programming 261 descriptors. Offset: 133472
[2026-01-20 13:40:58.830] [322018] [HailoRT] [info] [context_switch_actions.cpp:251] [write_to_config_buffer] WriteDataCcwAction: Writing Config Data. Total Size: 394016 bytes. Stream Index: 0
[2026-01-20 13:40:58.830] [322018] [HailoRT] [info] [config_buffer.cpp:171] [program_descriptors] ConfigBuffer::program_descriptors: Channel 0:0. Programming 770 descriptors. Offset: 394016
[2026-01-20 13:40:58.830] [322018] [HailoRT] [info] [context_switch_actions.cpp:251] [write_to_config_buffer] WriteDataCcwAction: Writing Config Data. Total Size: 31616 bytes. Stream Index: 0
[2026-01-20 13:40:58.831] [322018] [HailoRT] [info] [config_buffer.cpp:171] [program_descriptors] ConfigBuffer::program_descriptors: Channel 0:0. Programming 62 descriptors. Offset: 31616
[2026-01-20 13:40:58.831] [322018] [HailoRT] [info] [context_switch_actions.cpp:251] [write_to_config_buffer] WriteDataCcwAction: Writing Config Data. Total Size: 26400 bytes. Stream Index: 0
[2026-01-20 13:40:58.831] [322018] [HailoRT] [info] [config_buffer.cpp:171] [program_descriptors] ConfigBuffer::program_descriptors: Channel 0:0. Programming 52 descriptors. Offset: 26400
[2026-01-20 13:40:58.831] [322018] [HailoRT] [info] [context_switch_actions.cpp:251] [write_to_config_buffer] WriteDataCcwAction: Writing Config Data. Total Size: 25704 bytes. Stream Index: 0
[2026-01-20 13:40:58.831] [322018] [HailoRT] [info] [config_buffer.cpp:171] [program_descriptors] ConfigBuffer::program_descriptors: Channel 0:0. Programming 51 descriptors. Offset: 25704
[2026-01-20 13:40:58.831] [322018] [HailoRT] [info] [context_switch_actions.cpp:251] [write_to_config_buffer] WriteDataCcwAction: Writing Config Data. Total Size: 166456 bytes. Stream Index: 0
[2026-01-20 13:40:58.831] [322018] [HailoRT] [info] [config_buffer.cpp:171] [program_descriptors] ConfigBuffer::program_descriptors: Channel 0:0. Programming 326 descriptors. Offset: 166456
[2026-01-20 13:40:58.831] [322018] [HailoRT] [info] [context_switch_actions.cpp:251] [write_to_config_buffer] WriteDataCcwAction: Writing Config Data. Total Size: 320928 bytes. Stream Index: 1
[2026-01-20 13:40:58.832] [322018] [HailoRT] [info] [config_buffer.cpp:171] [program_descriptors] ConfigBuffer::program_descriptors: Channel 0:1. Programming 627 descriptors. Offset: 320928
[2026-01-20 13:40:58.832] [322018] [HailoRT] [info] [context_switch_actions.cpp:251] [write_to_config_buffer] WriteDataCcwAction: Writing Config Data. Total Size: 213728 bytes. Stream Index: 1
[2026-01-20 13:40:58.833] [322018] [HailoRT] [info] [config_buffer.cpp:171] [program_descriptors] ConfigBuffer::program_descriptors: Channel 0:1. Programming 418 descriptors. Offset: 213728
[2026-01-20 13:40:58.833] [322018] [HailoRT] [info] [context_switch_actions.cpp:251] [write_to_config_buffer] WriteDataCcwAction: Writing Config Data. Total Size: 61320 bytes. Stream Index: 1
[2026-01-20 13:40:58.833] [322018] [HailoRT] [info] [config_buffer.cpp:171] [program_descriptors] ConfigBuffer::program_descriptors: Channel 0:1. Programming 120 descriptors. Offset: 61320
[2026-01-20 13:40:58.833] [322018] [HailoRT] [info] [context_switch_actions.cpp:251] [write_to_config_buffer] WriteDataCcwAction: Writing Config Data. Total Size: 7648 bytes. Stream Index: 1
[2026-01-20 13:40:58.833] [322018] [HailoRT] [info] [config_buffer.cpp:171] [program_descriptors] ConfigBuffer::program_descriptors: Channel 0:1. Programming 15 descriptors. Offset: 7648
[2026-01-20 13:40:58.833] [322018] [HailoRT] [info] [context_switch_actions.cpp:251] [write_to_config_buffer] WriteDataCcwAction: Writing Config Data. Total Size: 37920 bytes. Stream Index: 1
[2026-01-20 13:40:58.833] [322018] [HailoRT] [info] [config_buffer.cpp:171] [program_descriptors] ConfigBuffer::program_descriptors: Channel 0:1. Programming 75 descriptors. Offset: 37920
[2026-01-20 13:40:58.833] [322018] [HailoRT] [info] [context_switch_actions.cpp:251] [write_to_config_buffer] WriteDataCcwAction: Writing Config Data. Total Size: 142280 bytes. Stream Index: 0
[2026-01-20 13:40:58.833] [322018] [HailoRT] [info] [config_buffer.cpp:171] [program_descriptors] ConfigBuffer::program_descriptors: Channel 0:0. Programming 278 descriptors. Offset: 142280
[2026-01-20 13:40:58.833] [322018] [HailoRT] [info] [context_switch_actions.cpp:251] [write_to_config_buffer] WriteDataCcwAction: Writing Config Data. Total Size: 1544 bytes. Stream Index: 0
[2026-01-20 13:40:58.833] [322018] [HailoRT] [info] [config_buffer.cpp:171] [program_descriptors] ConfigBuffer::program_descriptors: Channel 0:0. Programming 4 descriptors. Offset: 1544
[2026-01-20 13:40:58.833] [322018] [HailoRT] [info] [context_switch_actions.cpp:251] [write_to_config_buffer] WriteDataCcwAction: Writing Config Data. Total Size: 28984 bytes. Stream Index: 1
[2026-01-20 13:40:58.834] [322018] [HailoRT] [info] [config_buffer.cpp:171] [program_descriptors] ConfigBuffer::program_descriptors: Channel 0:1. Programming 57 descriptors. Offset: 28984
[2026-01-20 13:40:58.834] [322018] [HailoRT] [info] [context_switch_actions.cpp:251] [write_to_config_buffer] WriteDataCcwAction: Writing Config Data. Total Size: 23080 bytes. Stream Index: 1
[2026-01-20 13:40:58.834] [322018] [HailoRT] [info] [config_buffer.cpp:171] [program_descriptors] ConfigBuffer::program_descriptors: Channel 0:1. Programming 46 descriptors. Offset: 23080
[2026-01-20 13:40:58.834] [322018] [HailoRT] [info] [context_switch_actions.cpp:251] [write_to_config_buffer] WriteDataCcwAction: Writing Config Data. Total Size: 69704 bytes. Stream Index: 1
[2026-01-20 13:40:58.834] [322018] [HailoRT] [info] [config_buffer.cpp:171] [program_descriptors] ConfigBuffer::program_descriptors: Channel 0:1. Programming 137 descriptors. Offset: 69704
[2026-01-20 13:40:58.834] [322018] [HailoRT] [info] [context_switch_actions.cpp:251] [write_to_config_buffer] WriteDataCcwAction: Writing Config Data. Total Size: 51928 bytes. Stream Index: 1
[2026-01-20 13:40:58.834] [322018] [HailoRT] [info] [config_buffer.cpp:171] [program_descriptors] ConfigBuffer::program_descriptors: Channel 0:1. Programming 102 descriptors. Offset: 51928
[2026-01-20 13:40:58.834] [322018] [HailoRT] [info] [context_switch_actions.cpp:251] [write_to_config_buffer] WriteDataCcwAction: Writing Config Data. Total Size: 72 bytes. Stream Index: 1
[2026-01-20 13:40:58.834] [322018] [HailoRT] [info] [config_buffer.cpp:171] [program_descriptors] ConfigBuffer::program_descriptors: Channel 0:1. Programming 1 descriptors. Offset: 72
[2026-01-20 13:40:58.834] [322018] [HailoRT] [info] [context_switch_actions.cpp:251] [write_to_config_buffer] WriteDataCcwAction: Writing Config Data. Total Size: 23568 bytes. Stream Index: 1
[2026-01-20 13:40:58.835] [322018] [HailoRT] [info] [config_buffer.cpp:171] [program_descriptors] ConfigBuffer::program_descriptors: Channel 0:1. Programming 47 descriptors. Offset: 23568
[2026-01-20 13:40:58.835] [322018] [HailoRT] [info] [context_switch_actions.cpp:251] [write_to_config_buffer] WriteDataCcwAction: Writing Config Data. Total Size: 19624 bytes. Stream Index: 1
[2026-01-20 13:40:58.835] [322018] [HailoRT] [info] [config_buffer.cpp:171] [program_descriptors] ConfigBuffer::program_descriptors: Channel 0:1. Programming 39 descriptors. Offset: 19624
[2026-01-20 13:40:58.835] [322018] [HailoRT] [info] [context_switch_actions.cpp:251] [write_to_config_buffer] WriteDataCcwAction: Writing Config Data. Total Size: 8200 bytes. Stream Index: 1
[2026-01-20 13:40:58.835] [322018] [HailoRT] [info] [config_buffer.cpp:171] [program_descriptors] ConfigBuffer::program_descriptors: Channel 0:1. Programming 17 descriptors. Offset: 8200
[2026-01-20 13:40:58.835] [322018] [HailoRT] [info] [context_switch_actions.cpp:251] [write_to_config_buffer] WriteDataCcwAction: Writing Config Data. Total Size: 32776 bytes. Stream Index: 1
[2026-01-20 13:40:58.835] [322018] [HailoRT] [info] [config_buffer.cpp:171] [program_descriptors] ConfigBuffer::program_descriptors: Channel 0:1. Programming 65 descriptors. Offset: 32776
[2026-01-20 13:40:58.835] [322018] [HailoRT] [info] [context_switch_actions.cpp:251] [write_to_config_buffer] WriteDataCcwAction: Writing Config Data. Total Size: 55864 bytes. Stream Index: 1
[2026-01-20 13:40:58.835] [322018] [HailoRT] [info] [config_buffer.cpp:171] [program_descriptors] ConfigBuffer::program_descriptors: Channel 0:1. Programming 110 descriptors. Offset: 55864
[2026-01-20 13:40:58.835] [322018] [HailoRT] [info] [context_switch_actions.cpp:251] [write_to_config_buffer] WriteDataCcwAction: Writing Config Data. Total Size: 32776 bytes. Stream Index: 1
[2026-01-20 13:40:58.835] [322018] [HailoRT] [info] [config_buffer.cpp:171] [program_descriptors] ConfigBuffer::program_descriptors: Channel 0:1. Programming 65 descriptors. Offset: 32776
[2026-01-20 13:40:58.835] [322018] [HailoRT] [info] [context_switch_actions.cpp:251] [write_to_config_buffer] WriteDataCcwAction: Writing Config Data. Total Size: 23176 bytes. Stream Index: 1
[2026-01-20 13:40:58.835] [322018] [HailoRT] [info] [config_buffer.cpp:171] [program_descriptors] ConfigBuffer::program_descriptors: Channel 0:1. Programming 46 descriptors. Offset: 23176
[2026-01-20 13:40:58.835] [322018] [HailoRT] [info] [context_switch_actions.cpp:251] [write_to_config_buffer] WriteDataCcwAction: Writing Config Data. Total Size: 53816 bytes. Stream Index: 0
[2026-01-20 13:40:58.835] [322018] [HailoRT] [info] [config_buffer.cpp:171] [program_descriptors] ConfigBuffer::program_descriptors: Channel 0:0. Programming 106 descriptors. Offset: 53816
[2026-01-20 13:40:58.835] [322018] [HailoRT] [info] [context_switch_actions.cpp:251] [write_to_config_buffer] WriteDataCcwAction: Writing Config Data. Total Size: 6912 bytes. Stream Index: 0
[2026-01-20 13:40:58.835] [322018] [HailoRT] [info] [config_buffer.cpp:171] [program_descriptors] ConfigBuffer::program_descriptors: Channel 0:0. Programming 14 descriptors. Offset: 6912
[2026-01-20 13:40:58.835] [322018] [HailoRT] [info] [context_switch_actions.cpp:251] [write_to_config_buffer] WriteDataCcwAction: Writing Config Data. Total Size: 39560 bytes. Stream Index: 0
[2026-01-20 13:40:58.835] [322018] [HailoRT] [info] [config_buffer.cpp:171] [program_descriptors] ConfigBuffer::program_descriptors: Channel 0:0. Programming 78 descriptors. Offset: 39560
[2026-01-20 13:40:58.835] [322018] [HailoRT] [info] [context_switch_actions.cpp:251] [write_to_config_buffer] WriteDataCcwAction: Writing Config Data. Total Size: 75896 bytes. Stream Index: 0
[2026-01-20 13:40:58.836] [322018] [HailoRT] [info] [config_buffer.cpp:171] [program_descriptors] ConfigBuffer::program_descriptors: Channel 0:0. Programming 149 descriptors. Offset: 75896
[2026-01-20 13:40:58.836] [322018] [HailoRT] [info] [context_switch_actions.cpp:251] [write_to_config_buffer] WriteDataCcwAction: Writing Config Data. Total Size: 208696 bytes. Stream Index: 0
[2026-01-20 13:40:58.836] [322018] [HailoRT] [info] [config_buffer.cpp:171] [program_descriptors] ConfigBuffer::program_descriptors: Channel 0:0. Programming 408 descriptors. Offset: 208696
[2026-01-20 13:40:58.836] [322018] [HailoRT] [info] [context_switch_actions.cpp:251] [write_to_config_buffer] WriteDataCcwAction: Writing Config Data. Total Size: 325064 bytes. Stream Index: 0
[2026-01-20 13:40:58.836] [322018] [HailoRT] [info] [config_buffer.cpp:171] [program_descriptors] ConfigBuffer::program_descriptors: Channel 0:0. Programming 635 descriptors. Offset: 325064
[2026-01-20 13:40:58.836] [322018] [HailoRT] [info] [context_switch_actions.cpp:251] [write_to_config_buffer] WriteDataCcwAction: Writing Config Data. Total Size: 30872 bytes. Stream Index: 0
[2026-01-20 13:40:58.836] [322018] [HailoRT] [info] [config_buffer.cpp:171] [program_descriptors] ConfigBuffer::program_descriptors: Channel 0:0. Programming 61 descriptors. Offset: 30872
[2026-01-20 13:40:58.836] [322018] [HailoRT] [info] [context_switch_actions.cpp:251] [write_to_config_buffer] WriteDataCcwAction: Writing Config Data. Total Size: 245816 bytes. Stream Index: 0
[2026-01-20 13:40:58.837] [322018] [HailoRT] [info] [config_buffer.cpp:171] [program_descriptors] ConfigBuffer::program_descriptors: Channel 0:0. Programming 481 descriptors. Offset: 245816
[2026-01-20 13:40:58.837] [322018] [HailoRT] [info] [context_switch_actions.cpp:251] [write_to_config_buffer] WriteDataCcwAction: Writing Config Data. Total Size: 286720 bytes. Stream Index: 1
[2026-01-20 13:40:58.837] [322018] [HailoRT] [info] [config_buffer.cpp:171] [program_descriptors] ConfigBuffer::program_descriptors: Channel 0:1. Programming 560 descriptors. Offset: 286720
[2026-01-20 13:40:58.837] [322018] [HailoRT] [info] [context_switch_actions.cpp:251] [write_to_config_buffer] WriteDataCcwAction: Writing Config Data. Total Size: 74960 bytes. Stream Index: 1
[2026-01-20 13:40:58.837] [322018] [HailoRT] [info] [config_buffer.cpp:171] [program_descriptors] ConfigBuffer::program_descriptors: Channel 0:1. Programming 147 descriptors. Offset: 74960
[2026-01-20 13:40:58.837] [322018] [HailoRT] [info] [context_switch_actions.cpp:251] [write_to_config_buffer] WriteDataCcwAction: Writing Config Data. Total Size: 174424 bytes. Stream Index: 1
[2026-01-20 13:40:58.837] [322018] [HailoRT] [info] [config_buffer.cpp:171] [program_descriptors] ConfigBuffer::program_descriptors: Channel 0:1. Programming 341 descriptors. Offset: 174424
[2026-01-20 13:40:58.837] [322018] [HailoRT] [info] [context_switch_actions.cpp:251] [write_to_config_buffer] WriteDataCcwAction: Writing Config Data. Total Size: 414992 bytes. Stream Index: 1
[2026-01-20 13:40:58.838] [322018] [HailoRT] [info] [config_buffer.cpp:171] [program_descriptors] ConfigBuffer::program_descriptors: Channel 0:1. Programming 811 descriptors. Offset: 414992
[2026-01-20 13:40:58.838] [322018] [HailoRT] [info] [context_switch_actions.cpp:251] [write_to_config_buffer] WriteDataCcwAction: Writing Config Data. Total Size: 370320 bytes. Stream Index: 1
[2026-01-20 13:40:58.838] [322018] [HailoRT] [info] [config_buffer.cpp:171] [program_descriptors] ConfigBuffer::program_descriptors: Channel 0:1. Programming 724 descriptors. Offset: 370320
[2026-01-20 13:40:58.838] [322018] [HailoRT] [info] [context_switch_actions.cpp:251] [write_to_config_buffer] WriteDataCcwAction: Writing Config Data. Total Size: 8200 bytes. Stream Index: 1
[2026-01-20 13:40:58.838] [322018] [HailoRT] [info] [config_buffer.cpp:171] [program_descriptors] ConfigBuffer::program_descriptors: Channel 0:1. Programming 17 descriptors. Offset: 8200
[2026-01-20 13:40:58.838] [322018] [HailoRT] [info] [context_switch_actions.cpp:251] [write_to_config_buffer] WriteDataCcwAction: Writing Config Data. Total Size: 401456 bytes. Stream Index: 1
[2026-01-20 13:40:58.839] [322018] [HailoRT] [info] [config_buffer.cpp:171] [program_descriptors] ConfigBuffer::program_descriptors: Channel 0:1. Programming 785 descriptors. Offset: 401456
[2026-01-20 13:40:58.839] [322018] [HailoRT] [info] [context_switch_actions.cpp:251] [write_to_config_buffer] WriteDataCcwAction: Writing Config Data. Total Size: 25136 bytes. Stream Index: 1
[2026-01-20 13:40:58.839] [322018] [HailoRT] [info] [config_buffer.cpp:171] [program_descriptors] ConfigBuffer::program_descriptors: Channel 0:1. Programming 50 descriptors. Offset: 25136
[2026-01-20 13:40:58.839] [322018] [HailoRT] [info] [context_switch_actions.cpp:251] [write_to_config_buffer] WriteDataCcwAction: Writing Config Data. Total Size: 24272 bytes. Stream Index: 1
[2026-01-20 13:40:58.839] [322018] [HailoRT] [info] [config_buffer.cpp:171] [program_descriptors] ConfigBuffer::program_descriptors: Channel 0:1. Programming 48 descriptors. Offset: 24272
[2026-01-20 13:40:58.839] [322018] [HailoRT] [info] [context_switch_actions.cpp:251] [write_to_config_buffer] WriteDataCcwAction: Writing Config Data. Total Size: 32776 bytes. Stream Index: 1
[2026-01-20 13:40:58.839] [322018] [HailoRT] [info] [config_buffer.cpp:171] [program_descriptors] ConfigBuffer::program_descriptors: Channel 0:1. Programming 65 descriptors. Offset: 32776
[2026-01-20 13:40:58.839] [322018] [HailoRT] [info] [context_switch_actions.cpp:251] [write_to_config_buffer] WriteDataCcwAction: Writing Config Data. Total Size: 15440 bytes. Stream Index: 0
[2026-01-20 13:40:58.839] [322018] [HailoRT] [info] [config_buffer.cpp:171] [program_descriptors] ConfigBuffer::program_descriptors: Channel 0:0. Programming 31 descriptors. Offset: 15440
[2026-01-20 13:40:58.839] [322018] [HailoRT] [info] [context_switch_actions.cpp:251] [write_to_config_buffer] WriteDataCcwAction: Writing Config Data. Total Size: 38328 bytes. Stream Index: 0
[2026-01-20 13:40:58.840] [322018] [HailoRT] [info] [config_buffer.cpp:171] [program_descriptors] ConfigBuffer::program_descriptors: Channel 0:0. Programming 75 descriptors. Offset: 38328
[2026-01-20 13:40:58.840] [322018] [HailoRT] [info] [context_switch_actions.cpp:251] [write_to_config_buffer] WriteDataCcwAction: Writing Config Data. Total Size: 6336 bytes. Stream Index: 0
[2026-01-20 13:40:58.840] [322018] [HailoRT] [info] [config_buffer.cpp:171] [program_descriptors] ConfigBuffer::program_descriptors: Channel 0:0. Programming 13 descriptors. Offset: 6336
[2026-01-20 13:40:58.840] [322018] [HailoRT] [info] [context_switch_actions.cpp:251] [write_to_config_buffer] WriteDataCcwAction: Writing Config Data. Total Size: 25272 bytes. Stream Index: 0
[2026-01-20 13:40:58.840] [322018] [HailoRT] [info] [config_buffer.cpp:171] [program_descriptors] ConfigBuffer::program_descriptors: Channel 0:0. Programming 50 descriptors. Offset: 25272
[2026-01-20 13:40:58.840] [322018] [HailoRT] [info] [context_switch_actions.cpp:251] [write_to_config_buffer] WriteDataCcwAction: Writing Config Data. Total Size: 53824 bytes. Stream Index: 0
[2026-01-20 13:40:58.840] [322018] [HailoRT] [info] [config_buffer.cpp:171] [program_descriptors] ConfigBuffer::program_descriptors: Channel 0:0. Programming 106 descriptors. Offset: 53824
[2026-01-20 13:40:58.840] [322018] [HailoRT] [info] [context_switch_actions.cpp:251] [write_to_config_buffer] WriteDataCcwAction: Writing Config Data. Total Size: 25328 bytes. Stream Index: 0
[2026-01-20 13:40:58.840] [322018] [HailoRT] [info] [config_buffer.cpp:171] [program_descriptors] ConfigBuffer::program_descriptors: Channel 0:0. Programming 50 descriptors. Offset: 25328
[2026-01-20 13:40:58.840] [322018] [HailoRT] [info] [context_switch_actions.cpp:251] [write_to_config_buffer] WriteDataCcwAction: Writing Config Data. Total Size: 20640 bytes. Stream Index: 0
[2026-01-20 13:40:58.840] [322018] [HailoRT] [info] [config_buffer.cpp:171] [program_descriptors] ConfigBuffer::program_descriptors: Channel 0:0. Programming 41 descriptors. Offset: 20640
[2026-01-20 13:40:58.840] [322018] [HailoRT] [info] [context_switch_actions.cpp:251] [write_to_config_buffer] WriteDataCcwAction: Writing Config Data. Total Size: 51192 bytes. Stream Index: 0
[2026-01-20 13:40:58.840] [322018] [HailoRT] [info] [config_buffer.cpp:171] [program_descriptors] ConfigBuffer::program_descriptors: Channel 0:0. Programming 100 descriptors. Offset: 51192
[2026-01-20 13:40:58.840] [322018] [HailoRT] [info] [context_switch_actions.cpp:251] [write_to_config_buffer] WriteDataCcwAction: Writing Config Data. Total Size: 6384 bytes. Stream Index: 0
[2026-01-20 13:40:58.840] [322018] [HailoRT] [info] [config_buffer.cpp:171] [program_descriptors] ConfigBuffer::program_descriptors: Channel 0:0. Programming 13 descriptors. Offset: 6384
[2026-01-20 13:40:58.840] [322018] [HailoRT] [info] [context_switch_actions.cpp:251] [write_to_config_buffer] WriteDataCcwAction: Writing Config Data. Total Size: 50864 bytes. Stream Index: 0
[2026-01-20 13:40:58.840] [322018] [HailoRT] [info] [config_buffer.cpp:171] [program_descriptors] ConfigBuffer::program_descriptors: Channel 0:0. Programming 100 descriptors. Offset: 50864
[2026-01-20 13:40:58.840] [322018] [HailoRT] [info] [context_switch_actions.cpp:251] [write_to_config_buffer] WriteDataCcwAction: Writing Config Data. Total Size: 6432 bytes. Stream Index: 0
[2026-01-20 13:40:58.840] [322018] [HailoRT] [info] [config_buffer.cpp:171] [program_descriptors] ConfigBuffer::program_descriptors: Channel 0:0. Programming 13 descriptors. Offset: 6432
[2026-01-20 13:40:58.840] [322018] [HailoRT] [info] [context_switch_actions.cpp:251] [write_to_config_buffer] WriteDataCcwAction: Writing Config Data. Total Size: 25424 bytes. Stream Index: 0
[2026-01-20 13:40:58.840] [322018] [HailoRT] [info] [config_buffer.cpp:171] [program_descriptors] ConfigBuffer::program_descriptors: Channel 0:0. Programming 50 descriptors. Offset: 25424
[2026-01-20 13:40:58.840] [322018] [HailoRT] [info] [context_switch_actions.cpp:251] [write_to_config_buffer] WriteDataCcwAction: Writing Config Data. Total Size: 49880 bytes. Stream Index: 1
[2026-01-20 13:40:58.840] [322018] [HailoRT] [info] [config_buffer.cpp:171] [program_descriptors] ConfigBuffer::program_descriptors: Channel 0:1. Programming 98 descriptors. Offset: 49880
[2026-01-20 13:40:58.840] [322018] [HailoRT] [info] [context_switch_actions.cpp:251] [write_to_config_buffer] WriteDataCcwAction: Writing Config Data. Total Size: 52120 bytes. Stream Index: 1
[2026-01-20 13:40:58.840] [322018] [HailoRT] [info] [config_buffer.cpp:171] [program_descriptors] ConfigBuffer::program_descriptors: Channel 0:1. Programming 102 descriptors. Offset: 52120
[2026-01-20 13:40:58.840] [322018] [HailoRT] [info] [context_switch_actions.cpp:251] [write_to_config_buffer] WriteDataCcwAction: Writing Config Data. Total Size: 505640 bytes. Stream Index: 1
[2026-01-20 13:40:58.841] [322018] [HailoRT] [info] [config_buffer.cpp:171] [program_descriptors] ConfigBuffer::program_descriptors: Channel 0:1. Programming 988 descriptors. Offset: 505640
[2026-01-20 13:40:58.841] [322018] [HailoRT] [info] [context_switch_actions.cpp:251] [write_to_config_buffer] WriteDataCcwAction: Writing Config Data. Total Size: 16 bytes. Stream Index: 0
[2026-01-20 13:40:58.841] [322018] [HailoRT] [info] [config_buffer.cpp:171] [program_descriptors] ConfigBuffer::program_descriptors: Channel 0:0. Programming 1 descriptors. Offset: 16
[2026-01-20 13:40:58.841] [322018] [HailoRT] [info] [context_switch_actions.cpp:251] [write_to_config_buffer] WriteDataCcwAction: Writing Config Data. Total Size: 279592 bytes. Stream Index: 0
[2026-01-20 13:40:58.841] [322018] [HailoRT] [info] [config_buffer.cpp:171] [program_descriptors] ConfigBuffer::program_descriptors: Channel 0:0. Programming 547 descriptors. Offset: 279592
[2026-01-20 13:40:58.841] [322018] [HailoRT] [info] [context_switch_actions.cpp:251] [write_to_config_buffer] WriteDataCcwAction: Writing Config Data. Total Size: 16 bytes. Stream Index: 0
[2026-01-20 13:40:58.841] [322018] [HailoRT] [info] [config_buffer.cpp:171] [program_descriptors] ConfigBuffer::program_descriptors: Channel 0:0. Programming 1 descriptors. Offset: 16
[2026-01-20 13:40:58.841] [322018] [HailoRT] [info] [context_switch_actions.cpp:251] [write_to_config_buffer] WriteDataCcwAction: Writing Config Data. Total Size: 72 bytes. Stream Index: 0
[2026-01-20 13:40:58.841] [322018] [HailoRT] [info] [config_buffer.cpp:171] [program_descriptors] ConfigBuffer::program_descriptors: Channel 0:0. Programming 1 descriptors. Offset: 72
[2026-01-20 13:40:58.841] [322018] [HailoRT] [info] [context_switch_actions.cpp:251] [write_to_config_buffer] WriteDataCcwAction: Writing Config Data. Total Size: 290656 bytes. Stream Index: 1
[2026-01-20 13:40:58.841] [322018] [HailoRT] [info] [config_buffer.cpp:171] [program_descriptors] ConfigBuffer::program_descriptors: Channel 0:1. Programming 568 descriptors. Offset: 290656
[2026-01-20 13:40:58.841] [322018] [HailoRT] [info] [context_switch_actions.cpp:251] [write_to_config_buffer] WriteDataCcwAction: Writing Config Data. Total Size: 157976 bytes. Stream Index: 1
[2026-01-20 13:40:58.841] [322018] [HailoRT] [info] [config_buffer.cpp:171] [program_descriptors] ConfigBuffer::program_descriptors: Channel 0:1. Programming 309 descriptors. Offset: 157976
[2026-01-20 13:40:58.841] [322018] [HailoRT] [info] [context_switch_actions.cpp:251] [write_to_config_buffer] WriteDataCcwAction: Writing Config Data. Total Size: 25360 bytes. Stream Index: 1
[2026-01-20 13:40:58.841] [322018] [HailoRT] [info] [config_buffer.cpp:171] [program_descriptors] ConfigBuffer::program_descriptors: Channel 0:1. Programming 50 descriptors. Offset: 25360
[2026-01-20 13:40:58.841] [322018] [HailoRT] [info] [context_switch_actions.cpp:251] [write_to_config_buffer] WriteDataCcwAction: Writing Config Data. Total Size: 25208 bytes. Stream Index: 1
[2026-01-20 13:40:58.841] [322018] [HailoRT] [info] [config_buffer.cpp:171] [program_descriptors] ConfigBuffer::program_descriptors: Channel 0:1. Programming 50 descriptors. Offset: 25208
[2026-01-20 13:40:58.841] [322018] [HailoRT] [info] [context_switch_actions.cpp:251] [write_to_config_buffer] WriteDataCcwAction: Writing Config Data. Total Size: 56920 bytes. Stream Index: 1
[2026-01-20 13:40:58.841] [322018] [HailoRT] [info] [config_buffer.cpp:171] [program_descriptors] ConfigBuffer::program_descriptors: Channel 0:1. Programming 112 descriptors. Offset: 56920
[2026-01-20 13:40:58.842] [322018] [HailoRT] [info] [context_switch_actions.cpp:251] [write_to_config_buffer] WriteDataCcwAction: Writing Config Data. Total Size: 3080 bytes. Stream Index: 1
[2026-01-20 13:40:58.842] [322018] [HailoRT] [info] [config_buffer.cpp:171] [program_descriptors] ConfigBuffer::program_descriptors: Channel 0:1. Programming 7 descriptors. Offset: 3080
[2026-01-20 13:40:58.842] [322018] [HailoRT] [info] [context_switch_actions.cpp:251] [write_to_config_buffer] WriteDataCcwAction: Writing Config Data. Total Size: 23240 bytes. Stream Index: 1
[2026-01-20 13:40:58.842] [322018] [HailoRT] [info] [config_buffer.cpp:171] [program_descriptors] ConfigBuffer::program_descriptors: Channel 0:1. Programming 46 descriptors. Offset: 23240
[2026-01-20 13:40:58.842] [322018] [HailoRT] [info] [context_switch_actions.cpp:251] [write_to_config_buffer] WriteDataCcwAction: Writing Config Data. Total Size: 30624 bytes. Stream Index: 1
[2026-01-20 13:40:58.842] [322018] [HailoRT] [info] [config_buffer.cpp:171] [program_descriptors] ConfigBuffer::program_descriptors: Channel 0:1. Programming 60 descriptors. Offset: 30624
[2026-01-20 13:40:58.842] [322018] [HailoRT] [info] [context_switch_actions.cpp:251] [write_to_config_buffer] WriteDataCcwAction: Writing Config Data. Total Size: 5832 bytes. Stream Index: 1
[2026-01-20 13:40:58.842] [322018] [HailoRT] [info] [config_buffer.cpp:171] [program_descriptors] ConfigBuffer::program_descriptors: Channel 0:1. Programming 12 descriptors. Offset: 5832
[2026-01-20 13:40:58.842] [322018] [HailoRT] [info] [context_switch_actions.cpp:251] [write_to_config_buffer] WriteDataCcwAction: Writing Config Data. Total Size: 23032 bytes. Stream Index: 1
[2026-01-20 13:40:58.842] [322018] [HailoRT] [info] [config_buffer.cpp:171] [program_descriptors] ConfigBuffer::program_descriptors: Channel 0:1. Programming 45 descriptors. Offset: 23032
[2026-01-20 13:40:58.842] [322018] [HailoRT] [info] [context_switch_actions.cpp:251] [write_to_config_buffer] WriteDataCcwAction: Writing Config Data. Total Size: 40976 bytes. Stream Index: 1
[2026-01-20 13:40:58.842] [322018] [HailoRT] [info] [config_buffer.cpp:171] [program_descriptors] ConfigBuffer::program_descriptors: Channel 0:1. Programming 81 descriptors. Offset: 40976
[2026-01-20 13:40:58.842] [322018] [HailoRT] [info] [context_switch_actions.cpp:251] [write_to_config_buffer] WriteDataCcwAction: Writing Config Data. Total Size: 32792 bytes. Stream Index: 1
[2026-01-20 13:40:58.842] [322018] [HailoRT] [info] [config_buffer.cpp:171] [program_descriptors] ConfigBuffer::program_descriptors: Channel 0:1. Programming 65 descriptors. Offset: 32792
[2026-01-20 13:40:58.842] [322018] [HailoRT] [info] [context_switch_actions.cpp:251] [write_to_config_buffer] WriteDataCcwAction: Writing Config Data. Total Size: 65552 bytes. Stream Index: 1
[2026-01-20 13:40:58.842] [322018] [HailoRT] [info] [config_buffer.cpp:171] [program_descriptors] ConfigBuffer::program_descriptors: Channel 0:1. Programming 129 descriptors. Offset: 65552
[2026-01-20 13:40:58.842] [322018] [HailoRT] [info] [context_switch_actions.cpp:251] [write_to_config_buffer] WriteDataCcwAction: Writing Config Data. Total Size: 60192 bytes. Stream Index: 1
[2026-01-20 13:40:58.842] [322018] [HailoRT] [info] [config_buffer.cpp:171] [program_descriptors] ConfigBuffer::program_descriptors: Channel 0:1. Programming 118 descriptors. Offset: 60192
[2026-01-20 13:40:58.842] [322018] [HailoRT] [info] [context_switch_actions.cpp:251] [write_to_config_buffer] WriteDataCcwAction: Writing Config Data. Total Size: 7664 bytes. Stream Index: 1
[2026-01-20 13:40:58.842] [322018] [HailoRT] [info] [config_buffer.cpp:171] [program_descriptors] ConfigBuffer::program_descriptors: Channel 0:1. Programming 15 descriptors. Offset: 7664
[2026-01-20 13:40:58.842] [322018] [HailoRT] [info] [context_switch_actions.cpp:251] [write_to_config_buffer] WriteDataCcwAction: Writing Config Data. Total Size: 56816 bytes. Stream Index: 1
[2026-01-20 13:40:58.842] [322018] [HailoRT] [info] [config_buffer.cpp:171] [program_descriptors] ConfigBuffer::program_descriptors: Channel 0:1. Programming 111 descriptors. Offset: 56816
[2026-01-20 13:40:58.842] [322018] [HailoRT] [info] [context_switch_actions.cpp:251] [write_to_config_buffer] WriteDataCcwAction: Writing Config Data. Total Size: 31680 bytes. Stream Index: 1
[2026-01-20 13:40:58.842] [322018] [HailoRT] [info] [config_buffer.cpp:171] [program_descriptors] ConfigBuffer::program_descriptors: Channel 0:1. Programming 62 descriptors. Offset: 31680
[2026-01-20 13:40:58.842] [322018] [HailoRT] [info] [context_switch_actions.cpp:251] [write_to_config_buffer] WriteDataCcwAction: Writing Config Data. Total Size: 320296 bytes. Stream Index: 0
[2026-01-20 13:40:58.842] [322018] [HailoRT] [info] [config_buffer.cpp:171] [program_descriptors] ConfigBuffer::program_descriptors: Channel 0:0. Programming 626 descriptors. Offset: 320296
[2026-01-20 13:40:58.842] [322018] [HailoRT] [info] [context_switch_actions.cpp:251] [write_to_config_buffer] WriteDataCcwAction: Writing Config Data. Total Size: 327592 bytes. Stream Index: 1
[2026-01-20 13:40:58.843] [322018] [HailoRT] [info] [config_buffer.cpp:171] [program_descriptors] ConfigBuffer::program_descriptors: Channel 0:1. Programming 640 descriptors. Offset: 327592
[2026-01-20 13:40:58.843] [322018] [HailoRT] [info] [context_switch_actions.cpp:251] [write_to_config_buffer] WriteDataCcwAction: Writing Config Data. Total Size: 64536 bytes. Stream Index: 0
[2026-01-20 13:40:58.843] [322018] [HailoRT] [info] [config_buffer.cpp:171] [program_descriptors] ConfigBuffer::program_descriptors: Channel 0:0. Programming 127 descriptors. Offset: 64536
[2026-01-20 13:40:58.843] [322018] [HailoRT] [info] [context_switch_actions.cpp:251] [write_to_config_buffer] WriteDataCcwAction: Writing Config Data. Total Size: 113336 bytes. Stream Index: 1
[2026-01-20 13:40:58.843] [322018] [HailoRT] [info] [config_buffer.cpp:171] [program_descriptors] ConfigBuffer::program_descriptors: Channel 0:1. Programming 222 descriptors. Offset: 113336
[2026-01-20 13:40:58.849] [322018] [HailoRT] [info] [hailort_driver.cpp:476] [fw_control] Sending FW Control: opcode=0x00000048 (HAILO_CONTROL_OPCODE_GET_HW_CONSTS), len=20, cpu_id=1
[2026-01-20 13:40:58.849] [322018] [HailoRT] [info] [context_switch_actions.cpp:251] [write_to_config_buffer] WriteDataCcwAction: Writing Config Data. Total Size: 222576 bytes. Stream Index: 1
[2026-01-20 13:40:58.849] [322018] [HailoRT] [info] [config_buffer.cpp:171] [program_descriptors] ConfigBuffer::program_descriptors: Channel 0:1. Programming 435 descriptors. Offset: 222576
[2026-01-20 13:40:58.850] [322018] [HailoRT] [info] [context_switch_actions.cpp:251] [write_to_config_buffer] WriteDataCcwAction: Writing Config Data. Total Size: 1181248 bytes. Stream Index: 0
[2026-01-20 13:40:58.851] [322018] [HailoRT] [info] [config_buffer.cpp:171] [program_descriptors] ConfigBuffer::program_descriptors: Channel 0:0. Programming 2308 descriptors. Offset: 1181248
[2026-01-20 13:40:58.851] [322018] [HailoRT] [info] [context_switch_actions.cpp:251] [write_to_config_buffer] WriteDataCcwAction: Writing Config Data. Total Size: 10936 bytes. Stream Index: 1
[2026-01-20 13:40:58.851] [322018] [HailoRT] [info] [config_buffer.cpp:171] [program_descriptors] ConfigBuffer::program_descriptors: Channel 0:1. Programming 22 descriptors. Offset: 10936
[2026-01-20 13:40:58.851] [322018] [HailoRT] [info] [context_switch_actions.cpp:251] [write_to_config_buffer] WriteDataCcwAction: Writing Config Data. Total Size: 167888 bytes. Stream Index: 0
[2026-01-20 13:40:58.851] [322018] [HailoRT] [info] [config_buffer.cpp:171] [program_descriptors] ConfigBuffer::program_descriptors: Channel 0:0. Programming 328 descriptors. Offset: 167888
[2026-01-20 13:40:58.851] [322018] [HailoRT] [info] [context_switch_actions.cpp:251] [write_to_config_buffer] WriteDataCcwAction: Writing Config Data. Total Size: 24432 bytes. Stream Index: 1
[2026-01-20 13:40:58.851] [322018] [HailoRT] [info] [config_buffer.cpp:171] [program_descriptors] ConfigBuffer::program_descriptors: Channel 0:1. Programming 48 descriptors. Offset: 24432
[2026-01-20 13:40:58.851] [322018] [HailoRT] [info] [context_switch_actions.cpp:251] [write_to_config_buffer] WriteDataCcwAction: Writing Config Data. Total Size: 72 bytes. Stream Index: 1
[2026-01-20 13:40:58.851] [322018] [HailoRT] [info] [config_buffer.cpp:171] [program_descriptors] ConfigBuffer::program_descriptors: Channel 0:1. Programming 1 descriptors. Offset: 72
[2026-01-20 13:40:58.851] [322018] [HailoRT] [info] [context_switch_actions.cpp:251] [write_to_config_buffer] WriteDataCcwAction: Writing Config Data. Total Size: 198016 bytes. Stream Index: 1
[2026-01-20 13:40:58.851] [322018] [HailoRT] [info] [config_buffer.cpp:171] [program_descriptors] ConfigBuffer::program_descriptors: Channel 0:1. Programming 387 descriptors. Offset: 198016
[2026-01-20 13:40:58.851] [322018] [HailoRT] [info] [context_switch_actions.cpp:251] [write_to_config_buffer] WriteDataCcwAction: Writing Config Data. Total Size: 415320 bytes. Stream Index: 1
[2026-01-20 13:40:58.851] [322018] [HailoRT] [info] [config_buffer.cpp:171] [program_descriptors] ConfigBuffer::program_descriptors: Channel 0:1. Programming 812 descriptors. Offset: 415320
[2026-01-20 13:40:58.851] [322018] [HailoRT] [info] [context_switch_actions.cpp:251] [write_to_config_buffer] WriteDataCcwAction: Writing Config Data. Total Size: 87656 bytes. Stream Index: 1
[2026-01-20 13:40:58.851] [322018] [HailoRT] [info] [config_buffer.cpp:171] [program_descriptors] ConfigBuffer::program_descriptors: Channel 0:1. Programming 172 descriptors. Offset: 87656
[2026-01-20 13:40:58.851] [322018] [HailoRT] [info] [context_switch_actions.cpp:251] [write_to_config_buffer] WriteDataCcwAction: Writing Config Data. Total Size: 403448 bytes. Stream Index: 1
[2026-01-20 13:40:58.852] [322018] [HailoRT] [info] [config_buffer.cpp:171] [program_descriptors] ConfigBuffer::program_descriptors: Channel 0:1. Programming 788 descriptors. Offset: 403448
[2026-01-20 13:40:58.852] [322018] [HailoRT] [info] [context_switch_actions.cpp:251] [write_to_config_buffer] WriteDataCcwAction: Writing Config Data. Total Size: 50368 bytes. Stream Index: 0
[2026-01-20 13:40:58.852] [322018] [HailoRT] [info] [config_buffer.cpp:171] [program_descriptors] ConfigBuffer::program_descriptors: Channel 0:0. Programming 99 descriptors. Offset: 50368
[2026-01-20 13:40:58.852] [322018] [HailoRT] [info] [context_switch_actions.cpp:251] [write_to_config_buffer] WriteDataCcwAction: Writing Config Data. Total Size: 31472 bytes. Stream Index: 1
[2026-01-20 13:40:58.852] [322018] [HailoRT] [info] [config_buffer.cpp:171] [program_descriptors] ConfigBuffer::program_descriptors: Channel 0:1. Programming 62 descriptors. Offset: 31472
[2026-01-20 13:40:58.852] [322018] [HailoRT] [info] [context_switch_actions.cpp:251] [write_to_config_buffer] WriteDataCcwAction: Writing Config Data. Total Size: 13984 bytes. Stream Index: 1
[2026-01-20 13:40:58.852] [322018] [HailoRT] [info] [config_buffer.cpp:171] [program_descriptors] ConfigBuffer::program_descriptors: Channel 0:1. Programming 28 descriptors. Offset: 13984
[2026-01-20 13:40:58.852] [322018] [HailoRT] [info] [context_switch_actions.cpp:251] [write_to_config_buffer] WriteDataCcwAction: Writing Config Data. Total Size: 5064 bytes. Stream Index: 1
[2026-01-20 13:40:58.852] [322018] [HailoRT] [info] [config_buffer.cpp:171] [program_descriptors] ConfigBuffer::program_descriptors: Channel 0:1. Programming 10 descriptors. Offset: 5064
[2026-01-20 13:40:58.852] [322018] [HailoRT] [info] [context_switch_actions.cpp:251] [write_to_config_buffer] WriteDataCcwAction: Writing Config Data. Total Size: 39032 bytes. Stream Index: 1
[2026-01-20 13:40:58.852] [322018] [HailoRT] [info] [config_buffer.cpp:171] [program_descriptors] ConfigBuffer::program_descriptors: Channel 0:1. Programming 77 descriptors. Offset: 39032
[2026-01-20 13:40:58.852] [322018] [HailoRT] [info] [context_switch_actions.cpp:251] [write_to_config_buffer] WriteDataCcwAction: Writing Config Data. Total Size: 52280 bytes. Stream Index: 0
[2026-01-20 13:40:58.852] [322018] [HailoRT] [info] [config_buffer.cpp:171] [program_descriptors] ConfigBuffer::program_descriptors: Channel 0:0. Programming 103 descriptors. Offset: 52280
[2026-01-20 13:40:58.852] [322018] [HailoRT] [info] [context_switch_actions.cpp:251] [write_to_config_buffer] WriteDataCcwAction: Writing Config Data. Total Size: 5792 bytes. Stream Index: 0
[2026-01-20 13:40:58.852] [322018] [HailoRT] [info] [config_buffer.cpp:171] [program_descriptors] ConfigBuffer::program_descriptors: Channel 0:0. Programming 12 descriptors. Offset: 5792
[2026-01-20 13:40:58.852] [322018] [HailoRT] [info] [context_switch_actions.cpp:251] [write_to_config_buffer] WriteDataCcwAction: Writing Config Data. Total Size: 4400 bytes. Stream Index: 0
[2026-01-20 13:40:58.852] [322018] [HailoRT] [info] [config_buffer.cpp:171] [program_descriptors] ConfigBuffer::program_descriptors: Channel 0:0. Programming 9 descriptors. Offset: 4400
[2026-01-20 13:40:58.852] [322018] [HailoRT] [info] [context_switch_actions.cpp:251] [write_to_config_buffer] WriteDataCcwAction: Writing Config Data. Total Size: 16 bytes. Stream Index: 1
[2026-01-20 13:40:58.852] [322018] [HailoRT] [info] [config_buffer.cpp:171] [program_descriptors] ConfigBuffer::program_descriptors: Channel 0:1. Programming 1 descriptors. Offset: 16
[2026-01-20 13:40:58.852] [322018] [HailoRT] [info] [context_switch_actions.cpp:251] [write_to_config_buffer] WriteDataCcwAction: Writing Config Data. Total Size: 16 bytes. Stream Index: 1
[2026-01-20 13:40:58.852] [322018] [HailoRT] [info] [config_buffer.cpp:171] [program_descriptors] ConfigBuffer::program_descriptors: Channel 0:1. Programming 1 descriptors. Offset: 16
[2026-01-20 13:40:58.852] [322018] [HailoRT] [info] [context_switch_actions.cpp:251] [write_to_config_buffer] WriteDataCcwAction: Writing Config Data. Total Size: 39512 bytes. Stream Index: 0
[2026-01-20 13:40:58.852] [322018] [HailoRT] [info] [config_buffer.cpp:171] [program_descriptors] ConfigBuffer::program_descriptors: Channel 0:0. Programming 78 descriptors. Offset: 39512
[2026-01-20 13:40:58.852] [322018] [HailoRT] [info] [context_switch_actions.cpp:251] [write_to_config_buffer] WriteDataCcwAction: Writing Config Data. Total Size: 107256 bytes. Stream Index: 0
[2026-01-20 13:40:58.852] [322018] [HailoRT] [info] [config_buffer.cpp:171] [program_descriptors] ConfigBuffer::program_descriptors: Channel 0:0. Programming 210 descriptors. Offset: 107256
[2026-01-20 13:40:58.852] [322018] [HailoRT] [info] [context_switch_actions.cpp:251] [write_to_config_buffer] WriteDataCcwAction: Writing Config Data. Total Size: 185416 bytes. Stream Index: 0
[2026-01-20 13:40:58.852] [322018] [HailoRT] [info] [config_buffer.cpp:171] [program_descriptors] ConfigBuffer::program_descriptors: Channel 0:0. Programming 363 descriptors. Offset: 185416
[2026-01-20 13:40:58.852] [322018] [HailoRT] [info] [context_switch_actions.cpp:251] [write_to_config_buffer] WriteDataCcwAction: Writing Config Data. Total Size: 32776 bytes. Stream Index: 0
[2026-01-20 13:40:58.852] [322018] [HailoRT] [info] [config_buffer.cpp:171] [program_descriptors] ConfigBuffer::program_descriptors: Channel 0:0. Programming 65 descriptors. Offset: 32776
[2026-01-20 13:40:58.852] [322018] [HailoRT] [info] [context_switch_actions.cpp:251] [write_to_config_buffer] WriteDataCcwAction: Writing Config Data. Total Size: 5064 bytes. Stream Index: 0
[2026-01-20 13:40:58.852] [322018] [HailoRT] [info] [config_buffer.cpp:171] [program_descriptors] ConfigBuffer::program_descriptors: Channel 0:0. Programming 10 descriptors. Offset: 5064
[2026-01-20 13:40:58.852] [322018] [HailoRT] [info] [context_switch_actions.cpp:251] [write_to_config_buffer] WriteDataCcwAction: Writing Config Data. Total Size: 17664 bytes. Stream Index: 0
[2026-01-20 13:40:58.852] [322018] [HailoRT] [info] [config_buffer.cpp:171] [program_descriptors] ConfigBuffer::program_descriptors: Channel 0:0. Programming 35 descriptors. Offset: 17664
[2026-01-20 13:40:58.852] [322018] [HailoRT] [info] [context_switch_actions.cpp:251] [write_to_config_buffer] WriteDataCcwAction: Writing Config Data. Total Size: 211208 bytes. Stream Index: 0
[2026-01-20 13:40:58.853] [322018] [HailoRT] [info] [config_buffer.cpp:171] [program_descriptors] ConfigBuffer::program_descriptors: Channel 0:0. Programming 413 descriptors. Offset: 211208
[2026-01-20 13:40:58.853] [322018] [HailoRT] [info] [context_switch_actions.cpp:251] [write_to_config_buffer] WriteDataCcwAction: Writing Config Data. Total Size: 34936 bytes. Stream Index: 0
[2026-01-20 13:40:58.853] [322018] [HailoRT] [info] [config_buffer.cpp:171] [program_descriptors] ConfigBuffer::program_descriptors: Channel 0:0. Programming 69 descriptors. Offset: 34936
[2026-01-20 13:40:58.853] [322018] [HailoRT] [info] [context_switch_actions.cpp:251] [write_to_config_buffer] WriteDataCcwAction: Writing Config Data. Total Size: 6160 bytes. Stream Index: 0
[2026-01-20 13:40:58.853] [322018] [HailoRT] [info] [config_buffer.cpp:171] [program_descriptors] ConfigBuffer::program_descriptors: Channel 0:0. Programming 13 descriptors. Offset: 6160
[2026-01-20 13:40:58.853] [322018] [HailoRT] [info] [context_switch_actions.cpp:251] [write_to_config_buffer] WriteDataCcwAction: Writing Config Data. Total Size: 16 bytes. Stream Index: 1
[2026-01-20 13:40:58.853] [322018] [HailoRT] [info] [config_buffer.cpp:171] [program_descriptors] ConfigBuffer::program_descriptors: Channel 0:1. Programming 1 descriptors. Offset: 16
[2026-01-20 13:40:58.853] [322018] [HailoRT] [info] [context_switch_actions.cpp:251] [write_to_config_buffer] WriteDataCcwAction: Writing Config Data. Total Size: 16752 bytes. Stream Index: 0
[2026-01-20 13:40:58.853] [322018] [HailoRT] [info] [config_buffer.cpp:171] [program_descriptors] ConfigBuffer::program_descriptors: Channel 0:0. Programming 33 descriptors. Offset: 16752
[2026-01-20 13:40:58.853] [322018] [HailoRT] [info] [context_switch_actions.cpp:251] [write_to_config_buffer] WriteDataCcwAction: Writing Config Data. Total Size: 17504 bytes. Stream Index: 0
[2026-01-20 13:40:58.853] [322018] [HailoRT] [info] [config_buffer.cpp:171] [program_descriptors] ConfigBuffer::program_descriptors: Channel 0:0. Programming 35 descriptors. Offset: 17504
[2026-01-20 13:40:58.853] [322018] [HailoRT] [info] [context_switch_actions.cpp:251] [write_to_config_buffer] WriteDataCcwAction: Writing Config Data. Total Size: 39376 bytes. Stream Index: 0
[2026-01-20 13:40:58.853] [322018] [HailoRT] [info] [config_buffer.cpp:171] [program_descriptors] ConfigBuffer::program_descriptors: Channel 0:0. Programming 77 descriptors. Offset: 39376
[2026-01-20 13:40:58.853] [322018] [HailoRT] [info] [context_switch_actions.cpp:251] [write_to_config_buffer] WriteDataCcwAction: Writing Config Data. Total Size: 17560 bytes. Stream Index: 0
[2026-01-20 13:40:58.853] [322018] [HailoRT] [info] [config_buffer.cpp:171] [program_descriptors] ConfigBuffer::program_descriptors: Channel 0:0. Programming 35 descriptors. Offset: 17560
[2026-01-20 13:40:58.853] [322018] [HailoRT] [info] [context_switch_actions.cpp:251] [write_to_config_buffer] WriteDataCcwAction: Writing Config Data. Total Size: 72 bytes. Stream Index: 0
[2026-01-20 13:40:58.853] [322018] [HailoRT] [info] [config_buffer.cpp:171] [program_descriptors] ConfigBuffer::program_descriptors: Channel 0:0. Programming 1 descriptors. Offset: 72
[2026-01-20 13:40:58.853] [322018] [HailoRT] [info] [context_switch_actions.cpp:251] [write_to_config_buffer] WriteDataCcwAction: Writing Config Data. Total Size: 17504 bytes. Stream Index: 0
[2026-01-20 13:40:58.853] [322018] [HailoRT] [info] [config_buffer.cpp:171] [program_descriptors] ConfigBuffer::program_descriptors: Channel 0:0. Programming 35 descriptors. Offset: 17504
[2026-01-20 13:40:58.853] [322018] [HailoRT] [info] [context_switch_actions.cpp:251] [write_to_config_buffer] WriteDataCcwAction: Writing Config Data. Total Size: 55528 bytes. Stream Index: 0
[2026-01-20 13:40:58.853] [322018] [HailoRT] [info] [config_buffer.cpp:171] [program_descriptors] ConfigBuffer::program_descriptors: Channel 0:0. Programming 109 descriptors. Offset: 55528
[2026-01-20 13:40:58.853] [322018] [HailoRT] [info] [context_switch_actions.cpp:251] [write_to_config_buffer] WriteDataCcwAction: Writing Config Data. Total Size: 1544 bytes. Stream Index: 0
[2026-01-20 13:40:58.853] [322018] [HailoRT] [info] [config_buffer.cpp:171] [program_descriptors] ConfigBuffer::program_descriptors: Channel 0:0. Programming 4 descriptors. Offset: 1544
[2026-01-20 13:40:58.853] [322018] [HailoRT] [info] [context_switch_actions.cpp:251] [write_to_config_buffer] WriteDataCcwAction: Writing Config Data. Total Size: 17616 bytes. Stream Index: 0
[2026-01-20 13:40:58.853] [322018] [HailoRT] [info] [config_buffer.cpp:171] [program_descriptors] ConfigBuffer::program_descriptors: Channel 0:0. Programming 35 descriptors. Offset: 17616
[2026-01-20 13:40:58.853] [322018] [HailoRT] [info] [context_switch_actions.cpp:251] [write_to_config_buffer] WriteDataCcwAction: Writing Config Data. Total Size: 52576 bytes. Stream Index: 0
[2026-01-20 13:40:58.853] [322018] [HailoRT] [info] [config_buffer.cpp:171] [program_descriptors] ConfigBuffer::program_descriptors: Channel 0:0. Programming 103 descriptors. Offset: 52576
[2026-01-20 13:40:58.853] [322018] [HailoRT] [info] [context_switch_actions.cpp:251] [write_to_config_buffer] WriteDataCcwAction: Writing Config Data. Total Size: 49152 bytes. Stream Index: 0
[2026-01-20 13:40:58.853] [322018] [HailoRT] [info] [config_buffer.cpp:171] [program_descriptors] ConfigBuffer::program_descriptors: Channel 0:0. Programming 96 descriptors. Offset: 49152
[2026-01-20 13:40:58.853] [322018] [HailoRT] [info] [context_switch_actions.cpp:251] [write_to_config_buffer] WriteDataCcwAction: Writing Config Data. Total Size: 39096 bytes. Stream Index: 0
[2026-01-20 13:40:58.853] [322018] [HailoRT] [info] [config_buffer.cpp:171] [program_descriptors] ConfigBuffer::program_descriptors: Channel 0:0. Programming 77 descriptors. Offset: 39096
[2026-01-20 13:40:58.853] [322018] [HailoRT] [info] [context_switch_actions.cpp:251] [write_to_config_buffer] WriteDataCcwAction: Writing Config Data. Total Size: 20416 bytes. Stream Index: 0
[2026-01-20 13:40:58.853] [322018] [HailoRT] [info] [config_buffer.cpp:171] [program_descriptors] ConfigBuffer::program_descriptors: Channel 0:0. Programming 40 descriptors. Offset: 20416
[2026-01-20 13:40:58.853] [322018] [HailoRT] [info] [context_switch_actions.cpp:251] [write_to_config_buffer] WriteDataCcwAction: Writing Config Data. Total Size: 24880 bytes. Stream Index: 0
[2026-01-20 13:40:58.853] [322018] [HailoRT] [info] [config_buffer.cpp:171] [program_descriptors] ConfigBuffer::program_descriptors: Channel 0:0. Programming 49 descriptors. Offset: 24880
[2026-01-20 13:40:58.853] [322018] [HailoRT] [info] [context_switch_actions.cpp:251] [write_to_config_buffer] WriteDataCcwAction: Writing Config Data. Total Size: 39576 bytes. Stream Index: 0
[2026-01-20 13:40:58.853] [322018] [HailoRT] [info] [config_buffer.cpp:171] [program_descriptors] ConfigBuffer::program_descriptors: Channel 0:0. Programming 78 descriptors. Offset: 39576
[2026-01-20 13:40:58.853] [322018] [HailoRT] [info] [context_switch_actions.cpp:251] [write_to_config_buffer] WriteDataCcwAction: Writing Config Data. Total Size: 39096 bytes. Stream Index: 1
[2026-01-20 13:40:58.853] [322018] [HailoRT] [info] [config_buffer.cpp:171] [program_descriptors] ConfigBuffer::program_descriptors: Channel 0:1. Programming 77 descriptors. Offset: 39096
[2026-01-20 13:40:58.853] [322018] [HailoRT] [info] [context_switch_actions.cpp:251] [write_to_config_buffer] WriteDataCcwAction: Writing Config Data. Total Size: 101208 bytes. Stream Index: 1
[2026-01-20 13:40:58.854] [322018] [HailoRT] [info] [config_buffer.cpp:171] [program_descriptors] ConfigBuffer::program_descriptors: Channel 0:1. Programming 198 descriptors. Offset: 101208
[2026-01-20 13:40:58.854] [322018] [HailoRT] [info] [context_switch_actions.cpp:251] [write_to_config_buffer] WriteDataCcwAction: Writing Config Data. Total Size: 212624 bytes. Stream Index: 1
[2026-01-20 13:40:58.854] [322018] [HailoRT] [info] [config_buffer.cpp:171] [program_descriptors] ConfigBuffer::program_descriptors: Channel 0:1. Programming 416 descriptors. Offset: 212624
[2026-01-20 13:40:58.854] [322018] [HailoRT] [info] [context_switch_actions.cpp:251] [write_to_config_buffer] WriteDataCcwAction: Writing Config Data. Total Size: 505136 bytes. Stream Index: 1
[2026-01-20 13:40:58.854] [322018] [HailoRT] [info] [config_buffer.cpp:171] [program_descriptors] ConfigBuffer::program_descriptors: Channel 0:1. Programming 987 descriptors. Offset: 505136
[2026-01-20 13:40:58.854] [322018] [HailoRT] [info] [context_switch_actions.cpp:251] [write_to_config_buffer] WriteDataCcwAction: Writing Config Data. Total Size: 512480 bytes. Stream Index: 1
[2026-01-20 13:40:58.854] [322018] [HailoRT] [info] [config_buffer.cpp:171] [program_descriptors] ConfigBuffer::program_descriptors: Channel 0:1. Programming 1001 descriptors. Offset: 512480
[2026-01-20 13:40:58.854] [322018] [HailoRT] [info] [context_switch_actions.cpp:251] [write_to_config_buffer] WriteDataCcwAction: Writing Config Data. Total Size: 63216 bytes. Stream Index: 1
[2026-01-20 13:40:58.854] [322018] [HailoRT] [info] [config_buffer.cpp:171] [program_descriptors] ConfigBuffer::program_descriptors: Channel 0:1. Programming 124 descriptors. Offset: 63216
[2026-01-20 13:40:58.854] [322018] [HailoRT] [info] [context_switch_actions.cpp:251] [write_to_config_buffer] WriteDataCcwAction: Writing Config Data. Total Size: 40456 bytes. Stream Index: 1
[2026-01-20 13:40:58.854] [322018] [HailoRT] [info] [config_buffer.cpp:171] [program_descriptors] ConfigBuffer::program_descriptors: Channel 0:1. Programming 80 descriptors. Offset: 40456
[2026-01-20 13:40:58.854] [322018] [HailoRT] [info] [context_switch_actions.cpp:251] [write_to_config_buffer] WriteDataCcwAction: Writing Config Data. Total Size: 47568 bytes. Stream Index: 0
[2026-01-20 13:40:58.854] [322018] [HailoRT] [info] [config_buffer.cpp:171] [program_descriptors] ConfigBuffer::program_descriptors: Channel 0:0. Programming 93 descriptors. Offset: 47568
[2026-01-20 13:40:58.854] [322018] [HailoRT] [info] [context_switch_actions.cpp:251] [write_to_config_buffer] WriteDataCcwAction: Writing Config Data. Total Size: 395200 bytes. Stream Index: 0
[2026-01-20 13:40:58.855] [322018] [HailoRT] [info] [config_buffer.cpp:171] [program_descriptors] ConfigBuffer::program_descriptors: Channel 0:0. Programming 772 descriptors. Offset: 395200
[2026-01-20 13:40:58.855] [322018] [HailoRT] [info] [context_switch_actions.cpp:251] [write_to_config_buffer] WriteDataCcwAction: Writing Config Data. Total Size: 219560 bytes. Stream Index: 0
[2026-01-20 13:40:58.855] [322018] [HailoRT] [info] [config_buffer.cpp:171] [program_descriptors] ConfigBuffer::program_descriptors: Channel 0:0. Programming 429 descriptors. Offset: 219560
[2026-01-20 13:40:58.855] [322018] [HailoRT] [info] [context_switch_actions.cpp:251] [write_to_config_buffer] WriteDataCcwAction: Writing Config Data. Total Size: 136656 bytes. Stream Index: 1
[2026-01-20 13:40:58.855] [322018] [HailoRT] [info] [config_buffer.cpp:171] [program_descriptors] ConfigBuffer::program_descriptors: Channel 0:1. Programming 267 descriptors. Offset: 136656
[2026-01-20 13:40:58.855] [322018] [HailoRT] [info] [context_switch_actions.cpp:251] [write_to_config_buffer] WriteDataCcwAction: Writing Config Data. Total Size: 54616 bytes. Stream Index: 1
[2026-01-20 13:40:58.855] [322018] [HailoRT] [info] [config_buffer.cpp:171] [program_descriptors] ConfigBuffer::program_descriptors: Channel 0:1. Programming 107 descriptors. Offset: 54616
[2026-01-20 13:40:58.855] [322018] [HailoRT] [info] [context_switch_actions.cpp:251] [write_to_config_buffer] WriteDataCcwAction: Writing Config Data. Total Size: 4416 bytes. Stream Index: 0
[2026-01-20 13:40:58.855] [322018] [HailoRT] [info] [config_buffer.cpp:171] [program_descriptors] ConfigBuffer::program_descriptors: Channel 0:0. Programming 9 descriptors. Offset: 4416
[2026-01-20 13:40:58.855] [322018] [HailoRT] [info] [context_switch_actions.cpp:251] [write_to_config_buffer] WriteDataCcwAction: Writing Config Data. Total Size: 21976 bytes. Stream Index: 0
[2026-01-20 13:40:58.855] [322018] [HailoRT] [info] [config_buffer.cpp:171] [program_descriptors] ConfigBuffer::program_descriptors: Channel 0:0. Programming 43 descriptors. Offset: 21976
[2026-01-20 13:40:58.855] [322018] [HailoRT] [info] [context_switch_actions.cpp:251] [write_to_config_buffer] WriteDataCcwAction: Writing Config Data. Total Size: 17544 bytes. Stream Index: 0
[2026-01-20 13:40:58.855] [322018] [HailoRT] [info] [config_buffer.cpp:171] [program_descriptors] ConfigBuffer::program_descriptors: Channel 0:0. Programming 35 descriptors. Offset: 17544
[2026-01-20 13:40:58.855] [322018] [HailoRT] [info] [context_switch_actions.cpp:251] [write_to_config_buffer] WriteDataCcwAction: Writing Config Data. Total Size: 7480 bytes. Stream Index: 0
[2026-01-20 13:40:58.855] [322018] [HailoRT] [info] [config_buffer.cpp:171] [program_descriptors] ConfigBuffer::program_descriptors: Channel 0:0. Programming 15 descriptors. Offset: 7480
[2026-01-20 13:40:58.855] [322018] [HailoRT] [info] [context_switch_actions.cpp:251] [write_to_config_buffer] WriteDataCcwAction: Writing Config Data. Total Size: 1544 bytes. Stream Index: 0
[2026-01-20 13:40:58.855] [322018] [HailoRT] [info] [config_buffer.cpp:171] [program_descriptors] ConfigBuffer::program_descriptors: Channel 0:0. Programming 4 descriptors. Offset: 1544
[2026-01-20 13:40:58.855] [322018] [HailoRT] [info] [context_switch_actions.cpp:251] [write_to_config_buffer] WriteDataCcwAction: Writing Config Data. Total Size: 31968 bytes. Stream Index: 1
[2026-01-20 13:40:58.855] [322018] [HailoRT] [info] [config_buffer.cpp:171] [program_descriptors] ConfigBuffer::program_descriptors: Channel 0:1. Programming 63 descriptors. Offset: 31968
[2026-01-20 13:40:58.855] [322018] [HailoRT] [info] [context_switch_actions.cpp:251] [write_to_config_buffer] WriteDataCcwAction: Writing Config Data. Total Size: 31760 bytes. Stream Index: 1
[2026-01-20 13:40:58.855] [322018] [HailoRT] [info] [config_buffer.cpp:171] [program_descriptors] ConfigBuffer::program_descriptors: Channel 0:1. Programming 63 descriptors. Offset: 31760
[2026-01-20 13:40:58.855] [322018] [HailoRT] [info] [context_switch_actions.cpp:251] [write_to_config_buffer] WriteDataCcwAction: Writing Config Data. Total Size: 32464 bytes. Stream Index: 1
[2026-01-20 13:40:58.855] [322018] [HailoRT] [info] [config_buffer.cpp:171] [program_descriptors] ConfigBuffer::program_descriptors: Channel 0:1. Programming 64 descriptors. Offset: 32464
[2026-01-20 13:40:58.855] [322018] [HailoRT] [info] [context_switch_actions.cpp:251] [write_to_config_buffer] WriteDataCcwAction: Writing Config Data. Total Size: 31392 bytes. Stream Index: 1
[2026-01-20 13:40:58.855] [322018] [HailoRT] [info] [config_buffer.cpp:171] [program_descriptors] ConfigBuffer::program_descriptors: Channel 0:1. Programming 62 descriptors. Offset: 31392
[2026-01-20 13:40:58.855] [322018] [HailoRT] [info] [context_switch_actions.cpp:251] [write_to_config_buffer] WriteDataCcwAction: Writing Config Data. Total Size: 23088 bytes. Stream Index: 1
[2026-01-20 13:40:58.855] [322018] [HailoRT] [info] [config_buffer.cpp:171] [program_descriptors] ConfigBuffer::program_descriptors: Channel 0:1. Programming 46 descriptors. Offset: 23088
[2026-01-20 13:40:58.855] [322018] [HailoRT] [info] [context_switch_actions.cpp:251] [write_to_config_buffer] WriteDataCcwAction: Writing Config Data. Total Size: 40672 bytes. Stream Index: 1
[2026-01-20 13:40:58.855] [322018] [HailoRT] [info] [config_buffer.cpp:171] [program_descriptors] ConfigBuffer::program_descriptors: Channel 0:1. Programming 80 descriptors. Offset: 40672
[2026-01-20 13:40:58.856] [322018] [HailoRT] [info] [context_switch_actions.cpp:251] [write_to_config_buffer] WriteDataCcwAction: Writing Config Data. Total Size: 19272 bytes. Stream Index: 1
[2026-01-20 13:40:58.856] [322018] [HailoRT] [info] [config_buffer.cpp:171] [program_descriptors] ConfigBuffer::program_descriptors: Channel 0:1. Programming 38 descriptors. Offset: 19272
[2026-01-20 13:40:58.856] [322018] [HailoRT] [info] [context_switch_actions.cpp:251] [write_to_config_buffer] WriteDataCcwAction: Writing Config Data. Total Size: 31840 bytes. Stream Index: 1
[2026-01-20 13:40:58.856] [322018] [HailoRT] [info] [config_buffer.cpp:171] [program_descriptors] ConfigBuffer::program_descriptors: Channel 0:1. Programming 63 descriptors. Offset: 31840
[2026-01-20 13:40:58.856] [322018] [HailoRT] [info] [context_switch_actions.cpp:251] [write_to_config_buffer] WriteDataCcwAction: Writing Config Data. Total Size: 19648 bytes. Stream Index: 1
[2026-01-20 13:40:58.856] [322018] [HailoRT] [info] [config_buffer.cpp:171] [program_descriptors] ConfigBuffer::program_descriptors: Channel 0:1. Programming 39 descriptors. Offset: 19648
[2026-01-20 13:40:58.856] [322018] [HailoRT] [info] [context_switch_actions.cpp:251] [write_to_config_buffer] WriteDataCcwAction: Writing Config Data. Total Size: 24992 bytes. Stream Index: 1
[2026-01-20 13:40:58.856] [322018] [HailoRT] [info] [config_buffer.cpp:171] [program_descriptors] ConfigBuffer::program_descriptors: Channel 0:1. Programming 49 descriptors. Offset: 24992
[2026-01-20 13:40:58.856] [322018] [HailoRT] [info] [context_switch_actions.cpp:251] [write_to_config_buffer] WriteDataCcwAction: Writing Config Data. Total Size: 115328 bytes. Stream Index: 0
[2026-01-20 13:40:58.856] [322018] [HailoRT] [info] [config_buffer.cpp:171] [program_descriptors] ConfigBuffer::program_descriptors: Channel 0:0. Programming 226 descriptors. Offset: 115328
[2026-01-20 13:40:58.856] [322018] [HailoRT] [info] [context_switch_actions.cpp:251] [write_to_config_buffer] WriteDataCcwAction: Writing Config Data. Total Size: 239776 bytes. Stream Index: 0
[2026-01-20 13:40:58.856] [322018] [HailoRT] [info] [config_buffer.cpp:171] [program_descriptors] ConfigBuffer::program_descriptors: Channel 0:0. Programming 469 descriptors. Offset: 239776
[2026-01-20 13:40:58.856] [322018] [HailoRT] [info] [context_switch_actions.cpp:251] [write_to_config_buffer] WriteDataCcwAction: Writing Config Data. Total Size: 295552 bytes. Stream Index: 1
[2026-01-20 13:40:58.856] [322018] [HailoRT] [info] [config_buffer.cpp:171] [program_descriptors] ConfigBuffer::program_descriptors: Channel 0:1. Programming 578 descriptors. Offset: 295552
[2026-01-20 13:40:58.856] [322018] [HailoRT] [info] [context_switch_actions.cpp:251] [write_to_config_buffer] WriteDataCcwAction: Writing Config Data. Total Size: 15840 bytes. Stream Index: 0
[2026-01-20 13:40:58.856] [322018] [HailoRT] [info] [config_buffer.cpp:171] [program_descriptors] ConfigBuffer::program_descriptors: Channel 0:0. Programming 31 descriptors. Offset: 15840
[2026-01-20 13:40:58.856] [322018] [HailoRT] [info] [context_switch_actions.cpp:251] [write_to_config_buffer] WriteDataCcwAction: Writing Config Data. Total Size: 7896 bytes. Stream Index: 1
[2026-01-20 13:40:58.856] [322018] [HailoRT] [info] [config_buffer.cpp:171] [program_descriptors] ConfigBuffer::program_descriptors: Channel 0:1. Programming 16 descriptors. Offset: 7896
[2026-01-20 13:40:58.857] [322018] [HailoRT] [info] [hailort_driver.cpp:476] [fw_control] Sending FW Control: opcode=0x00000020 (HAILO_CONTROL_OPCODE_CONTEXT_SWITCH_SET_NETWORK_GROUP_HEADER), len=56, cpu_id=1
[2026-01-20 13:40:58.857] [322018] [HailoRT] [info] [control.cpp:2406] [context_switch_set_network_group_header] Control::context_switch_set_network_group_header called successfully
[2026-01-20 13:40:58.857] [322018] [HailoRT] [info] [hailort_driver.cpp:476] [fw_control] Sending FW Control: opcode=0x00000021 (HAILO_CONTROL_OPCODE_CONTEXT_SWITCH_SET_CONTEXT_INFO), len=102, cpu_id=1
[2026-01-20 13:40:58.857] [322018] [HailoRT] [info] [hailort_driver.cpp:476] [fw_control] Sending FW Control: opcode=0x00000021 (HAILO_CONTROL_OPCODE_CONTEXT_SWITCH_SET_CONTEXT_INFO), len=888, cpu_id=1
[2026-01-20 13:40:58.858] [322018] [HailoRT] [info] [hailort_driver.cpp:476] [fw_control] Sending FW Control: opcode=0x00000021 (HAILO_CONTROL_OPCODE_CONTEXT_SWITCH_SET_CONTEXT_INFO), len=1259, cpu_id=1
[2026-01-20 13:40:58.858] [322018] [HailoRT] [info] [hailort_driver.cpp:476] [fw_control] Sending FW Control: opcode=0x00000021 (HAILO_CONTROL_OPCODE_CONTEXT_SWITCH_SET_CONTEXT_INFO), len=1496, cpu_id=1
[2026-01-20 13:40:58.859] [322018] [HailoRT] [info] [hailort_driver.cpp:476] [fw_control] Sending FW Control: opcode=0x00000021 (HAILO_CONTROL_OPCODE_CONTEXT_SWITCH_SET_CONTEXT_INFO), len=1499, cpu_id=1
[2026-01-20 13:40:58.859] [322018] [HailoRT] [info] [hailort_driver.cpp:476] [fw_control] Sending FW Control: opcode=0x00000021 (HAILO_CONTROL_OPCODE_CONTEXT_SWITCH_SET_CONTEXT_INFO), len=157, cpu_id=1
[2026-01-20 13:40:58.860] [322018] [HailoRT] [info] [hailort_driver.cpp:476] [fw_control] Sending FW Control: opcode=0x00000021 (HAILO_CONTROL_OPCODE_CONTEXT_SWITCH_SET_CONTEXT_INFO), len=1495, cpu_id=1
[2026-01-20 13:40:58.860] [322018] [HailoRT] [info] [hailort_driver.cpp:476] [fw_control] Sending FW Control: opcode=0x00000021 (HAILO_CONTROL_OPCODE_CONTEXT_SWITCH_SET_CONTEXT_INFO), len=1499, cpu_id=1
[2026-01-20 13:40:58.881] [322018] [HailoRT] [info] [hailort_driver.cpp:476] [fw_control] Sending FW Control: opcode=0x00000021 (HAILO_CONTROL_OPCODE_CONTEXT_SWITCH_SET_CONTEXT_INFO), len=147, cpu_id=1
[2026-01-20 13:40:58.881] [322018] [HailoRT] [info] [hailort_driver.cpp:476] [fw_control] Sending FW Control: opcode=0x00000021 (HAILO_CONTROL_OPCODE_CONTEXT_SWITCH_SET_CONTEXT_INFO), len=1499, cpu_id=1
[2026-01-20 13:40:58.882] [322018] [HailoRT] [info] [hailort_driver.cpp:476] [fw_control] Sending FW Control: opcode=0x00000021 (HAILO_CONTROL_OPCODE_CONTEXT_SWITCH_SET_CONTEXT_INFO), len=1499, cpu_id=1
[2026-01-20 13:40:58.882] [322018] [HailoRT] [info] [hailort_driver.cpp:476] [fw_control] Sending FW Control: opcode=0x00000021 (HAILO_CONTROL_OPCODE_CONTEXT_SWITCH_SET_CONTEXT_INFO), len=183, cpu_id=1
[2026-01-20 13:40:58.883] [322018] [HailoRT] [info] [hailort_driver.cpp:476] [fw_control] Sending FW Control: opcode=0x00000021 (HAILO_CONTROL_OPCODE_CONTEXT_SWITCH_SET_CONTEXT_INFO), len=1499, cpu_id=1
[2026-01-20 13:40:58.883] [322018] [HailoRT] [info] [hailort_driver.cpp:476] [fw_control] Sending FW Control: opcode=0x00000021 (HAILO_CONTROL_OPCODE_CONTEXT_SWITCH_SET_CONTEXT_INFO), len=1493, cpu_id=1
[2026-01-20 13:40:58.884] [322018] [HailoRT] [info] [hailort_driver.cpp:476] [fw_control] Sending FW Control: opcode=0x00000021 (HAILO_CONTROL_OPCODE_CONTEXT_SWITCH_SET_CONTEXT_INFO), len=65, cpu_id=1
[2026-01-20 13:40:58.884] [322018] [HailoRT] [info] [hailort_driver.cpp:476] [fw_control] Sending FW Control: opcode=0x00000021 (HAILO_CONTROL_OPCODE_CONTEXT_SWITCH_SET_CONTEXT_INFO), len=1499, cpu_id=1
[2026-01-20 13:40:58.885] [322018] [HailoRT] [info] [hailort_driver.cpp:476] [fw_control] Sending FW Control: opcode=0x00000021 (HAILO_CONTROL_OPCODE_CONTEXT_SWITCH_SET_CONTEXT_INFO), len=1499, cpu_id=1
[2026-01-20 13:40:58.886] [322018] [HailoRT] [info] [hailort_driver.cpp:476] [fw_control] Sending FW Control: opcode=0x00000021 (HAILO_CONTROL_OPCODE_CONTEXT_SWITCH_SET_CONTEXT_INFO), len=332, cpu_id=1
[2026-01-20 13:40:58.886] [322018] [HailoRT] [info] [hailort_driver.cpp:476] [fw_control] Sending FW Control: opcode=0x00000021 (HAILO_CONTROL_OPCODE_CONTEXT_SWITCH_SET_CONTEXT_INFO), len=1499, cpu_id=1
[2026-01-20 13:40:58.887] [322018] [HailoRT] [info] [hailort_driver.cpp:476] [fw_control] Sending FW Control: opcode=0x00000021 (HAILO_CONTROL_OPCODE_CONTEXT_SWITCH_SET_CONTEXT_INFO), len=1499, cpu_id=1
[2026-01-20 13:40:58.888] [322018] [HailoRT] [info] [hailort_driver.cpp:476] [fw_control] Sending FW Control: opcode=0x00000021 (HAILO_CONTROL_OPCODE_CONTEXT_SWITCH_SET_CONTEXT_INFO), len=433, cpu_id=1
[2026-01-20 13:40:58.888] [322018] [HailoRT] [info] [hailort_driver.cpp:476] [fw_control] Sending FW Control: opcode=0x00000021 (HAILO_CONTROL_OPCODE_CONTEXT_SWITCH_SET_CONTEXT_INFO), len=1497, cpu_id=1
[2026-01-20 13:40:58.889] [322018] [HailoRT] [info] [hailort_driver.cpp:476] [fw_control] Sending FW Control: opcode=0x00000021 (HAILO_CONTROL_OPCODE_CONTEXT_SWITCH_SET_CONTEXT_INFO), len=1499, cpu_id=1
[2026-01-20 13:40:58.889] [322018] [HailoRT] [info] [hailort_driver.cpp:476] [fw_control] Sending FW Control: opcode=0x00000021 (HAILO_CONTROL_OPCODE_CONTEXT_SWITCH_SET_CONTEXT_INFO), len=343, cpu_id=1
[2026-01-20 13:40:58.890] [322018] [HailoRT] [info] [hailort_driver.cpp:476] [fw_control] Sending FW Control: opcode=0x00000021 (HAILO_CONTROL_OPCODE_CONTEXT_SWITCH_SET_CONTEXT_INFO), len=1497, cpu_id=1
[2026-01-20 13:40:58.890] [322018] [HailoRT] [info] [hailort_driver.cpp:476] [fw_control] Sending FW Control: opcode=0x00000021 (HAILO_CONTROL_OPCODE_CONTEXT_SWITCH_SET_CONTEXT_INFO), len=1471, cpu_id=1
[2026-01-20 13:40:58.891] [322018] [HailoRT] [info] [control.cpp:2504] [context_switch_set_context_info] Control::context_switch_set_context_info sent 26 chunks. Total size: 26834 bytes. Types: Prelim=1, Dyn=23, Batch=1, Act=1
[2026-01-20 13:40:58.892] [322018] [HailoRT] [info] [device_internal.cpp:57] [configure] Configuring HEF took 281.86842 milliseconds
[2026-01-20 13:40:58.894] [322018] [HailoRT] [info] [vdevice.cpp:780] [configure] Configuring HEF on VDevice took 284.143964 milliseconds
[2026-01-20 13:40:58.894] [322018] [HailoRT] [info] [edge_elements.cpp:52] [create] Created (HwWriteEl2vit_base/input_layer1 | hw_frame_size: 150528)
[2026-01-20 13:40:58.894] [322018] [HailoRT] [info] [vstream.cpp:754] [InputVStreamImpl] Creating vit_base/input_layer1...
[2026-01-20 13:40:58.894] [322018] [HailoRT] [info] [vstream_builder.cpp:102] [create_inputs] Input pipeline 'vit_base/input_layer1': (HwWriteEl2vit_base/input_layer1 | hw_frame_size: 150528) >> HW
[2026-01-20 13:40:58.894] [322018] [HailoRT] [info] [edge_elements.cpp:287] [create] Created (HwReadEl0vit_base/conv50 | hw_frame_size: 1000)
[2026-01-20 13:40:58.894] [322018] [HailoRT] [info] [queue_elements.cpp:657] [create] Created (PullQEl_hw_read0vit_base/conv50)
[2026-01-20 13:40:58.894] [322018] [HailoRT] [info] [filter_elements.cpp:372] [create] Created (PostInferEl0vit_base/conv50 | Reorder - src_order: NHCW, src_shape: (1, 1, 1000), dst_order: NHWC, dst_shape: (1, 1, 1000))
[2026-01-20 13:40:58.894] [322018] [HailoRT] [info] [queue_elements.cpp:800] [create] Created (UserBuffQEl0vit_base/conv50 | timeout: 10s)
[2026-01-20 13:40:58.895] [322018] [HailoRT] [info] [vstream.cpp:1114] [OutputVStreamImpl] Creating vit_base/conv50...
[2026-01-20 13:40:58.895] [322018] [HailoRT] [info] [vstream_builder.cpp:220] [create_outputs] Output pipeline 'vit_base/conv50': HW >> (HwReadEl0vit_base/conv50 | hw_frame_size: 1000) >> (PullQEl_hw_read0vit_base/conv50) >> (PostInferEl0vit_base/conv50 | Reorder - src_order: NHCW, src_shape: (1, 1, 1000), dst_order: NHWC, dst_shape: (1, 1, 1000)) >> (UserBuffQEl0vit_base/conv50 | timeout: 10s)
[2026-01-20 13:40:58.906] [322026] [HailoRT] [info] [vdma_config_manager.cpp:25] [set_core_op] VdmaConfigManager::set_core_op: is_batch_switch=false, batch_size=1
[2026-01-20 13:40:58.906] [322026] [HailoRT] [info] [vdma_config_manager.cpp:73] [switch_core_op] VdmaConfigManager starting switch_core_op...
[2026-01-20 13:40:58.906] [322026] [HailoRT] [info] [resource_manager.cpp:674] [enable_state_machine] ResourcesManager enabling state machine for core-op index 0
[2026-01-20 13:40:58.906] [322026] [HailoRT] [info] [control.cpp:2775] [enable_core_op] Control::enable_core_op called. Enabling network_group_index 0. Dynamic batch size: 1, Batch count: 0
[2026-01-20 13:40:58.906] [322026] [HailoRT] [info] [hailort_driver.cpp:476] [fw_control] Sending FW Control: opcode=0x00000025 (HAILO_CONTROL_OPCODE_CHANGE_CONTEXT_SWITCH_STATUS), len=42, cpu_id=1
[2026-01-20 13:40:58.906] [322026] [HailoRT] [info] [vdma_config_manager.cpp:97] [switch_core_op] VdmaConfigManager finished switching core-op
[2026-01-20 13:40:58.906] [322026] [HailoRT] [info] [scheduler.cpp:131] [switch_core_op] Scheduler switched core-op from IDLE to vit_base
[2026-01-20 13:40:58.906] [322026] [HailoRT] [info] [hailort_driver.cpp:686] [launch_transfer] Launching transfer [H2D]: channel=0.2, desc_handle=4096, starting_desc=0, buffers_count=1
[2026-01-20 13:40:58.906] [322026] [HailoRT] [info] [hailort_driver.cpp:689] [launch_transfer]   Buffer 0: addr_or_fd=0xffff7659b000, size=150528
[2026-01-20 13:40:58.906] [322026] [HailoRT] [info] [hailort_driver.cpp:686] [launch_transfer] Launching transfer [D2H]: channel=0.16, desc_handle=8192, starting_desc=0, buffers_count=1
[2026-01-20 13:40:58.906] [322026] [HailoRT] [info] [hailort_driver.cpp:689] [launch_transfer]   Buffer 0: addr_or_fd=0xffff8a117000, size=1000
[2026-01-20 13:40:59.021] [322026] [HailoRT] [info] [hailort_driver.cpp:686] [launch_transfer] Launching transfer [H2D]: channel=0.2, desc_handle=4096, starting_desc=294, buffers_count=1
[2026-01-20 13:40:59.021] [322026] [HailoRT] [info] [hailort_driver.cpp:689] [launch_transfer]   Buffer 0: addr_or_fd=0xffff76576000, size=150528
[2026-01-20 13:40:59.021] [322026] [HailoRT] [info] [hailort_driver.cpp:686] [launch_transfer] Launching transfer [D2H]: channel=0.16, desc_handle=8192, starting_desc=2, buffers_count=1
[2026-01-20 13:40:59.021] [322026] [HailoRT] [info] [hailort_driver.cpp:689] [launch_transfer]   Buffer 0: addr_or_fd=0xffff8a116000, size=1000
[2026-01-20 13:40:59.127] [322026] [HailoRT] [info] [hailort_driver.cpp:686] [launch_transfer] Launching transfer [H2D]: channel=0.2, desc_handle=4096, starting_desc=588, buffers_count=1
[2026-01-20 13:40:59.127] [322026] [HailoRT] [info] [hailort_driver.cpp:689] [launch_transfer]   Buffer 0: addr_or_fd=0xffff76551000, size=150528
[2026-01-20 13:40:59.127] [322026] [HailoRT] [info] [hailort_driver.cpp:686] [launch_transfer] Launching transfer [D2H]: channel=0.16, desc_handle=8192, starting_desc=4, buffers_count=1
[2026-01-20 13:40:59.127] [322026] [HailoRT] [info] [hailort_driver.cpp:689] [launch_transfer]   Buffer 0: addr_or_fd=0xffff8a115000, size=1000
[2026-01-20 13:40:59.232] [322026] [HailoRT] [info] [hailort_driver.cpp:686] [launch_transfer] Launching transfer [H2D]: channel=0.2, desc_handle=4096, starting_desc=882, buffers_count=1
[2026-01-20 13:40:59.232] [322026] [HailoRT] [info] [hailort_driver.cpp:689] [launch_transfer]   Buffer 0: addr_or_fd=0xffff7652c000, size=150528
[2026-01-20 13:40:59.232] [322026] [HailoRT] [info] [hailort_driver.cpp:686] [launch_transfer] Launching transfer [D2H]: channel=0.16, desc_handle=8192, starting_desc=6, buffers_count=1
[2026-01-20 13:40:59.232] [322026] [HailoRT] [info] [hailort_driver.cpp:689] [launch_transfer]   Buffer 0: addr_or_fd=0xffff8a114000, size=1000
[2026-01-20 13:40:59.336] [322026] [HailoRT] [info] [hailort_driver.cpp:686] [launch_transfer] Launching transfer [H2D]: channel=0.2, desc_handle=4096, starting_desc=1176, buffers_count=1
[2026-01-20 13:40:59.336] [322026] [HailoRT] [info] [hailort_driver.cpp:689] [launch_transfer]   Buffer 0: addr_or_fd=0xffff76507000, size=150528
[2026-01-20 13:40:59.336] [322026] [HailoRT] [info] [hailort_driver.cpp:686] [launch_transfer] Launching transfer [D2H]: channel=0.16, desc_handle=8192, starting_desc=8, buffers_count=1
[2026-01-20 13:40:59.336] [322026] [HailoRT] [info] [hailort_driver.cpp:689] [launch_transfer]   Buffer 0: addr_or_fd=0xffff8a113000, size=1000
[2026-01-20 13:40:59.443] [322026] [HailoRT] [info] [hailort_driver.cpp:686] [launch_transfer] Launching transfer [H2D]: channel=0.2, desc_handle=4096, starting_desc=1470, buffers_count=1
[2026-01-20 13:40:59.443] [322026] [HailoRT] [info] [hailort_driver.cpp:689] [launch_transfer]   Buffer 0: addr_or_fd=0xffff764e2000, size=150528
[2026-01-20 13:40:59.443] [322026] [HailoRT] [info] [hailort_driver.cpp:686] [launch_transfer] Launching transfer [D2H]: channel=0.16, desc_handle=8192, starting_desc=10, buffers_count=1
[2026-01-20 13:40:59.443] [322026] [HailoRT] [info] [hailort_driver.cpp:689] [launch_transfer]   Buffer 0: addr_or_fd=0xffff8a112000, size=1000
[2026-01-20 13:40:59.541] [322031] [HailoRT] [info] [edge_elements.cpp:396] [run_pull] Reading from stream was aborted!
[2026-01-20 13:40:59.541] [322032] [HailoRT] [info] [queue_elements.cpp:855] [run_in_thread] Shutdown event was signaled in dequeue of UserBuffQEl0vit_base/conv50!
[2026-01-20 13:40:59.541] [322031] [HailoRT] [info] [queue_elements.cpp:738] [run_in_thread] run_pull of queue element PullQEl_hw_read0vit_base/conv50 was aborted!
[2026-01-20 13:40:59.541] [322031] [HailoRT] [info] [queue_elements.cpp:68] [operator()] Thread in element PullQEl_hw_read0vit_base/conv50 is not running anymore, exiting..
[2026-01-20 13:40:59.542] [322018] [HailoRT] [info] [queue_elements.cpp:46] [~BaseQueueElement] Queue element PullQEl_hw_read0vit_base/conv50 has 0 frames in his Queue on destruction
[2026-01-20 13:40:59.542] [322032] [HailoRT] [info] [queue_elements.cpp:68] [operator()] Thread in element UserBuffQEl0vit_base/conv50 is not running anymore, exiting..
[2026-01-20 13:40:59.542] [322018] [HailoRT] [info] [queue_elements.cpp:46] [~BaseQueueElement] Queue element UserBuffQEl0vit_base/conv50 has 0 frames in his Queue on destruction
[2026-01-20 13:40:59.543] [322018] [HailoRT] [info] [vdma_config_manager.cpp:73] [switch_core_op] VdmaConfigManager starting switch_core_op...
[2026-01-20 13:40:59.543] [322018] [HailoRT] [info] [control.cpp:2783] [reset_context_switch_state_machine] Control::reset_context_switch_state_machine called. Resetting context switch state.
[2026-01-20 13:40:59.543] [322018] [HailoRT] [info] [hailort_driver.cpp:476] [fw_control] Sending FW Control: opcode=0x00000025 (HAILO_CONTROL_OPCODE_CHANGE_CONTEXT_SWITCH_STATUS), len=42, cpu_id=1
[2026-01-20 13:40:59.543] [322018] [HailoRT] [info] [vdma_config_manager.cpp:97] [switch_core_op] VdmaConfigManager finished switching core-op
[2026-01-20 13:40:59.544] [322018] [HailoRT] [info] [hailort_driver.cpp:601] [vdma_buffer_unmap] Unmapping buffer: address=0xffff7b0fc000, size=3710976, direction=0
[2026-01-20 13:40:59.545] [322018] [HailoRT] [info] [hailort_driver.cpp:601] [vdma_buffer_unmap] Unmapping buffer: address=0xffff7ad4f000, size=3854336, direction=0
[2026-01-20 13:40:59.547] [322018] [HailoRT] [info] [hailort_driver.cpp:601] [vdma_buffer_unmap] Unmapping buffer: address=0xffff7aa72000, size=3001856, direction=0
[2026-01-20 13:40:59.548] [322018] [HailoRT] [info] [hailort_driver.cpp:601] [vdma_buffer_unmap] Unmapping buffer: address=0xffff7a566000, size=5290496, direction=0
[2026-01-20 13:40:59.550] [322018] [HailoRT] [info] [hailort_driver.cpp:601] [vdma_buffer_unmap] Unmapping buffer: address=0xffff7a130000, size=4415488, direction=0
[2026-01-20 13:40:59.551] [322018] [HailoRT] [info] [hailort_driver.cpp:601] [vdma_buffer_unmap] Unmapping buffer: address=0xffff79bfa000, size=5460992, direction=0
[2026-01-20 13:40:59.553] [322018] [HailoRT] [info] [hailort_driver.cpp:601] [vdma_buffer_unmap] Unmapping buffer: address=0xffff796ad000, size=5555712, direction=0
[2026-01-20 13:40:59.554] [322018] [HailoRT] [info] [hailort_driver.cpp:601] [vdma_buffer_unmap] Unmapping buffer: address=0xffff79178000, size=5456896, direction=0
[2026-01-20 13:40:59.556] [322018] [HailoRT] [info] [hailort_driver.cpp:601] [vdma_buffer_unmap] Unmapping buffer: address=0xffff78b45000, size=6499840, direction=0
[2026-01-20 13:40:59.557] [322018] [HailoRT] [info] [hailort_driver.cpp:601] [vdma_buffer_unmap] Unmapping buffer: address=0xffff78974000, size=1904640, direction=0
[2026-01-20 13:40:59.558] [322018] [HailoRT] [info] [hailort_driver.cpp:601] [vdma_buffer_unmap] Unmapping buffer: address=0xffff7850c000, size=4618240, direction=0
[2026-01-20 13:40:59.559] [322018] [HailoRT] [info] [hailort_driver.cpp:601] [vdma_buffer_unmap] Unmapping buffer: address=0xffff78004000, size=5275136, direction=0
[2026-01-20 13:40:59.561] [322018] [HailoRT] [info] [hailort_driver.cpp:601] [vdma_buffer_unmap] Unmapping buffer: address=0xffff77bee000, size=4282368, direction=0
[2026-01-20 13:40:59.562] [322018] [HailoRT] [info] [hailort_driver.cpp:601] [vdma_buffer_unmap] Unmapping buffer: address=0xffff77767000, size=4746752, direction=0
[2026-01-20 13:40:59.563] [322018] [HailoRT] [info] [hailort_driver.cpp:601] [vdma_buffer_unmap] Unmapping buffer: address=0xffff7736a000, size=4178432, direction=0
[2026-01-20 13:40:59.564] [322018] [HailoRT] [info] [hailort_driver.cpp:601] [vdma_buffer_unmap] Unmapping buffer: address=0xffff76cdd000, size=6866944, direction=0
[2026-01-20 13:40:59.566] [322018] [HailoRT] [info] [hailort_driver.cpp:601] [vdma_buffer_unmap] Unmapping buffer: address=0xffff7b486000, size=2000896, direction=2
[2026-01-20 13:40:59.567] [322018] [HailoRT] [info] [hailort_driver.cpp:601] [vdma_buffer_unmap] Unmapping buffer: address=0xffff7695a000, size=3679232, direction=0
[2026-01-20 13:40:59.568] [322018] [HailoRT] [info] [hailort_driver.cpp:601] [vdma_buffer_unmap] Unmapping buffer: address=0xffff765c0000, size=3773952, direction=0
[2026-01-20 13:40:59.569] [322018] [HailoRT] [info] [hailort_driver.cpp:601] [vdma_buffer_unmap] Unmapping buffer: address=0xffff8a11f000, size=4096, direction=0
[2026-01-20 13:40:59.569] [322018] [HailoRT] [info] [hailort_driver.cpp:601] [vdma_buffer_unmap] Unmapping buffer: address=0xffff8a11e000, size=4096, direction=0
[2026-01-20 13:40:59.569] [322018] [HailoRT] [info] [hailort_driver.cpp:601] [vdma_buffer_unmap] Unmapping buffer: address=0xffff8a11d000, size=4096, direction=0
[2026-01-20 13:40:59.569] [322018] [HailoRT] [info] [hailort_driver.cpp:601] [vdma_buffer_unmap] Unmapping buffer: address=0xffff8a11c000, size=4096, direction=0
[2026-01-20 13:40:59.569] [322018] [HailoRT] [info] [hailort_driver.cpp:601] [vdma_buffer_unmap] Unmapping buffer: address=0xffff8a11b000, size=4096, direction=0
[2026-01-20 13:40:59.569] [322018] [HailoRT] [info] [hailort_driver.cpp:601] [vdma_buffer_unmap] Unmapping buffer: address=0xffff8a11a000, size=4096, direction=0
[2026-01-20 13:40:59.569] [322018] [HailoRT] [info] [hailort_driver.cpp:601] [vdma_buffer_unmap] Unmapping buffer: address=0xffff8a119000, size=4096, direction=0
[2026-01-20 13:40:59.569] [322018] [HailoRT] [info] [hailort_driver.cpp:601] [vdma_buffer_unmap] Unmapping buffer: address=0xffff8a118000, size=4096, direction=0
[2026-01-20 13:40:59.569] [322018] [HailoRT] [info] [hailort_driver.cpp:601] [vdma_buffer_unmap] Unmapping buffer: address=0xffff8a117000, size=1000, direction=1
[2026-01-20 13:40:59.569] [322018] [HailoRT] [info] [hailort_driver.cpp:601] [vdma_buffer_unmap] Unmapping buffer: address=0xffff8a116000, size=1000, direction=1
[2026-01-20 13:40:59.569] [322018] [HailoRT] [info] [hailort_driver.cpp:601] [vdma_buffer_unmap] Unmapping buffer: address=0xffff8a115000, size=1000, direction=1
[2026-01-20 13:40:59.569] [322018] [HailoRT] [info] [hailort_driver.cpp:601] [vdma_buffer_unmap] Unmapping buffer: address=0xffff8a114000, size=1000, direction=1
[2026-01-20 13:40:59.569] [322018] [HailoRT] [info] [hailort_driver.cpp:601] [vdma_buffer_unmap] Unmapping buffer: address=0xffff8a113000, size=1000, direction=1
[2026-01-20 13:40:59.569] [322018] [HailoRT] [info] [hailort_driver.cpp:601] [vdma_buffer_unmap] Unmapping buffer: address=0xffff8a112000, size=1000, direction=1
[2026-01-20 13:40:59.569] [322018] [HailoRT] [info] [hailort_driver.cpp:601] [vdma_buffer_unmap] Unmapping buffer: address=0xffff8a111000, size=1000, direction=1
[2026-01-20 13:40:59.569] [322018] [HailoRT] [info] [hailort_driver.cpp:601] [vdma_buffer_unmap] Unmapping buffer: address=0xffff8a110000, size=1000, direction=1
[2026-01-20 13:40:59.569] [322018] [HailoRT] [info] [hailort_driver.cpp:601] [vdma_buffer_unmap] Unmapping buffer: address=0xffff7659b000, size=150528, direction=0
[2026-01-20 13:40:59.569] [322018] [HailoRT] [info] [hailort_driver.cpp:601] [vdma_buffer_unmap] Unmapping buffer: address=0xffff76576000, size=150528, direction=0
[2026-01-20 13:40:59.569] [322018] [HailoRT] [info] [hailort_driver.cpp:601] [vdma_buffer_unmap] Unmapping buffer: address=0xffff76551000, size=150528, direction=0
[2026-01-20 13:40:59.569] [322018] [HailoRT] [info] [hailort_driver.cpp:601] [vdma_buffer_unmap] Unmapping buffer: address=0xffff7652c000, size=150528, direction=0
[2026-01-20 13:40:59.569] [322018] [HailoRT] [info] [hailort_driver.cpp:601] [vdma_buffer_unmap] Unmapping buffer: address=0xffff76507000, size=150528, direction=0
[2026-01-20 13:40:59.569] [322018] [HailoRT] [info] [hailort_driver.cpp:601] [vdma_buffer_unmap] Unmapping buffer: address=0xffff764e2000, size=150528, direction=0
[2026-01-20 13:40:59.569] [322018] [HailoRT] [info] [hailort_driver.cpp:601] [vdma_buffer_unmap] Unmapping buffer: address=0xffff764bd000, size=150528, direction=0
[2026-01-20 13:40:59.569] [322018] [HailoRT] [info] [hailort_driver.cpp:601] [vdma_buffer_unmap] Unmapping buffer: address=0xffff76498000, size=150528, direction=0
[2026-01-20 13:40:59.570] [322018] [HailoRT] [info] [control.cpp:2783] [reset_context_switch_state_machine] Control::reset_context_switch_state_machine called. Resetting context switch state.
[2026-01-20 13:40:59.570] [322018] [HailoRT] [info] [hailort_driver.cpp:476] [fw_control] Sending FW Control: opcode=0x00000025 (HAILO_CONTROL_OPCODE_CHANGE_CONTEXT_SWITCH_STATUS), len=42, cpu_id=1
[2026-01-20 13:40:59.570] [322018] [HailoRT] [info] [hailort_driver.cpp:476] [fw_control] Sending FW Control: opcode=0x00000047 (HAILO_CONTROL_OPCODE_CONTEXT_SWITCH_CLEAR_CONFIGURED_APPS), len=20, cpu_id=1
