[2026-01-20 16:08:39.906] [358979] [HailoRT] [info] [vdevice.cpp:535] [create] Creating vdevice with params: device_count: 1, scheduling_algorithm: ROUND_ROBIN, multi_process_service: false
[2026-01-20 16:08:39.919] [358979] [HailoRT] [info] [device.cpp:51] [Device] OS Version: Linux 6.8.0-1031-raspi #35-Ubuntu SMP PREEMPT_DYNAMIC Thu Jul  3 15:00:20 UTC 2025 aarch64
[2026-01-20 16:08:39.919] [358979] [HailoRT] [info] [hailort_driver.cpp:476] [fw_control] Sending FW Control: opcode=0x00000000 (HAILO_CONTROL_OPCODE_IDENTIFY), len=20, cpu_id=0
[2026-01-20 16:08:39.919] [358979] [HailoRT] [info] [control.cpp:113] [control__parse_identify_results] firmware_version is: 4.23.0
[2026-01-20 16:08:39.919] [358979] [HailoRT] [info] [vdevice.cpp:682] [create] VDevice Infos: 0000:01:00.0
[2026-01-20 16:08:39.935] [358979] [HailoRT] [info] [hailort_driver.cpp:476] [fw_control] Sending FW Control: opcode=0x00000033 (HAILO_CONTROL_OPCODE_GET_DEVICE_INFORMATION), len=20, cpu_id=0
[2026-01-20 16:08:39.936] [358979] [HailoRT] [info] [hailort_driver.cpp:476] [fw_control] Sending FW Control: opcode=0x00000033 (HAILO_CONTROL_OPCODE_GET_DEVICE_INFORMATION), len=20, cpu_id=0
[2026-01-20 16:08:39.936] [358979] [HailoRT] [info] [control.cpp:2783] [reset_context_switch_state_machine] Control::reset_context_switch_state_machine called. Resetting context switch state.
[2026-01-20 16:08:39.936] [358979] [HailoRT] [info] [hailort_driver.cpp:476] [fw_control] Sending FW Control: opcode=0x00000025 (HAILO_CONTROL_OPCODE_CHANGE_CONTEXT_SWITCH_STATUS), len=42, cpu_id=1
[2026-01-20 16:08:39.936] [358979] [HailoRT] [info] [hailort_driver.cpp:476] [fw_control] Sending FW Control: opcode=0x00000047 (HAILO_CONTROL_OPCODE_CONTEXT_SWITCH_CLEAR_CONFIGURED_APPS), len=20, cpu_id=1
[2026-01-20 16:08:39.941] [358979] [HailoRT] [info] [internal_buffer_planner.cpp:375] [get_edge_layer_infos] Edge Layer: Name=resnet50_v1/resnet50_v1_resnet50_v1_context_0_to_resnet50_v1_context_1_2963, Key=(0:0), Type=2, Transfer Size=100352, Max Transfers in Batch=1, Start Context=0, End Context=1
[2026-01-20 16:08:39.941] [358979] [HailoRT] [info] [internal_buffer_planner.cpp:375] [get_edge_layer_infos] Edge Layer: Name=resnet50_v1/resnet50_v1_resnet50_v1_context_0_to_resnet50_v1_context_1_2968, Key=(0:1), Type=2, Transfer Size=25088, Max Transfers in Batch=1, Start Context=0, End Context=1
[2026-01-20 16:08:39.942] [358979] [HailoRT] [info] [internal_buffer_manager.cpp:77] [print_execution_results] Planned internal buffer memory: CMA=0 CMA-Desc=131072 Pinned=126464. memory to edge layer usage factor is 1
[2026-01-20 16:08:39.942] [358979] [HailoRT] [info] [internal_buffer_manager.cpp:86] [print_execution_results] Default Internal buffer planner executed successfully
[2026-01-20 16:08:39.942] [358979] [HailoRT] [info] [hailort_driver.cpp:476] [fw_control] Sending FW Control: opcode=0x00000048 (HAILO_CONTROL_OPCODE_GET_HW_CONSTS), len=20, cpu_id=1
[2026-01-20 16:08:39.942] [358979] [HailoRT] [info] [hailort_driver.cpp:476] [fw_control] Sending FW Control: opcode=0x00000048 (HAILO_CONTROL_OPCODE_GET_HW_CONSTS), len=20, cpu_id=1
[2026-01-20 16:08:39.942] [358979] [HailoRT] [info] [hailort_driver.cpp:649] [descriptors_list_program] Programming descriptor list: desc_handle=12288, buffer_handle=1, buffer_size=100864, buffer_offset=0, channel_index=17, starting_desc=0
[2026-01-20 16:08:39.942] [358979] [HailoRT] [info] [hailort_driver.cpp:649] [descriptors_list_program] Programming descriptor list: desc_handle=12288, buffer_handle=1, buffer_size=100352, buffer_offset=0, channel_index=17, starting_desc=0
[2026-01-20 16:08:39.942] [358979] [HailoRT] [info] [hailort_driver.cpp:649] [descriptors_list_program] Programming descriptor list: desc_handle=16384, buffer_handle=1, buffer_size=25600, buffer_offset=100864, channel_index=18, starting_desc=0
[2026-01-20 16:08:39.942] [358979] [HailoRT] [info] [hailort_driver.cpp:649] [descriptors_list_program] Programming descriptor list: desc_handle=16384, buffer_handle=1, buffer_size=25088, buffer_offset=0, channel_index=18, starting_desc=0
[2026-01-20 16:08:39.946] [358979] [HailoRT] [info] [hailort_driver.cpp:649] [descriptors_list_program] Programming descriptor list: desc_handle=20480, buffer_handle=2, buffer_size=5480960, buffer_offset=0, channel_index=0, starting_desc=0
[2026-01-20 16:08:39.951] [358979] [HailoRT] [info] [hailort_driver.cpp:649] [descriptors_list_program] Programming descriptor list: desc_handle=24576, buffer_handle=3, buffer_size=5372416, buffer_offset=0, channel_index=1, starting_desc=0
[2026-01-20 16:08:39.951] [358979] [HailoRT] [info] [hailort_driver.cpp:476] [fw_control] Sending FW Control: opcode=0x00000048 (HAILO_CONTROL_OPCODE_GET_HW_CONSTS), len=20, cpu_id=1
[2026-01-20 16:08:39.951] [358979] [HailoRT] [info] [hailort_driver.cpp:649] [descriptors_list_program] Programming descriptor list: desc_handle=28672, buffer_handle=1, buffer_size=100864, buffer_offset=0, channel_index=17, starting_desc=0
[2026-01-20 16:08:39.951] [358979] [HailoRT] [info] [hailort_driver.cpp:649] [descriptors_list_program] Programming descriptor list: desc_handle=28672, buffer_handle=1, buffer_size=100352, buffer_offset=0, channel_index=17, starting_desc=0
[2026-01-20 16:08:39.951] [358979] [HailoRT] [info] [hailort_driver.cpp:649] [descriptors_list_program] Programming descriptor list: desc_handle=32768, buffer_handle=1, buffer_size=25600, buffer_offset=100864, channel_index=18, starting_desc=0
[2026-01-20 16:08:39.951] [358979] [HailoRT] [info] [hailort_driver.cpp:649] [descriptors_list_program] Programming descriptor list: desc_handle=32768, buffer_handle=1, buffer_size=25088, buffer_offset=0, channel_index=18, starting_desc=0
[2026-01-20 16:08:39.951] [358979] [HailoRT] [info] [context_switch_actions.cpp:251] [write_to_config_buffer] WriteDataCcwAction: Writing Config Data. Total Size: 5296320 bytes. Stream Index: 1
[2026-01-20 16:08:39.951] [358979] [HailoRT] [info] [hailort_driver.cpp:617] [vdma_buffer_sync] Syncing VDMA buffer: handle=3, direction=TO_DEVICE, offset=0, count=256
[2026-01-20 16:08:39.951] [358979] [HailoRT] [info] [hailort_driver.cpp:617] [vdma_buffer_sync] Syncing VDMA buffer: handle=3, direction=TO_DEVICE, offset=256, count=72
[2026-01-20 16:08:39.951] [358979] [HailoRT] [info] [hailort_driver.cpp:617] [vdma_buffer_sync] Syncing VDMA buffer: handle=3, direction=TO_DEVICE, offset=328, count=17216
[2026-01-20 16:08:39.951] [358979] [HailoRT] [info] [hailort_driver.cpp:617] [vdma_buffer_sync] Syncing VDMA buffer: handle=3, direction=TO_DEVICE, offset=17544, count=72
[2026-01-20 16:08:39.951] [358979] [HailoRT] [info] [hailort_driver.cpp:617] [vdma_buffer_sync] Syncing VDMA buffer: handle=3, direction=TO_DEVICE, offset=17616, count=17768
[2026-01-20 16:08:39.951] [358979] [HailoRT] [info] [hailort_driver.cpp:617] [vdma_buffer_sync] Syncing VDMA buffer: handle=3, direction=TO_DEVICE, offset=35384, count=72
[2026-01-20 16:08:39.951] [358979] [HailoRT] [info] [hailort_driver.cpp:617] [vdma_buffer_sync] Syncing VDMA buffer: handle=3, direction=TO_DEVICE, offset=35456, count=18016
[2026-01-20 16:08:39.951] [358979] [HailoRT] [info] [hailort_driver.cpp:617] [vdma_buffer_sync] Syncing VDMA buffer: handle=3, direction=TO_DEVICE, offset=53472, count=72
[2026-01-20 16:08:39.951] [358979] [HailoRT] [info] [hailort_driver.cpp:617] [vdma_buffer_sync] Syncing VDMA buffer: handle=3, direction=TO_DEVICE, offset=53544, count=18496
[2026-01-20 16:08:39.951] [358979] [HailoRT] [info] [hailort_driver.cpp:617] [vdma_buffer_sync] Syncing VDMA buffer: handle=3, direction=TO_DEVICE, offset=72040, count=17464
[2026-01-20 16:08:39.951] [358979] [HailoRT] [info] [hailort_driver.cpp:617] [vdma_buffer_sync] Syncing VDMA buffer: handle=3, direction=TO_DEVICE, offset=89504, count=17400
[2026-01-20 16:08:39.951] [358979] [HailoRT] [info] [hailort_driver.cpp:617] [vdma_buffer_sync] Syncing VDMA buffer: handle=3, direction=TO_DEVICE, offset=106904, count=17344
[2026-01-20 16:08:39.951] [358979] [HailoRT] [info] [hailort_driver.cpp:617] [vdma_buffer_sync] Syncing VDMA buffer: handle=3, direction=TO_DEVICE, offset=124248, count=17392
[2026-01-20 16:08:39.952] [358979] [HailoRT] [info] [hailort_driver.cpp:617] [vdma_buffer_sync] Syncing VDMA buffer: handle=3, direction=TO_DEVICE, offset=141640, count=20568
[2026-01-20 16:08:39.952] [358979] [HailoRT] [info] [hailort_driver.cpp:617] [vdma_buffer_sync] Syncing VDMA buffer: handle=3, direction=TO_DEVICE, offset=162208, count=25632
[2026-01-20 16:08:39.952] [358979] [HailoRT] [info] [hailort_driver.cpp:617] [vdma_buffer_sync] Syncing VDMA buffer: handle=3, direction=TO_DEVICE, offset=187840, count=26168
[2026-01-20 16:08:39.952] [358979] [HailoRT] [info] [hailort_driver.cpp:617] [vdma_buffer_sync] Syncing VDMA buffer: handle=3, direction=TO_DEVICE, offset=214008, count=16576
[2026-01-20 16:08:39.952] [358979] [HailoRT] [info] [hailort_driver.cpp:617] [vdma_buffer_sync] Syncing VDMA buffer: handle=3, direction=TO_DEVICE, offset=230584, count=16600
[2026-01-20 16:08:39.952] [358979] [HailoRT] [info] [hailort_driver.cpp:617] [vdma_buffer_sync] Syncing VDMA buffer: handle=3, direction=TO_DEVICE, offset=247184, count=17312
[2026-01-20 16:08:39.952] [358979] [HailoRT] [info] [hailort_driver.cpp:617] [vdma_buffer_sync] Syncing VDMA buffer: handle=3, direction=TO_DEVICE, offset=264496, count=18440
[2026-01-20 16:08:39.952] [358979] [HailoRT] [info] [hailort_driver.cpp:617] [vdma_buffer_sync] Syncing VDMA buffer: handle=3, direction=TO_DEVICE, offset=282936, count=22016
[2026-01-20 16:08:39.952] [358979] [HailoRT] [info] [hailort_driver.cpp:617] [vdma_buffer_sync] Syncing VDMA buffer: handle=3, direction=TO_DEVICE, offset=304952, count=26968
[2026-01-20 16:08:39.952] [358979] [HailoRT] [info] [hailort_driver.cpp:617] [vdma_buffer_sync] Syncing VDMA buffer: handle=3, direction=TO_DEVICE, offset=331920, count=21968
[2026-01-20 16:08:39.952] [358979] [HailoRT] [info] [hailort_driver.cpp:617] [vdma_buffer_sync] Syncing VDMA buffer: handle=3, direction=TO_DEVICE, offset=353888, count=18328
[2026-01-20 16:08:39.952] [358979] [HailoRT] [info] [hailort_driver.cpp:617] [vdma_buffer_sync] Syncing VDMA buffer: handle=3, direction=TO_DEVICE, offset=372216, count=18320
[2026-01-20 16:08:39.952] [358979] [HailoRT] [info] [hailort_driver.cpp:617] [vdma_buffer_sync] Syncing VDMA buffer: handle=3, direction=TO_DEVICE, offset=390536, count=18328
[2026-01-20 16:08:39.952] [358979] [HailoRT] [info] [hailort_driver.cpp:617] [vdma_buffer_sync] Syncing VDMA buffer: handle=3, direction=TO_DEVICE, offset=408864, count=19072
[2026-01-20 16:08:39.952] [358979] [HailoRT] [info] [hailort_driver.cpp:617] [vdma_buffer_sync] Syncing VDMA buffer: handle=3, direction=TO_DEVICE, offset=427936, count=23928
[2026-01-20 16:08:39.952] [358979] [HailoRT] [info] [hailort_driver.cpp:617] [vdma_buffer_sync] Syncing VDMA buffer: handle=3, direction=TO_DEVICE, offset=451864, count=23328
[2026-01-20 16:08:39.952] [358979] [HailoRT] [info] [hailort_driver.cpp:617] [vdma_buffer_sync] Syncing VDMA buffer: handle=3, direction=TO_DEVICE, offset=475192, count=25248
[2026-01-20 16:08:39.952] [358979] [HailoRT] [info] [hailort_driver.cpp:617] [vdma_buffer_sync] Syncing VDMA buffer: handle=3, direction=TO_DEVICE, offset=500440, count=24576
[2026-01-20 16:08:39.952] [358979] [HailoRT] [info] [hailort_driver.cpp:617] [vdma_buffer_sync] Syncing VDMA buffer: handle=3, direction=TO_DEVICE, offset=525016, count=7416
[2026-01-20 16:08:39.952] [358979] [HailoRT] [info] [hailort_driver.cpp:617] [vdma_buffer_sync] Syncing VDMA buffer: handle=3, direction=TO_DEVICE, offset=532432, count=16
[2026-01-20 16:08:39.952] [358979] [HailoRT] [info] [hailort_driver.cpp:617] [vdma_buffer_sync] Syncing VDMA buffer: handle=3, direction=TO_DEVICE, offset=532448, count=5008
[2026-01-20 16:08:39.952] [358979] [HailoRT] [info] [hailort_driver.cpp:617] [vdma_buffer_sync] Syncing VDMA buffer: handle=3, direction=TO_DEVICE, offset=537456, count=16
[2026-01-20 16:08:39.952] [358979] [HailoRT] [info] [hailort_driver.cpp:617] [vdma_buffer_sync] Syncing VDMA buffer: handle=3, direction=TO_DEVICE, offset=537472, count=5376
[2026-01-20 16:08:39.952] [358979] [HailoRT] [info] [hailort_driver.cpp:617] [vdma_buffer_sync] Syncing VDMA buffer: handle=3, direction=TO_DEVICE, offset=542848, count=16
[2026-01-20 16:08:39.952] [358979] [HailoRT] [info] [hailort_driver.cpp:617] [vdma_buffer_sync] Syncing VDMA buffer: handle=3, direction=TO_DEVICE, offset=542864, count=1112
[2026-01-20 16:08:39.952] [358979] [HailoRT] [info] [hailort_driver.cpp:617] [vdma_buffer_sync] Syncing VDMA buffer: handle=3, direction=TO_DEVICE, offset=543976, count=16
[2026-01-20 16:08:39.952] [358979] [HailoRT] [info] [hailort_driver.cpp:617] [vdma_buffer_sync] Syncing VDMA buffer: handle=3, direction=TO_DEVICE, offset=543992, count=2088
[2026-01-20 16:08:39.952] [358979] [HailoRT] [info] [hailort_driver.cpp:617] [vdma_buffer_sync] Syncing VDMA buffer: handle=3, direction=TO_DEVICE, offset=546080, count=2088
[2026-01-20 16:08:39.952] [358979] [HailoRT] [info] [hailort_driver.cpp:617] [vdma_buffer_sync] Syncing VDMA buffer: handle=3, direction=TO_DEVICE, offset=548168, count=2072
[2026-01-20 16:08:39.952] [358979] [HailoRT] [info] [hailort_driver.cpp:617] [vdma_buffer_sync] Syncing VDMA buffer: handle=3, direction=TO_DEVICE, offset=550240, count=2072
[2026-01-20 16:08:39.952] [358979] [HailoRT] [info] [hailort_driver.cpp:617] [vdma_buffer_sync] Syncing VDMA buffer: handle=3, direction=TO_DEVICE, offset=552312, count=8096
[2026-01-20 16:08:39.952] [358979] [HailoRT] [info] [hailort_driver.cpp:617] [vdma_buffer_sync] Syncing VDMA buffer: handle=3, direction=TO_DEVICE, offset=560408, count=8072
[2026-01-20 16:08:39.952] [358979] [HailoRT] [info] [hailort_driver.cpp:617] [vdma_buffer_sync] Syncing VDMA buffer: handle=3, direction=TO_DEVICE, offset=568480, count=8096
[2026-01-20 16:08:39.952] [358979] [HailoRT] [info] [hailort_driver.cpp:617] [vdma_buffer_sync] Syncing VDMA buffer: handle=3, direction=TO_DEVICE, offset=576576, count=8048
[2026-01-20 16:08:39.952] [358979] [HailoRT] [info] [hailort_driver.cpp:617] [vdma_buffer_sync] Syncing VDMA buffer: handle=3, direction=TO_DEVICE, offset=584624, count=16
[2026-01-20 16:08:39.952] [358979] [HailoRT] [info] [hailort_driver.cpp:617] [vdma_buffer_sync] Syncing VDMA buffer: handle=3, direction=TO_DEVICE, offset=584640, count=2488
[2026-01-20 16:08:39.952] [358979] [HailoRT] [info] [hailort_driver.cpp:617] [vdma_buffer_sync] Syncing VDMA buffer: handle=3, direction=TO_DEVICE, offset=587128, count=2352
[2026-01-20 16:08:39.952] [358979] [HailoRT] [info] [hailort_driver.cpp:617] [vdma_buffer_sync] Syncing VDMA buffer: handle=3, direction=TO_DEVICE, offset=589480, count=10064
[2026-01-20 16:08:39.952] [358979] [HailoRT] [info] [hailort_driver.cpp:617] [vdma_buffer_sync] Syncing VDMA buffer: handle=3, direction=TO_DEVICE, offset=599544, count=10016
[2026-01-20 16:08:39.952] [358979] [HailoRT] [info] [hailort_driver.cpp:617] [vdma_buffer_sync] Syncing VDMA buffer: handle=3, direction=TO_DEVICE, offset=609560, count=10200
[2026-01-20 16:08:39.952] [358979] [HailoRT] [info] [hailort_driver.cpp:617] [vdma_buffer_sync] Syncing VDMA buffer: handle=3, direction=TO_DEVICE, offset=619760, count=10048
[2026-01-20 16:08:39.952] [358979] [HailoRT] [info] [hailort_driver.cpp:617] [vdma_buffer_sync] Syncing VDMA buffer: handle=3, direction=TO_DEVICE, offset=629808, count=10184
[2026-01-20 16:08:39.952] [358979] [HailoRT] [info] [hailort_driver.cpp:617] [vdma_buffer_sync] Syncing VDMA buffer: handle=3, direction=TO_DEVICE, offset=639992, count=10008
[2026-01-20 16:08:39.953] [358979] [HailoRT] [info] [hailort_driver.cpp:617] [vdma_buffer_sync] Syncing VDMA buffer: handle=3, direction=TO_DEVICE, offset=650000, count=9936
[2026-01-20 16:08:39.953] [358979] [HailoRT] [info] [hailort_driver.cpp:617] [vdma_buffer_sync] Syncing VDMA buffer: handle=3, direction=TO_DEVICE, offset=659936, count=9920
[2026-01-20 16:08:39.953] [358979] [HailoRT] [info] [hailort_driver.cpp:617] [vdma_buffer_sync] Syncing VDMA buffer: handle=3, direction=TO_DEVICE, offset=669856, count=6984
[2026-01-20 16:08:39.953] [358979] [HailoRT] [info] [hailort_driver.cpp:617] [vdma_buffer_sync] Syncing VDMA buffer: handle=3, direction=TO_DEVICE, offset=676840, count=6776
[2026-01-20 16:08:39.953] [358979] [HailoRT] [info] [hailort_driver.cpp:617] [vdma_buffer_sync] Syncing VDMA buffer: handle=3, direction=TO_DEVICE, offset=683616, count=6752
[2026-01-20 16:08:39.953] [358979] [HailoRT] [info] [hailort_driver.cpp:617] [vdma_buffer_sync] Syncing VDMA buffer: handle=3, direction=TO_DEVICE, offset=690368, count=6768
[2026-01-20 16:08:39.953] [358979] [HailoRT] [info] [hailort_driver.cpp:617] [vdma_buffer_sync] Syncing VDMA buffer: handle=3, direction=TO_DEVICE, offset=697136, count=6928
[2026-01-20 16:08:39.953] [358979] [HailoRT] [info] [hailort_driver.cpp:617] [vdma_buffer_sync] Syncing VDMA buffer: handle=3, direction=TO_DEVICE, offset=704064, count=7032
[2026-01-20 16:08:39.953] [358979] [HailoRT] [info] [hailort_driver.cpp:617] [vdma_buffer_sync] Syncing VDMA buffer: handle=3, direction=TO_DEVICE, offset=711096, count=18296
[2026-01-20 16:08:39.953] [358979] [HailoRT] [info] [hailort_driver.cpp:617] [vdma_buffer_sync] Syncing VDMA buffer: handle=3, direction=TO_DEVICE, offset=729392, count=16440
[2026-01-20 16:08:39.953] [358979] [HailoRT] [info] [hailort_driver.cpp:617] [vdma_buffer_sync] Syncing VDMA buffer: handle=3, direction=TO_DEVICE, offset=745832, count=17776
[2026-01-20 16:08:39.953] [358979] [HailoRT] [info] [hailort_driver.cpp:617] [vdma_buffer_sync] Syncing VDMA buffer: handle=3, direction=TO_DEVICE, offset=763608, count=14416
[2026-01-20 16:08:39.953] [358979] [HailoRT] [info] [hailort_driver.cpp:617] [vdma_buffer_sync] Syncing VDMA buffer: handle=3, direction=TO_DEVICE, offset=778024, count=14264
[2026-01-20 16:08:39.953] [358979] [HailoRT] [info] [hailort_driver.cpp:617] [vdma_buffer_sync] Syncing VDMA buffer: handle=3, direction=TO_DEVICE, offset=792288, count=14624
[2026-01-20 16:08:39.953] [358979] [HailoRT] [info] [hailort_driver.cpp:617] [vdma_buffer_sync] Syncing VDMA buffer: handle=3, direction=TO_DEVICE, offset=806912, count=14680
[2026-01-20 16:08:39.953] [358979] [HailoRT] [info] [hailort_driver.cpp:617] [vdma_buffer_sync] Syncing VDMA buffer: handle=3, direction=TO_DEVICE, offset=821592, count=14360
[2026-01-20 16:08:39.953] [358979] [HailoRT] [info] [hailort_driver.cpp:617] [vdma_buffer_sync] Syncing VDMA buffer: handle=3, direction=TO_DEVICE, offset=835952, count=14960
[2026-01-20 16:08:39.953] [358979] [HailoRT] [info] [hailort_driver.cpp:617] [vdma_buffer_sync] Syncing VDMA buffer: handle=3, direction=TO_DEVICE, offset=850912, count=14176
[2026-01-20 16:08:39.953] [358979] [HailoRT] [info] [hailort_driver.cpp:617] [vdma_buffer_sync] Syncing VDMA buffer: handle=3, direction=TO_DEVICE, offset=865088, count=14160
[2026-01-20 16:08:39.953] [358979] [HailoRT] [info] [hailort_driver.cpp:617] [vdma_buffer_sync] Syncing VDMA buffer: handle=3, direction=TO_DEVICE, offset=879248, count=9648
[2026-01-20 16:08:39.953] [358979] [HailoRT] [info] [hailort_driver.cpp:617] [vdma_buffer_sync] Syncing VDMA buffer: handle=3, direction=TO_DEVICE, offset=888896, count=9496
[2026-01-20 16:08:39.953] [358979] [HailoRT] [info] [hailort_driver.cpp:617] [vdma_buffer_sync] Syncing VDMA buffer: handle=3, direction=TO_DEVICE, offset=898392, count=9408
[2026-01-20 16:08:39.953] [358979] [HailoRT] [info] [hailort_driver.cpp:617] [vdma_buffer_sync] Syncing VDMA buffer: handle=3, direction=TO_DEVICE, offset=907800, count=9288
[2026-01-20 16:08:39.953] [358979] [HailoRT] [info] [hailort_driver.cpp:617] [vdma_buffer_sync] Syncing VDMA buffer: handle=3, direction=TO_DEVICE, offset=917088, count=16656
[2026-01-20 16:08:39.953] [358979] [HailoRT] [info] [hailort_driver.cpp:617] [vdma_buffer_sync] Syncing VDMA buffer: handle=3, direction=TO_DEVICE, offset=933744, count=16560
[2026-01-20 16:08:39.953] [358979] [HailoRT] [info] [hailort_driver.cpp:617] [vdma_buffer_sync] Syncing VDMA buffer: handle=3, direction=TO_DEVICE, offset=950304, count=15232
[2026-01-20 16:08:39.953] [358979] [HailoRT] [info] [hailort_driver.cpp:617] [vdma_buffer_sync] Syncing VDMA buffer: handle=3, direction=TO_DEVICE, offset=965536, count=16
[2026-01-20 16:08:39.953] [358979] [HailoRT] [info] [hailort_driver.cpp:617] [vdma_buffer_sync] Syncing VDMA buffer: handle=3, direction=TO_DEVICE, offset=965552, count=7560
[2026-01-20 16:08:39.953] [358979] [HailoRT] [info] [hailort_driver.cpp:617] [vdma_buffer_sync] Syncing VDMA buffer: handle=3, direction=TO_DEVICE, offset=973112, count=7480
[2026-01-20 16:08:39.953] [358979] [HailoRT] [info] [hailort_driver.cpp:617] [vdma_buffer_sync] Syncing VDMA buffer: handle=3, direction=TO_DEVICE, offset=980592, count=8296
[2026-01-20 16:08:39.953] [358979] [HailoRT] [info] [hailort_driver.cpp:617] [vdma_buffer_sync] Syncing VDMA buffer: handle=3, direction=TO_DEVICE, offset=988888, count=14976
[2026-01-20 16:08:39.953] [358979] [HailoRT] [info] [hailort_driver.cpp:617] [vdma_buffer_sync] Syncing VDMA buffer: handle=3, direction=TO_DEVICE, offset=1003864, count=15080
[2026-01-20 16:08:39.953] [358979] [HailoRT] [info] [hailort_driver.cpp:617] [vdma_buffer_sync] Syncing VDMA buffer: handle=3, direction=TO_DEVICE, offset=1018944, count=14136
[2026-01-20 16:08:39.953] [358979] [HailoRT] [info] [hailort_driver.cpp:617] [vdma_buffer_sync] Syncing VDMA buffer: handle=3, direction=TO_DEVICE, offset=1033080, count=7168
[2026-01-20 16:08:39.953] [358979] [HailoRT] [info] [hailort_driver.cpp:617] [vdma_buffer_sync] Syncing VDMA buffer: handle=3, direction=TO_DEVICE, offset=1040248, count=7120
[2026-01-20 16:08:39.953] [358979] [HailoRT] [info] [hailort_driver.cpp:617] [vdma_buffer_sync] Syncing VDMA buffer: handle=3, direction=TO_DEVICE, offset=1047368, count=7112
[2026-01-20 16:08:39.953] [358979] [HailoRT] [info] [hailort_driver.cpp:617] [vdma_buffer_sync] Syncing VDMA buffer: handle=3, direction=TO_DEVICE, offset=1054480, count=6792
[2026-01-20 16:08:39.953] [358979] [HailoRT] [info] [hailort_driver.cpp:617] [vdma_buffer_sync] Syncing VDMA buffer: handle=3, direction=TO_DEVICE, offset=1061272, count=7160
[2026-01-20 16:08:39.953] [358979] [HailoRT] [info] [hailort_driver.cpp:617] [vdma_buffer_sync] Syncing VDMA buffer: handle=3, direction=TO_DEVICE, offset=1068432, count=7040
[2026-01-20 16:08:39.953] [358979] [HailoRT] [info] [hailort_driver.cpp:617] [vdma_buffer_sync] Syncing VDMA buffer: handle=3, direction=TO_DEVICE, offset=1075472, count=18040
[2026-01-20 16:08:39.953] [358979] [HailoRT] [info] [hailort_driver.cpp:617] [vdma_buffer_sync] Syncing VDMA buffer: handle=3, direction=TO_DEVICE, offset=1093512, count=18024
[2026-01-20 16:08:39.953] [358979] [HailoRT] [info] [hailort_driver.cpp:617] [vdma_buffer_sync] Syncing VDMA buffer: handle=3, direction=TO_DEVICE, offset=1111536, count=18000
[2026-01-20 16:08:39.953] [358979] [HailoRT] [info] [hailort_driver.cpp:617] [vdma_buffer_sync] Syncing VDMA buffer: handle=3, direction=TO_DEVICE, offset=1129536, count=18032
[2026-01-20 16:08:39.953] [358979] [HailoRT] [info] [hailort_driver.cpp:617] [vdma_buffer_sync] Syncing VDMA buffer: handle=3, direction=TO_DEVICE, offset=1147568, count=18160
[2026-01-20 16:08:39.954] [358979] [HailoRT] [info] [hailort_driver.cpp:617] [vdma_buffer_sync] Syncing VDMA buffer: handle=3, direction=TO_DEVICE, offset=1165728, count=18496
[2026-01-20 16:08:39.954] [358979] [HailoRT] [info] [hailort_driver.cpp:617] [vdma_buffer_sync] Syncing VDMA buffer: handle=3, direction=TO_DEVICE, offset=1184224, count=18376
[2026-01-20 16:08:39.954] [358979] [HailoRT] [info] [hailort_driver.cpp:617] [vdma_buffer_sync] Syncing VDMA buffer: handle=3, direction=TO_DEVICE, offset=1202600, count=18016
[2026-01-20 16:08:39.954] [358979] [HailoRT] [info] [hailort_driver.cpp:617] [vdma_buffer_sync] Syncing VDMA buffer: handle=3, direction=TO_DEVICE, offset=1220616, count=18264
[2026-01-20 16:08:39.954] [358979] [HailoRT] [info] [hailort_driver.cpp:617] [vdma_buffer_sync] Syncing VDMA buffer: handle=3, direction=TO_DEVICE, offset=1238880, count=17992
[2026-01-20 16:08:39.954] [358979] [HailoRT] [info] [hailort_driver.cpp:617] [vdma_buffer_sync] Syncing VDMA buffer: handle=3, direction=TO_DEVICE, offset=1256872, count=18240
[2026-01-20 16:08:39.954] [358979] [HailoRT] [info] [hailort_driver.cpp:617] [vdma_buffer_sync] Syncing VDMA buffer: handle=3, direction=TO_DEVICE, offset=1275112, count=18112
[2026-01-20 16:08:39.954] [358979] [HailoRT] [info] [hailort_driver.cpp:617] [vdma_buffer_sync] Syncing VDMA buffer: handle=3, direction=TO_DEVICE, offset=1293224, count=18264
[2026-01-20 16:08:39.954] [358979] [HailoRT] [info] [hailort_driver.cpp:617] [vdma_buffer_sync] Syncing VDMA buffer: handle=3, direction=TO_DEVICE, offset=1311488, count=18448
[2026-01-20 16:08:39.954] [358979] [HailoRT] [info] [hailort_driver.cpp:617] [vdma_buffer_sync] Syncing VDMA buffer: handle=3, direction=TO_DEVICE, offset=1329936, count=18136
[2026-01-20 16:08:39.954] [358979] [HailoRT] [info] [hailort_driver.cpp:617] [vdma_buffer_sync] Syncing VDMA buffer: handle=3, direction=TO_DEVICE, offset=1348072, count=18168
[2026-01-20 16:08:39.954] [358979] [HailoRT] [info] [hailort_driver.cpp:617] [vdma_buffer_sync] Syncing VDMA buffer: handle=3, direction=TO_DEVICE, offset=1366240, count=19856
[2026-01-20 16:08:39.954] [358979] [HailoRT] [info] [hailort_driver.cpp:617] [vdma_buffer_sync] Syncing VDMA buffer: handle=3, direction=TO_DEVICE, offset=1386096, count=20176
[2026-01-20 16:08:39.954] [358979] [HailoRT] [info] [hailort_driver.cpp:617] [vdma_buffer_sync] Syncing VDMA buffer: handle=3, direction=TO_DEVICE, offset=1406272, count=20112
[2026-01-20 16:08:39.954] [358979] [HailoRT] [info] [hailort_driver.cpp:617] [vdma_buffer_sync] Syncing VDMA buffer: handle=3, direction=TO_DEVICE, offset=1426384, count=20312
[2026-01-20 16:08:39.954] [358979] [HailoRT] [info] [hailort_driver.cpp:617] [vdma_buffer_sync] Syncing VDMA buffer: handle=3, direction=TO_DEVICE, offset=1446696, count=19640
[2026-01-20 16:08:39.954] [358979] [HailoRT] [info] [hailort_driver.cpp:617] [vdma_buffer_sync] Syncing VDMA buffer: handle=3, direction=TO_DEVICE, offset=1466336, count=19904
[2026-01-20 16:08:39.954] [358979] [HailoRT] [info] [hailort_driver.cpp:617] [vdma_buffer_sync] Syncing VDMA buffer: handle=3, direction=TO_DEVICE, offset=1486240, count=20400
[2026-01-20 16:08:39.954] [358979] [HailoRT] [info] [hailort_driver.cpp:617] [vdma_buffer_sync] Syncing VDMA buffer: handle=3, direction=TO_DEVICE, offset=1506640, count=20112
[2026-01-20 16:08:39.954] [358979] [HailoRT] [info] [hailort_driver.cpp:617] [vdma_buffer_sync] Syncing VDMA buffer: handle=3, direction=TO_DEVICE, offset=1526752, count=25024
[2026-01-20 16:08:39.954] [358979] [HailoRT] [info] [hailort_driver.cpp:617] [vdma_buffer_sync] Syncing VDMA buffer: handle=3, direction=TO_DEVICE, offset=1551776, count=25520
[2026-01-20 16:08:39.954] [358979] [HailoRT] [info] [hailort_driver.cpp:617] [vdma_buffer_sync] Syncing VDMA buffer: handle=3, direction=TO_DEVICE, offset=1577296, count=25112
[2026-01-20 16:08:39.954] [358979] [HailoRT] [info] [hailort_driver.cpp:617] [vdma_buffer_sync] Syncing VDMA buffer: handle=3, direction=TO_DEVICE, offset=1602408, count=25512
[2026-01-20 16:08:39.954] [358979] [HailoRT] [info] [hailort_driver.cpp:617] [vdma_buffer_sync] Syncing VDMA buffer: handle=3, direction=TO_DEVICE, offset=1627920, count=25152
[2026-01-20 16:08:39.954] [358979] [HailoRT] [info] [hailort_driver.cpp:617] [vdma_buffer_sync] Syncing VDMA buffer: handle=3, direction=TO_DEVICE, offset=1653072, count=25624
[2026-01-20 16:08:39.954] [358979] [HailoRT] [info] [hailort_driver.cpp:617] [vdma_buffer_sync] Syncing VDMA buffer: handle=3, direction=TO_DEVICE, offset=1678696, count=25152
[2026-01-20 16:08:39.954] [358979] [HailoRT] [info] [hailort_driver.cpp:617] [vdma_buffer_sync] Syncing VDMA buffer: handle=3, direction=TO_DEVICE, offset=1703848, count=25560
[2026-01-20 16:08:39.954] [358979] [HailoRT] [info] [hailort_driver.cpp:617] [vdma_buffer_sync] Syncing VDMA buffer: handle=3, direction=TO_DEVICE, offset=1729408, count=21976
[2026-01-20 16:08:39.954] [358979] [HailoRT] [info] [hailort_driver.cpp:617] [vdma_buffer_sync] Syncing VDMA buffer: handle=3, direction=TO_DEVICE, offset=1751384, count=22840
[2026-01-20 16:08:39.954] [358979] [HailoRT] [info] [hailort_driver.cpp:617] [vdma_buffer_sync] Syncing VDMA buffer: handle=3, direction=TO_DEVICE, offset=1774224, count=5720
[2026-01-20 16:08:39.954] [358979] [HailoRT] [info] [hailort_driver.cpp:617] [vdma_buffer_sync] Syncing VDMA buffer: handle=3, direction=TO_DEVICE, offset=1779944, count=23240
[2026-01-20 16:08:39.954] [358979] [HailoRT] [info] [hailort_driver.cpp:617] [vdma_buffer_sync] Syncing VDMA buffer: handle=3, direction=TO_DEVICE, offset=1803184, count=22864
[2026-01-20 16:08:39.954] [358979] [HailoRT] [info] [hailort_driver.cpp:617] [vdma_buffer_sync] Syncing VDMA buffer: handle=3, direction=TO_DEVICE, offset=1826048, count=5720
[2026-01-20 16:08:39.954] [358979] [HailoRT] [info] [hailort_driver.cpp:617] [vdma_buffer_sync] Syncing VDMA buffer: handle=3, direction=TO_DEVICE, offset=1831768, count=23040
[2026-01-20 16:08:39.954] [358979] [HailoRT] [info] [hailort_driver.cpp:617] [vdma_buffer_sync] Syncing VDMA buffer: handle=3, direction=TO_DEVICE, offset=1854808, count=22272
[2026-01-20 16:08:39.954] [358979] [HailoRT] [info] [hailort_driver.cpp:617] [vdma_buffer_sync] Syncing VDMA buffer: handle=3, direction=TO_DEVICE, offset=1877080, count=5584
[2026-01-20 16:08:39.954] [358979] [HailoRT] [info] [hailort_driver.cpp:617] [vdma_buffer_sync] Syncing VDMA buffer: handle=3, direction=TO_DEVICE, offset=1882664, count=21544
[2026-01-20 16:08:39.954] [358979] [HailoRT] [info] [hailort_driver.cpp:617] [vdma_buffer_sync] Syncing VDMA buffer: handle=3, direction=TO_DEVICE, offset=1904208, count=22376
[2026-01-20 16:08:39.955] [358979] [HailoRT] [info] [hailort_driver.cpp:617] [vdma_buffer_sync] Syncing VDMA buffer: handle=3, direction=TO_DEVICE, offset=1926584, count=5592
[2026-01-20 16:08:39.955] [358979] [HailoRT] [info] [hailort_driver.cpp:617] [vdma_buffer_sync] Syncing VDMA buffer: handle=3, direction=TO_DEVICE, offset=1932176, count=23056
[2026-01-20 16:08:39.955] [358979] [HailoRT] [info] [hailort_driver.cpp:617] [vdma_buffer_sync] Syncing VDMA buffer: handle=3, direction=TO_DEVICE, offset=1955232, count=22856
[2026-01-20 16:08:39.955] [358979] [HailoRT] [info] [hailort_driver.cpp:617] [vdma_buffer_sync] Syncing VDMA buffer: handle=3, direction=TO_DEVICE, offset=1978088, count=5736
[2026-01-20 16:08:39.955] [358979] [HailoRT] [info] [hailort_driver.cpp:617] [vdma_buffer_sync] Syncing VDMA buffer: handle=3, direction=TO_DEVICE, offset=1983824, count=23128
[2026-01-20 16:08:39.955] [358979] [HailoRT] [info] [hailort_driver.cpp:617] [vdma_buffer_sync] Syncing VDMA buffer: handle=3, direction=TO_DEVICE, offset=2006952, count=22384
[2026-01-20 16:08:39.955] [358979] [HailoRT] [info] [hailort_driver.cpp:617] [vdma_buffer_sync] Syncing VDMA buffer: handle=3, direction=TO_DEVICE, offset=2029336, count=5584
[2026-01-20 16:08:39.955] [358979] [HailoRT] [info] [hailort_driver.cpp:617] [vdma_buffer_sync] Syncing VDMA buffer: handle=3, direction=TO_DEVICE, offset=2034920, count=22760
[2026-01-20 16:08:39.955] [358979] [HailoRT] [info] [hailort_driver.cpp:617] [vdma_buffer_sync] Syncing VDMA buffer: handle=3, direction=TO_DEVICE, offset=2057680, count=22640
[2026-01-20 16:08:39.955] [358979] [HailoRT] [info] [hailort_driver.cpp:617] [vdma_buffer_sync] Syncing VDMA buffer: handle=3, direction=TO_DEVICE, offset=2080320, count=5680
[2026-01-20 16:08:39.955] [358979] [HailoRT] [info] [hailort_driver.cpp:617] [vdma_buffer_sync] Syncing VDMA buffer: handle=3, direction=TO_DEVICE, offset=2086000, count=23240
[2026-01-20 16:08:39.955] [358979] [HailoRT] [info] [hailort_driver.cpp:617] [vdma_buffer_sync] Syncing VDMA buffer: handle=3, direction=TO_DEVICE, offset=2109240, count=22696
[2026-01-20 16:08:39.955] [358979] [HailoRT] [info] [hailort_driver.cpp:617] [vdma_buffer_sync] Syncing VDMA buffer: handle=3, direction=TO_DEVICE, offset=2131936, count=5664
[2026-01-20 16:08:39.955] [358979] [HailoRT] [info] [hailort_driver.cpp:617] [vdma_buffer_sync] Syncing VDMA buffer: handle=3, direction=TO_DEVICE, offset=2137600, count=18624
[2026-01-20 16:08:39.955] [358979] [HailoRT] [info] [hailort_driver.cpp:617] [vdma_buffer_sync] Syncing VDMA buffer: handle=3, direction=TO_DEVICE, offset=2156224, count=18608
[2026-01-20 16:08:39.955] [358979] [HailoRT] [info] [hailort_driver.cpp:617] [vdma_buffer_sync] Syncing VDMA buffer: handle=3, direction=TO_DEVICE, offset=2174832, count=18400
[2026-01-20 16:08:39.955] [358979] [HailoRT] [info] [hailort_driver.cpp:617] [vdma_buffer_sync] Syncing VDMA buffer: handle=3, direction=TO_DEVICE, offset=2193232, count=18432
[2026-01-20 16:08:39.955] [358979] [HailoRT] [info] [hailort_driver.cpp:617] [vdma_buffer_sync] Syncing VDMA buffer: handle=3, direction=TO_DEVICE, offset=2211664, count=18280
[2026-01-20 16:08:39.955] [358979] [HailoRT] [info] [hailort_driver.cpp:617] [vdma_buffer_sync] Syncing VDMA buffer: handle=3, direction=TO_DEVICE, offset=2229944, count=18328
[2026-01-20 16:08:39.955] [358979] [HailoRT] [info] [hailort_driver.cpp:617] [vdma_buffer_sync] Syncing VDMA buffer: handle=3, direction=TO_DEVICE, offset=2248272, count=18336
[2026-01-20 16:08:39.955] [358979] [HailoRT] [info] [hailort_driver.cpp:617] [vdma_buffer_sync] Syncing VDMA buffer: handle=3, direction=TO_DEVICE, offset=2266608, count=18536
[2026-01-20 16:08:39.955] [358979] [HailoRT] [info] [hailort_driver.cpp:617] [vdma_buffer_sync] Syncing VDMA buffer: handle=3, direction=TO_DEVICE, offset=2285144, count=16
[2026-01-20 16:08:39.955] [358979] [HailoRT] [info] [hailort_driver.cpp:617] [vdma_buffer_sync] Syncing VDMA buffer: handle=3, direction=TO_DEVICE, offset=2285160, count=25944
[2026-01-20 16:08:39.955] [358979] [HailoRT] [info] [hailort_driver.cpp:617] [vdma_buffer_sync] Syncing VDMA buffer: handle=3, direction=TO_DEVICE, offset=2311104, count=25680
[2026-01-20 16:08:39.955] [358979] [HailoRT] [info] [hailort_driver.cpp:617] [vdma_buffer_sync] Syncing VDMA buffer: handle=3, direction=TO_DEVICE, offset=2336784, count=6720
[2026-01-20 16:08:39.955] [358979] [HailoRT] [info] [hailort_driver.cpp:617] [vdma_buffer_sync] Syncing VDMA buffer: handle=3, direction=TO_DEVICE, offset=2343504, count=25480
[2026-01-20 16:08:39.955] [358979] [HailoRT] [info] [hailort_driver.cpp:617] [vdma_buffer_sync] Syncing VDMA buffer: handle=3, direction=TO_DEVICE, offset=2368984, count=25944
[2026-01-20 16:08:39.955] [358979] [HailoRT] [info] [hailort_driver.cpp:617] [vdma_buffer_sync] Syncing VDMA buffer: handle=3, direction=TO_DEVICE, offset=2394928, count=6744
[2026-01-20 16:08:39.955] [358979] [HailoRT] [info] [hailort_driver.cpp:617] [vdma_buffer_sync] Syncing VDMA buffer: handle=3, direction=TO_DEVICE, offset=2401672, count=25160
[2026-01-20 16:08:39.955] [358979] [HailoRT] [info] [hailort_driver.cpp:617] [vdma_buffer_sync] Syncing VDMA buffer: handle=3, direction=TO_DEVICE, offset=2426832, count=25288
[2026-01-20 16:08:39.955] [358979] [HailoRT] [info] [hailort_driver.cpp:617] [vdma_buffer_sync] Syncing VDMA buffer: handle=3, direction=TO_DEVICE, offset=2452120, count=6584
[2026-01-20 16:08:39.955] [358979] [HailoRT] [info] [hailort_driver.cpp:617] [vdma_buffer_sync] Syncing VDMA buffer: handle=3, direction=TO_DEVICE, offset=2458704, count=26048
[2026-01-20 16:08:39.955] [358979] [HailoRT] [info] [hailort_driver.cpp:617] [vdma_buffer_sync] Syncing VDMA buffer: handle=3, direction=TO_DEVICE, offset=2484752, count=25464
[2026-01-20 16:08:39.955] [358979] [HailoRT] [info] [hailort_driver.cpp:617] [vdma_buffer_sync] Syncing VDMA buffer: handle=3, direction=TO_DEVICE, offset=2510216, count=6576
[2026-01-20 16:08:39.955] [358979] [HailoRT] [info] [hailort_driver.cpp:617] [vdma_buffer_sync] Syncing VDMA buffer: handle=3, direction=TO_DEVICE, offset=2516792, count=24904
[2026-01-20 16:08:39.955] [358979] [HailoRT] [info] [hailort_driver.cpp:617] [vdma_buffer_sync] Syncing VDMA buffer: handle=3, direction=TO_DEVICE, offset=2541696, count=25816
[2026-01-20 16:08:39.955] [358979] [HailoRT] [info] [hailort_driver.cpp:617] [vdma_buffer_sync] Syncing VDMA buffer: handle=3, direction=TO_DEVICE, offset=2567512, count=6696
[2026-01-20 16:08:39.955] [358979] [HailoRT] [info] [hailort_driver.cpp:617] [vdma_buffer_sync] Syncing VDMA buffer: handle=3, direction=TO_DEVICE, offset=2574208, count=25320
[2026-01-20 16:08:39.955] [358979] [HailoRT] [info] [hailort_driver.cpp:617] [vdma_buffer_sync] Syncing VDMA buffer: handle=3, direction=TO_DEVICE, offset=2599528, count=25544
[2026-01-20 16:08:39.955] [358979] [HailoRT] [info] [hailort_driver.cpp:617] [vdma_buffer_sync] Syncing VDMA buffer: handle=3, direction=TO_DEVICE, offset=2625072, count=6632
[2026-01-20 16:08:39.956] [358979] [HailoRT] [info] [hailort_driver.cpp:617] [vdma_buffer_sync] Syncing VDMA buffer: handle=3, direction=TO_DEVICE, offset=2631704, count=25280
[2026-01-20 16:08:39.956] [358979] [HailoRT] [info] [hailort_driver.cpp:617] [vdma_buffer_sync] Syncing VDMA buffer: handle=3, direction=TO_DEVICE, offset=2656984, count=25136
[2026-01-20 16:08:39.956] [358979] [HailoRT] [info] [hailort_driver.cpp:617] [vdma_buffer_sync] Syncing VDMA buffer: handle=3, direction=TO_DEVICE, offset=2682120, count=6464
[2026-01-20 16:08:39.956] [358979] [HailoRT] [info] [hailort_driver.cpp:617] [vdma_buffer_sync] Syncing VDMA buffer: handle=3, direction=TO_DEVICE, offset=2688584, count=25680
[2026-01-20 16:08:39.956] [358979] [HailoRT] [info] [hailort_driver.cpp:617] [vdma_buffer_sync] Syncing VDMA buffer: handle=3, direction=TO_DEVICE, offset=2714264, count=24976
[2026-01-20 16:08:39.956] [358979] [HailoRT] [info] [hailort_driver.cpp:617] [vdma_buffer_sync] Syncing VDMA buffer: handle=3, direction=TO_DEVICE, offset=2739240, count=6400
[2026-01-20 16:08:39.956] [358979] [HailoRT] [info] [hailort_driver.cpp:617] [vdma_buffer_sync] Syncing VDMA buffer: handle=3, direction=TO_DEVICE, offset=2745640, count=23248
[2026-01-20 16:08:39.956] [358979] [HailoRT] [info] [hailort_driver.cpp:617] [vdma_buffer_sync] Syncing VDMA buffer: handle=3, direction=TO_DEVICE, offset=2768888, count=23464
[2026-01-20 16:08:39.956] [358979] [HailoRT] [info] [hailort_driver.cpp:617] [vdma_buffer_sync] Syncing VDMA buffer: handle=3, direction=TO_DEVICE, offset=2792352, count=24640
[2026-01-20 16:08:39.956] [358979] [HailoRT] [info] [hailort_driver.cpp:617] [vdma_buffer_sync] Syncing VDMA buffer: handle=3, direction=TO_DEVICE, offset=2816992, count=25184
[2026-01-20 16:08:39.956] [358979] [HailoRT] [info] [hailort_driver.cpp:617] [vdma_buffer_sync] Syncing VDMA buffer: handle=3, direction=TO_DEVICE, offset=2842176, count=26232
[2026-01-20 16:08:39.956] [358979] [HailoRT] [info] [hailort_driver.cpp:617] [vdma_buffer_sync] Syncing VDMA buffer: handle=3, direction=TO_DEVICE, offset=2868408, count=27120
[2026-01-20 16:08:39.956] [358979] [HailoRT] [info] [hailort_driver.cpp:617] [vdma_buffer_sync] Syncing VDMA buffer: handle=3, direction=TO_DEVICE, offset=2895528, count=26624
[2026-01-20 16:08:39.956] [358979] [HailoRT] [info] [hailort_driver.cpp:617] [vdma_buffer_sync] Syncing VDMA buffer: handle=3, direction=TO_DEVICE, offset=2922152, count=25400
[2026-01-20 16:08:39.956] [358979] [HailoRT] [info] [hailort_driver.cpp:617] [vdma_buffer_sync] Syncing VDMA buffer: handle=3, direction=TO_DEVICE, offset=2947552, count=25520
[2026-01-20 16:08:39.956] [358979] [HailoRT] [info] [hailort_driver.cpp:617] [vdma_buffer_sync] Syncing VDMA buffer: handle=3, direction=TO_DEVICE, offset=2973072, count=25304
[2026-01-20 16:08:39.956] [358979] [HailoRT] [info] [hailort_driver.cpp:617] [vdma_buffer_sync] Syncing VDMA buffer: handle=3, direction=TO_DEVICE, offset=2998376, count=25392
[2026-01-20 16:08:39.956] [358979] [HailoRT] [info] [hailort_driver.cpp:617] [vdma_buffer_sync] Syncing VDMA buffer: handle=3, direction=TO_DEVICE, offset=3023768, count=26056
[2026-01-20 16:08:39.956] [358979] [HailoRT] [info] [hailort_driver.cpp:617] [vdma_buffer_sync] Syncing VDMA buffer: handle=3, direction=TO_DEVICE, offset=3049824, count=26264
[2026-01-20 16:08:39.956] [358979] [HailoRT] [info] [hailort_driver.cpp:617] [vdma_buffer_sync] Syncing VDMA buffer: handle=3, direction=TO_DEVICE, offset=3076088, count=25672
[2026-01-20 16:08:39.956] [358979] [HailoRT] [info] [hailort_driver.cpp:617] [vdma_buffer_sync] Syncing VDMA buffer: handle=3, direction=TO_DEVICE, offset=3101760, count=24952
[2026-01-20 16:08:39.956] [358979] [HailoRT] [info] [hailort_driver.cpp:617] [vdma_buffer_sync] Syncing VDMA buffer: handle=3, direction=TO_DEVICE, offset=3126712, count=25176
[2026-01-20 16:08:39.956] [358979] [HailoRT] [info] [hailort_driver.cpp:617] [vdma_buffer_sync] Syncing VDMA buffer: handle=3, direction=TO_DEVICE, offset=3151888, count=25640
[2026-01-20 16:08:39.956] [358979] [HailoRT] [info] [hailort_driver.cpp:617] [vdma_buffer_sync] Syncing VDMA buffer: handle=3, direction=TO_DEVICE, offset=3177528, count=25680
[2026-01-20 16:08:39.956] [358979] [HailoRT] [info] [hailort_driver.cpp:617] [vdma_buffer_sync] Syncing VDMA buffer: handle=3, direction=TO_DEVICE, offset=3203208, count=25376
[2026-01-20 16:08:39.956] [358979] [HailoRT] [info] [hailort_driver.cpp:617] [vdma_buffer_sync] Syncing VDMA buffer: handle=3, direction=TO_DEVICE, offset=3228584, count=25528
[2026-01-20 16:08:39.956] [358979] [HailoRT] [info] [hailort_driver.cpp:617] [vdma_buffer_sync] Syncing VDMA buffer: handle=3, direction=TO_DEVICE, offset=3254112, count=24752
[2026-01-20 16:08:39.956] [358979] [HailoRT] [info] [hailort_driver.cpp:617] [vdma_buffer_sync] Syncing VDMA buffer: handle=3, direction=TO_DEVICE, offset=3278864, count=24488
[2026-01-20 16:08:39.956] [358979] [HailoRT] [info] [hailort_driver.cpp:617] [vdma_buffer_sync] Syncing VDMA buffer: handle=3, direction=TO_DEVICE, offset=3303352, count=24992
[2026-01-20 16:08:39.956] [358979] [HailoRT] [info] [hailort_driver.cpp:617] [vdma_buffer_sync] Syncing VDMA buffer: handle=3, direction=TO_DEVICE, offset=3328344, count=25440
[2026-01-20 16:08:39.956] [358979] [HailoRT] [info] [hailort_driver.cpp:617] [vdma_buffer_sync] Syncing VDMA buffer: handle=3, direction=TO_DEVICE, offset=3353784, count=25192
[2026-01-20 16:08:39.956] [358979] [HailoRT] [info] [hailort_driver.cpp:617] [vdma_buffer_sync] Syncing VDMA buffer: handle=3, direction=TO_DEVICE, offset=3378976, count=24696
[2026-01-20 16:08:39.956] [358979] [HailoRT] [info] [hailort_driver.cpp:617] [vdma_buffer_sync] Syncing VDMA buffer: handle=3, direction=TO_DEVICE, offset=3403672, count=24856
[2026-01-20 16:08:39.956] [358979] [HailoRT] [info] [hailort_driver.cpp:617] [vdma_buffer_sync] Syncing VDMA buffer: handle=3, direction=TO_DEVICE, offset=3428528, count=24856
[2026-01-20 16:08:39.956] [358979] [HailoRT] [info] [hailort_driver.cpp:617] [vdma_buffer_sync] Syncing VDMA buffer: handle=3, direction=TO_DEVICE, offset=3453384, count=25040
[2026-01-20 16:08:39.956] [358979] [HailoRT] [info] [hailort_driver.cpp:617] [vdma_buffer_sync] Syncing VDMA buffer: handle=3, direction=TO_DEVICE, offset=3478424, count=25848
[2026-01-20 16:08:39.957] [358979] [HailoRT] [info] [hailort_driver.cpp:617] [vdma_buffer_sync] Syncing VDMA buffer: handle=3, direction=TO_DEVICE, offset=3504272, count=26112
[2026-01-20 16:08:39.957] [358979] [HailoRT] [info] [hailort_driver.cpp:617] [vdma_buffer_sync] Syncing VDMA buffer: handle=3, direction=TO_DEVICE, offset=3530384, count=26160
[2026-01-20 16:08:39.957] [358979] [HailoRT] [info] [hailort_driver.cpp:617] [vdma_buffer_sync] Syncing VDMA buffer: handle=3, direction=TO_DEVICE, offset=3556544, count=25904
[2026-01-20 16:08:39.957] [358979] [HailoRT] [info] [hailort_driver.cpp:617] [vdma_buffer_sync] Syncing VDMA buffer: handle=3, direction=TO_DEVICE, offset=3582448, count=25976
[2026-01-20 16:08:39.957] [358979] [HailoRT] [info] [hailort_driver.cpp:617] [vdma_buffer_sync] Syncing VDMA buffer: handle=3, direction=TO_DEVICE, offset=3608424, count=25480
[2026-01-20 16:08:39.957] [358979] [HailoRT] [info] [hailort_driver.cpp:617] [vdma_buffer_sync] Syncing VDMA buffer: handle=3, direction=TO_DEVICE, offset=3633904, count=25496
[2026-01-20 16:08:39.957] [358979] [HailoRT] [info] [hailort_driver.cpp:617] [vdma_buffer_sync] Syncing VDMA buffer: handle=3, direction=TO_DEVICE, offset=3659400, count=24120
[2026-01-20 16:08:39.957] [358979] [HailoRT] [info] [hailort_driver.cpp:617] [vdma_buffer_sync] Syncing VDMA buffer: handle=3, direction=TO_DEVICE, offset=3683520, count=24160
[2026-01-20 16:08:39.957] [358979] [HailoRT] [info] [hailort_driver.cpp:617] [vdma_buffer_sync] Syncing VDMA buffer: handle=3, direction=TO_DEVICE, offset=3707680, count=23848
[2026-01-20 16:08:39.957] [358979] [HailoRT] [info] [hailort_driver.cpp:617] [vdma_buffer_sync] Syncing VDMA buffer: handle=3, direction=TO_DEVICE, offset=3731528, count=23864
[2026-01-20 16:08:39.957] [358979] [HailoRT] [info] [hailort_driver.cpp:617] [vdma_buffer_sync] Syncing VDMA buffer: handle=3, direction=TO_DEVICE, offset=3755392, count=24696
[2026-01-20 16:08:39.957] [358979] [HailoRT] [info] [hailort_driver.cpp:617] [vdma_buffer_sync] Syncing VDMA buffer: handle=3, direction=TO_DEVICE, offset=3780088, count=25496
[2026-01-20 16:08:39.957] [358979] [HailoRT] [info] [hailort_driver.cpp:617] [vdma_buffer_sync] Syncing VDMA buffer: handle=3, direction=TO_DEVICE, offset=3805584, count=25744
[2026-01-20 16:08:39.957] [358979] [HailoRT] [info] [hailort_driver.cpp:617] [vdma_buffer_sync] Syncing VDMA buffer: handle=3, direction=TO_DEVICE, offset=3831328, count=26336
[2026-01-20 16:08:39.957] [358979] [HailoRT] [info] [hailort_driver.cpp:617] [vdma_buffer_sync] Syncing VDMA buffer: handle=3, direction=TO_DEVICE, offset=3857664, count=26400
[2026-01-20 16:08:39.957] [358979] [HailoRT] [info] [hailort_driver.cpp:617] [vdma_buffer_sync] Syncing VDMA buffer: handle=3, direction=TO_DEVICE, offset=3884064, count=25592
[2026-01-20 16:08:39.957] [358979] [HailoRT] [info] [hailort_driver.cpp:617] [vdma_buffer_sync] Syncing VDMA buffer: handle=3, direction=TO_DEVICE, offset=3909656, count=25680
[2026-01-20 16:08:39.957] [358979] [HailoRT] [info] [hailort_driver.cpp:617] [vdma_buffer_sync] Syncing VDMA buffer: handle=3, direction=TO_DEVICE, offset=3935336, count=27104
[2026-01-20 16:08:39.957] [358979] [HailoRT] [info] [hailort_driver.cpp:617] [vdma_buffer_sync] Syncing VDMA buffer: handle=3, direction=TO_DEVICE, offset=3962440, count=27688
[2026-01-20 16:08:39.957] [358979] [HailoRT] [info] [hailort_driver.cpp:617] [vdma_buffer_sync] Syncing VDMA buffer: handle=3, direction=TO_DEVICE, offset=3990128, count=26296
[2026-01-20 16:08:39.957] [358979] [HailoRT] [info] [hailort_driver.cpp:617] [vdma_buffer_sync] Syncing VDMA buffer: handle=3, direction=TO_DEVICE, offset=4016424, count=24744
[2026-01-20 16:08:39.957] [358979] [HailoRT] [info] [hailort_driver.cpp:617] [vdma_buffer_sync] Syncing VDMA buffer: handle=3, direction=TO_DEVICE, offset=4041168, count=24696
[2026-01-20 16:08:39.957] [358979] [HailoRT] [info] [hailort_driver.cpp:617] [vdma_buffer_sync] Syncing VDMA buffer: handle=3, direction=TO_DEVICE, offset=4065864, count=24864
[2026-01-20 16:08:39.957] [358979] [HailoRT] [info] [hailort_driver.cpp:617] [vdma_buffer_sync] Syncing VDMA buffer: handle=3, direction=TO_DEVICE, offset=4090728, count=24944
[2026-01-20 16:08:39.957] [358979] [HailoRT] [info] [hailort_driver.cpp:617] [vdma_buffer_sync] Syncing VDMA buffer: handle=3, direction=TO_DEVICE, offset=4115672, count=23672
[2026-01-20 16:08:39.957] [358979] [HailoRT] [info] [hailort_driver.cpp:617] [vdma_buffer_sync] Syncing VDMA buffer: handle=3, direction=TO_DEVICE, offset=4139344, count=23696
[2026-01-20 16:08:39.957] [358979] [HailoRT] [info] [hailort_driver.cpp:617] [vdma_buffer_sync] Syncing VDMA buffer: handle=3, direction=TO_DEVICE, offset=4163040, count=25096
[2026-01-20 16:08:39.957] [358979] [HailoRT] [info] [hailort_driver.cpp:617] [vdma_buffer_sync] Syncing VDMA buffer: handle=3, direction=TO_DEVICE, offset=4188136, count=25840
[2026-01-20 16:08:39.957] [358979] [HailoRT] [info] [hailort_driver.cpp:617] [vdma_buffer_sync] Syncing VDMA buffer: handle=3, direction=TO_DEVICE, offset=4213976, count=25472
[2026-01-20 16:08:39.957] [358979] [HailoRT] [info] [hailort_driver.cpp:617] [vdma_buffer_sync] Syncing VDMA buffer: handle=3, direction=TO_DEVICE, offset=4239448, count=25072
[2026-01-20 16:08:39.957] [358979] [HailoRT] [info] [hailort_driver.cpp:617] [vdma_buffer_sync] Syncing VDMA buffer: handle=3, direction=TO_DEVICE, offset=4264520, count=25072
[2026-01-20 16:08:39.957] [358979] [HailoRT] [info] [hailort_driver.cpp:617] [vdma_buffer_sync] Syncing VDMA buffer: handle=3, direction=TO_DEVICE, offset=4289592, count=24688
[2026-01-20 16:08:39.957] [358979] [HailoRT] [info] [hailort_driver.cpp:617] [vdma_buffer_sync] Syncing VDMA buffer: handle=3, direction=TO_DEVICE, offset=4314280, count=24856
[2026-01-20 16:08:39.957] [358979] [HailoRT] [info] [hailort_driver.cpp:617] [vdma_buffer_sync] Syncing VDMA buffer: handle=3, direction=TO_DEVICE, offset=4339136, count=26688
[2026-01-20 16:08:39.957] [358979] [HailoRT] [info] [hailort_driver.cpp:617] [vdma_buffer_sync] Syncing VDMA buffer: handle=3, direction=TO_DEVICE, offset=4365824, count=26800
[2026-01-20 16:08:39.958] [358979] [HailoRT] [info] [hailort_driver.cpp:617] [vdma_buffer_sync] Syncing VDMA buffer: handle=3, direction=TO_DEVICE, offset=4392624, count=25552
[2026-01-20 16:08:39.958] [358979] [HailoRT] [info] [hailort_driver.cpp:617] [vdma_buffer_sync] Syncing VDMA buffer: handle=3, direction=TO_DEVICE, offset=4418176, count=25376
[2026-01-20 16:08:39.958] [358979] [HailoRT] [info] [hailort_driver.cpp:617] [vdma_buffer_sync] Syncing VDMA buffer: handle=3, direction=TO_DEVICE, offset=4443552, count=25280
[2026-01-20 16:08:39.958] [358979] [HailoRT] [info] [hailort_driver.cpp:617] [vdma_buffer_sync] Syncing VDMA buffer: handle=3, direction=TO_DEVICE, offset=4468832, count=25040
[2026-01-20 16:08:39.958] [358979] [HailoRT] [info] [hailort_driver.cpp:617] [vdma_buffer_sync] Syncing VDMA buffer: handle=3, direction=TO_DEVICE, offset=4493872, count=25256
[2026-01-20 16:08:39.958] [358979] [HailoRT] [info] [hailort_driver.cpp:617] [vdma_buffer_sync] Syncing VDMA buffer: handle=3, direction=TO_DEVICE, offset=4519128, count=25696
[2026-01-20 16:08:39.958] [358979] [HailoRT] [info] [hailort_driver.cpp:617] [vdma_buffer_sync] Syncing VDMA buffer: handle=3, direction=TO_DEVICE, offset=4544824, count=25840
[2026-01-20 16:08:39.958] [358979] [HailoRT] [info] [hailort_driver.cpp:617] [vdma_buffer_sync] Syncing VDMA buffer: handle=3, direction=TO_DEVICE, offset=4570664, count=22976
[2026-01-20 16:08:39.958] [358979] [HailoRT] [info] [hailort_driver.cpp:617] [vdma_buffer_sync] Syncing VDMA buffer: handle=3, direction=TO_DEVICE, offset=4593640, count=23016
[2026-01-20 16:08:39.958] [358979] [HailoRT] [info] [hailort_driver.cpp:617] [vdma_buffer_sync] Syncing VDMA buffer: handle=3, direction=TO_DEVICE, offset=4616656, count=22264
[2026-01-20 16:08:39.958] [358979] [HailoRT] [info] [hailort_driver.cpp:617] [vdma_buffer_sync] Syncing VDMA buffer: handle=3, direction=TO_DEVICE, offset=4638920, count=22440
[2026-01-20 16:08:39.958] [358979] [HailoRT] [info] [hailort_driver.cpp:617] [vdma_buffer_sync] Syncing VDMA buffer: handle=3, direction=TO_DEVICE, offset=4661360, count=22432
[2026-01-20 16:08:39.958] [358979] [HailoRT] [info] [hailort_driver.cpp:617] [vdma_buffer_sync] Syncing VDMA buffer: handle=3, direction=TO_DEVICE, offset=4683792, count=22536
[2026-01-20 16:08:39.958] [358979] [HailoRT] [info] [hailort_driver.cpp:617] [vdma_buffer_sync] Syncing VDMA buffer: handle=3, direction=TO_DEVICE, offset=4706328, count=22384
[2026-01-20 16:08:39.958] [358979] [HailoRT] [info] [hailort_driver.cpp:617] [vdma_buffer_sync] Syncing VDMA buffer: handle=3, direction=TO_DEVICE, offset=4728712, count=22504
[2026-01-20 16:08:39.958] [358979] [HailoRT] [info] [hailort_driver.cpp:617] [vdma_buffer_sync] Syncing VDMA buffer: handle=3, direction=TO_DEVICE, offset=4751216, count=22944
[2026-01-20 16:08:39.958] [358979] [HailoRT] [info] [hailort_driver.cpp:617] [vdma_buffer_sync] Syncing VDMA buffer: handle=3, direction=TO_DEVICE, offset=4774160, count=23128
[2026-01-20 16:08:39.958] [358979] [HailoRT] [info] [hailort_driver.cpp:617] [vdma_buffer_sync] Syncing VDMA buffer: handle=3, direction=TO_DEVICE, offset=4797288, count=22096
[2026-01-20 16:08:39.958] [358979] [HailoRT] [info] [hailort_driver.cpp:617] [vdma_buffer_sync] Syncing VDMA buffer: handle=3, direction=TO_DEVICE, offset=4819384, count=22192
[2026-01-20 16:08:39.958] [358979] [HailoRT] [info] [hailort_driver.cpp:617] [vdma_buffer_sync] Syncing VDMA buffer: handle=3, direction=TO_DEVICE, offset=4841576, count=22752
[2026-01-20 16:08:39.958] [358979] [HailoRT] [info] [hailort_driver.cpp:617] [vdma_buffer_sync] Syncing VDMA buffer: handle=3, direction=TO_DEVICE, offset=4864328, count=22848
[2026-01-20 16:08:39.958] [358979] [HailoRT] [info] [hailort_driver.cpp:617] [vdma_buffer_sync] Syncing VDMA buffer: handle=3, direction=TO_DEVICE, offset=4887176, count=22576
[2026-01-20 16:08:39.958] [358979] [HailoRT] [info] [hailort_driver.cpp:617] [vdma_buffer_sync] Syncing VDMA buffer: handle=3, direction=TO_DEVICE, offset=4909752, count=22664
[2026-01-20 16:08:39.958] [358979] [HailoRT] [info] [hailort_driver.cpp:617] [vdma_buffer_sync] Syncing VDMA buffer: handle=3, direction=TO_DEVICE, offset=4932416, count=22736
[2026-01-20 16:08:39.958] [358979] [HailoRT] [info] [hailort_driver.cpp:617] [vdma_buffer_sync] Syncing VDMA buffer: handle=3, direction=TO_DEVICE, offset=4955152, count=22880
[2026-01-20 16:08:39.958] [358979] [HailoRT] [info] [hailort_driver.cpp:617] [vdma_buffer_sync] Syncing VDMA buffer: handle=3, direction=TO_DEVICE, offset=4978032, count=22864
[2026-01-20 16:08:39.958] [358979] [HailoRT] [info] [hailort_driver.cpp:617] [vdma_buffer_sync] Syncing VDMA buffer: handle=3, direction=TO_DEVICE, offset=5000896, count=22960
[2026-01-20 16:08:39.958] [358979] [HailoRT] [info] [hailort_driver.cpp:617] [vdma_buffer_sync] Syncing VDMA buffer: handle=3, direction=TO_DEVICE, offset=5023856, count=22824
[2026-01-20 16:08:39.958] [358979] [HailoRT] [info] [hailort_driver.cpp:617] [vdma_buffer_sync] Syncing VDMA buffer: handle=3, direction=TO_DEVICE, offset=5046680, count=22856
[2026-01-20 16:08:39.958] [358979] [HailoRT] [info] [hailort_driver.cpp:617] [vdma_buffer_sync] Syncing VDMA buffer: handle=3, direction=TO_DEVICE, offset=5069536, count=22472
[2026-01-20 16:08:39.958] [358979] [HailoRT] [info] [hailort_driver.cpp:617] [vdma_buffer_sync] Syncing VDMA buffer: handle=3, direction=TO_DEVICE, offset=5092008, count=22688
[2026-01-20 16:08:39.958] [358979] [HailoRT] [info] [hailort_driver.cpp:617] [vdma_buffer_sync] Syncing VDMA buffer: handle=3, direction=TO_DEVICE, offset=5114696, count=22784
[2026-01-20 16:08:39.958] [358979] [HailoRT] [info] [hailort_driver.cpp:617] [vdma_buffer_sync] Syncing VDMA buffer: handle=3, direction=TO_DEVICE, offset=5137480, count=22832
[2026-01-20 16:08:39.958] [358979] [HailoRT] [info] [hailort_driver.cpp:617] [vdma_buffer_sync] Syncing VDMA buffer: handle=3, direction=TO_DEVICE, offset=5160312, count=22688
[2026-01-20 16:08:39.958] [358979] [HailoRT] [info] [hailort_driver.cpp:617] [vdma_buffer_sync] Syncing VDMA buffer: handle=3, direction=TO_DEVICE, offset=5183000, count=22784
[2026-01-20 16:08:39.958] [358979] [HailoRT] [info] [hailort_driver.cpp:617] [vdma_buffer_sync] Syncing VDMA buffer: handle=3, direction=TO_DEVICE, offset=5205784, count=22576
[2026-01-20 16:08:39.958] [358979] [HailoRT] [info] [hailort_driver.cpp:617] [vdma_buffer_sync] Syncing VDMA buffer: handle=3, direction=TO_DEVICE, offset=5228360, count=22648
[2026-01-20 16:08:39.958] [358979] [HailoRT] [info] [hailort_driver.cpp:617] [vdma_buffer_sync] Syncing VDMA buffer: handle=3, direction=TO_DEVICE, offset=5251008, count=22592
[2026-01-20 16:08:39.959] [358979] [HailoRT] [info] [hailort_driver.cpp:617] [vdma_buffer_sync] Syncing VDMA buffer: handle=3, direction=TO_DEVICE, offset=5273600, count=22688
[2026-01-20 16:08:39.959] [358979] [HailoRT] [info] [hailort_driver.cpp:617] [vdma_buffer_sync] Syncing VDMA buffer: handle=3, direction=TO_DEVICE, offset=5296288, count=16
[2026-01-20 16:08:39.959] [358979] [HailoRT] [info] [hailort_driver.cpp:617] [vdma_buffer_sync] Syncing VDMA buffer: handle=3, direction=TO_DEVICE, offset=5296304, count=16
[2026-01-20 16:08:39.959] [358979] [HailoRT] [info] [hailort_driver.cpp:649] [descriptors_list_program] Programming descriptor list: desc_handle=24576, buffer_handle=3, buffer_size=5296320, buffer_offset=0, channel_index=1, starting_desc=0
[2026-01-20 16:08:39.959] [358979] [HailoRT] [info] [config_buffer.cpp:171] [program_descriptors] ConfigBuffer::program_descriptors: Channel 0:1. Programming 10345 descriptors. Offset: 5296320
[2026-01-20 16:08:39.959] [358979] [HailoRT] [info] [context_switch_actions.cpp:251] [write_to_config_buffer] WriteDataCcwAction: Writing Config Data. Total Size: 5400688 bytes. Stream Index: 0
[2026-01-20 16:08:39.959] [358979] [HailoRT] [info] [hailort_driver.cpp:617] [vdma_buffer_sync] Syncing VDMA buffer: handle=2, direction=TO_DEVICE, offset=0, count=256
[2026-01-20 16:08:39.959] [358979] [HailoRT] [info] [hailort_driver.cpp:617] [vdma_buffer_sync] Syncing VDMA buffer: handle=2, direction=TO_DEVICE, offset=256, count=72
[2026-01-20 16:08:39.959] [358979] [HailoRT] [info] [hailort_driver.cpp:617] [vdma_buffer_sync] Syncing VDMA buffer: handle=2, direction=TO_DEVICE, offset=328, count=22568
[2026-01-20 16:08:39.959] [358979] [HailoRT] [info] [hailort_driver.cpp:617] [vdma_buffer_sync] Syncing VDMA buffer: handle=2, direction=TO_DEVICE, offset=22896, count=72
[2026-01-20 16:08:39.959] [358979] [HailoRT] [info] [hailort_driver.cpp:617] [vdma_buffer_sync] Syncing VDMA buffer: handle=2, direction=TO_DEVICE, offset=22968, count=17992
[2026-01-20 16:08:39.959] [358979] [HailoRT] [info] [hailort_driver.cpp:617] [vdma_buffer_sync] Syncing VDMA buffer: handle=2, direction=TO_DEVICE, offset=40960, count=72
[2026-01-20 16:08:39.959] [358979] [HailoRT] [info] [hailort_driver.cpp:617] [vdma_buffer_sync] Syncing VDMA buffer: handle=2, direction=TO_DEVICE, offset=41032, count=17624
[2026-01-20 16:08:39.959] [358979] [HailoRT] [info] [hailort_driver.cpp:617] [vdma_buffer_sync] Syncing VDMA buffer: handle=2, direction=TO_DEVICE, offset=58656, count=72
[2026-01-20 16:08:39.959] [358979] [HailoRT] [info] [hailort_driver.cpp:617] [vdma_buffer_sync] Syncing VDMA buffer: handle=2, direction=TO_DEVICE, offset=58728, count=19304
[2026-01-20 16:08:39.959] [358979] [HailoRT] [info] [hailort_driver.cpp:617] [vdma_buffer_sync] Syncing VDMA buffer: handle=2, direction=TO_DEVICE, offset=78032, count=19568
[2026-01-20 16:08:39.959] [358979] [HailoRT] [info] [hailort_driver.cpp:617] [vdma_buffer_sync] Syncing VDMA buffer: handle=2, direction=TO_DEVICE, offset=97600, count=21104
[2026-01-20 16:08:39.959] [358979] [HailoRT] [info] [hailort_driver.cpp:617] [vdma_buffer_sync] Syncing VDMA buffer: handle=2, direction=TO_DEVICE, offset=118704, count=25688
[2026-01-20 16:08:39.959] [358979] [HailoRT] [info] [hailort_driver.cpp:617] [vdma_buffer_sync] Syncing VDMA buffer: handle=2, direction=TO_DEVICE, offset=144392, count=21952
[2026-01-20 16:08:39.959] [358979] [HailoRT] [info] [hailort_driver.cpp:617] [vdma_buffer_sync] Syncing VDMA buffer: handle=2, direction=TO_DEVICE, offset=166344, count=17056
[2026-01-20 16:08:39.959] [358979] [HailoRT] [info] [hailort_driver.cpp:617] [vdma_buffer_sync] Syncing VDMA buffer: handle=2, direction=TO_DEVICE, offset=183400, count=17112
[2026-01-20 16:08:39.959] [358979] [HailoRT] [info] [hailort_driver.cpp:617] [vdma_buffer_sync] Syncing VDMA buffer: handle=2, direction=TO_DEVICE, offset=200512, count=17336
[2026-01-20 16:08:39.959] [358979] [HailoRT] [info] [hailort_driver.cpp:617] [vdma_buffer_sync] Syncing VDMA buffer: handle=2, direction=TO_DEVICE, offset=217848, count=18224
[2026-01-20 16:08:39.959] [358979] [HailoRT] [info] [hailort_driver.cpp:617] [vdma_buffer_sync] Syncing VDMA buffer: handle=2, direction=TO_DEVICE, offset=236072, count=19208
[2026-01-20 16:08:39.959] [358979] [HailoRT] [info] [hailort_driver.cpp:617] [vdma_buffer_sync] Syncing VDMA buffer: handle=2, direction=TO_DEVICE, offset=255280, count=20824
[2026-01-20 16:08:39.959] [358979] [HailoRT] [info] [hailort_driver.cpp:617] [vdma_buffer_sync] Syncing VDMA buffer: handle=2, direction=TO_DEVICE, offset=276104, count=22584
[2026-01-20 16:08:39.959] [358979] [HailoRT] [info] [hailort_driver.cpp:617] [vdma_buffer_sync] Syncing VDMA buffer: handle=2, direction=TO_DEVICE, offset=298688, count=17792
[2026-01-20 16:08:39.959] [358979] [HailoRT] [info] [hailort_driver.cpp:617] [vdma_buffer_sync] Syncing VDMA buffer: handle=2, direction=TO_DEVICE, offset=316480, count=17752
[2026-01-20 16:08:39.959] [358979] [HailoRT] [info] [hailort_driver.cpp:617] [vdma_buffer_sync] Syncing VDMA buffer: handle=2, direction=TO_DEVICE, offset=334232, count=17728
[2026-01-20 16:08:39.959] [358979] [HailoRT] [info] [hailort_driver.cpp:617] [vdma_buffer_sync] Syncing VDMA buffer: handle=2, direction=TO_DEVICE, offset=351960, count=17792
[2026-01-20 16:08:39.959] [358979] [HailoRT] [info] [hailort_driver.cpp:617] [vdma_buffer_sync] Syncing VDMA buffer: handle=2, direction=TO_DEVICE, offset=369752, count=11296
[2026-01-20 16:08:39.959] [358979] [HailoRT] [info] [hailort_driver.cpp:617] [vdma_buffer_sync] Syncing VDMA buffer: handle=2, direction=TO_DEVICE, offset=381048, count=16
[2026-01-20 16:08:39.959] [358979] [HailoRT] [info] [hailort_driver.cpp:617] [vdma_buffer_sync] Syncing VDMA buffer: handle=2, direction=TO_DEVICE, offset=381064, count=25144
[2026-01-20 16:08:39.959] [358979] [HailoRT] [info] [hailort_driver.cpp:617] [vdma_buffer_sync] Syncing VDMA buffer: handle=2, direction=TO_DEVICE, offset=406208, count=19280
[2026-01-20 16:08:39.959] [358979] [HailoRT] [info] [hailort_driver.cpp:617] [vdma_buffer_sync] Syncing VDMA buffer: handle=2, direction=TO_DEVICE, offset=425488, count=16
[2026-01-20 16:08:39.959] [358979] [HailoRT] [info] [hailort_driver.cpp:617] [vdma_buffer_sync] Syncing VDMA buffer: handle=2, direction=TO_DEVICE, offset=425504, count=17384
[2026-01-20 16:08:39.959] [358979] [HailoRT] [info] [hailort_driver.cpp:617] [vdma_buffer_sync] Syncing VDMA buffer: handle=2, direction=TO_DEVICE, offset=442888, count=16
[2026-01-20 16:08:39.959] [358979] [HailoRT] [info] [hailort_driver.cpp:617] [vdma_buffer_sync] Syncing VDMA buffer: handle=2, direction=TO_DEVICE, offset=442904, count=4456
[2026-01-20 16:08:39.959] [358979] [HailoRT] [info] [hailort_driver.cpp:617] [vdma_buffer_sync] Syncing VDMA buffer: handle=2, direction=TO_DEVICE, offset=447360, count=16
[2026-01-20 16:08:39.959] [358979] [HailoRT] [info] [hailort_driver.cpp:617] [vdma_buffer_sync] Syncing VDMA buffer: handle=2, direction=TO_DEVICE, offset=447376, count=2408
[2026-01-20 16:08:39.959] [358979] [HailoRT] [info] [hailort_driver.cpp:617] [vdma_buffer_sync] Syncing VDMA buffer: handle=2, direction=TO_DEVICE, offset=449784, count=80
[2026-01-20 16:08:39.959] [358979] [HailoRT] [info] [hailort_driver.cpp:617] [vdma_buffer_sync] Syncing VDMA buffer: handle=2, direction=TO_DEVICE, offset=449864, count=104
[2026-01-20 16:08:39.959] [358979] [HailoRT] [info] [hailort_driver.cpp:617] [vdma_buffer_sync] Syncing VDMA buffer: handle=2, direction=TO_DEVICE, offset=449968, count=80
[2026-01-20 16:08:39.959] [358979] [HailoRT] [info] [hailort_driver.cpp:617] [vdma_buffer_sync] Syncing VDMA buffer: handle=2, direction=TO_DEVICE, offset=450048, count=104
[2026-01-20 16:08:39.959] [358979] [HailoRT] [info] [hailort_driver.cpp:617] [vdma_buffer_sync] Syncing VDMA buffer: handle=2, direction=TO_DEVICE, offset=450152, count=2440
[2026-01-20 16:08:39.959] [358979] [HailoRT] [info] [hailort_driver.cpp:617] [vdma_buffer_sync] Syncing VDMA buffer: handle=2, direction=TO_DEVICE, offset=452592, count=312
[2026-01-20 16:08:39.959] [358979] [HailoRT] [info] [hailort_driver.cpp:617] [vdma_buffer_sync] Syncing VDMA buffer: handle=2, direction=TO_DEVICE, offset=452904, count=2288
[2026-01-20 16:08:39.959] [358979] [HailoRT] [info] [hailort_driver.cpp:617] [vdma_buffer_sync] Syncing VDMA buffer: handle=2, direction=TO_DEVICE, offset=455192, count=248
[2026-01-20 16:08:39.960] [358979] [HailoRT] [info] [hailort_driver.cpp:617] [vdma_buffer_sync] Syncing VDMA buffer: handle=2, direction=TO_DEVICE, offset=455440, count=248
[2026-01-20 16:08:39.960] [358979] [HailoRT] [info] [hailort_driver.cpp:617] [vdma_buffer_sync] Syncing VDMA buffer: handle=2, direction=TO_DEVICE, offset=455688, count=248
[2026-01-20 16:08:39.960] [358979] [HailoRT] [info] [hailort_driver.cpp:617] [vdma_buffer_sync] Syncing VDMA buffer: handle=2, direction=TO_DEVICE, offset=455936, count=248
[2026-01-20 16:08:39.960] [358979] [HailoRT] [info] [hailort_driver.cpp:617] [vdma_buffer_sync] Syncing VDMA buffer: handle=2, direction=TO_DEVICE, offset=456184, count=16
[2026-01-20 16:08:39.960] [358979] [HailoRT] [info] [hailort_driver.cpp:617] [vdma_buffer_sync] Syncing VDMA buffer: handle=2, direction=TO_DEVICE, offset=456200, count=2824
[2026-01-20 16:08:39.960] [358979] [HailoRT] [info] [hailort_driver.cpp:617] [vdma_buffer_sync] Syncing VDMA buffer: handle=2, direction=TO_DEVICE, offset=459024, count=6624
[2026-01-20 16:08:39.960] [358979] [HailoRT] [info] [hailort_driver.cpp:617] [vdma_buffer_sync] Syncing VDMA buffer: handle=2, direction=TO_DEVICE, offset=465648, count=6936
[2026-01-20 16:08:39.960] [358979] [HailoRT] [info] [hailort_driver.cpp:617] [vdma_buffer_sync] Syncing VDMA buffer: handle=2, direction=TO_DEVICE, offset=472584, count=6896
[2026-01-20 16:08:39.960] [358979] [HailoRT] [info] [hailort_driver.cpp:617] [vdma_buffer_sync] Syncing VDMA buffer: handle=2, direction=TO_DEVICE, offset=479480, count=6624
[2026-01-20 16:08:39.960] [358979] [HailoRT] [info] [hailort_driver.cpp:617] [vdma_buffer_sync] Syncing VDMA buffer: handle=2, direction=TO_DEVICE, offset=486104, count=2744
[2026-01-20 16:08:39.960] [358979] [HailoRT] [info] [hailort_driver.cpp:617] [vdma_buffer_sync] Syncing VDMA buffer: handle=2, direction=TO_DEVICE, offset=488848, count=2744
[2026-01-20 16:08:39.960] [358979] [HailoRT] [info] [hailort_driver.cpp:617] [vdma_buffer_sync] Syncing VDMA buffer: handle=2, direction=TO_DEVICE, offset=491592, count=2728
[2026-01-20 16:08:39.960] [358979] [HailoRT] [info] [hailort_driver.cpp:617] [vdma_buffer_sync] Syncing VDMA buffer: handle=2, direction=TO_DEVICE, offset=494320, count=2840
[2026-01-20 16:08:39.960] [358979] [HailoRT] [info] [hailort_driver.cpp:617] [vdma_buffer_sync] Syncing VDMA buffer: handle=2, direction=TO_DEVICE, offset=497160, count=2688
[2026-01-20 16:08:39.960] [358979] [HailoRT] [info] [hailort_driver.cpp:617] [vdma_buffer_sync] Syncing VDMA buffer: handle=2, direction=TO_DEVICE, offset=499848, count=2752
[2026-01-20 16:08:39.960] [358979] [HailoRT] [info] [hailort_driver.cpp:617] [vdma_buffer_sync] Syncing VDMA buffer: handle=2, direction=TO_DEVICE, offset=502600, count=2704
[2026-01-20 16:08:39.960] [358979] [HailoRT] [info] [hailort_driver.cpp:617] [vdma_buffer_sync] Syncing VDMA buffer: handle=2, direction=TO_DEVICE, offset=505304, count=2744
[2026-01-20 16:08:39.960] [358979] [HailoRT] [info] [hailort_driver.cpp:617] [vdma_buffer_sync] Syncing VDMA buffer: handle=2, direction=TO_DEVICE, offset=508048, count=4168
[2026-01-20 16:08:39.960] [358979] [HailoRT] [info] [hailort_driver.cpp:617] [vdma_buffer_sync] Syncing VDMA buffer: handle=2, direction=TO_DEVICE, offset=512216, count=3888
[2026-01-20 16:08:39.960] [358979] [HailoRT] [info] [hailort_driver.cpp:617] [vdma_buffer_sync] Syncing VDMA buffer: handle=2, direction=TO_DEVICE, offset=516104, count=4080
[2026-01-20 16:08:39.960] [358979] [HailoRT] [info] [hailort_driver.cpp:617] [vdma_buffer_sync] Syncing VDMA buffer: handle=2, direction=TO_DEVICE, offset=520184, count=16
[2026-01-20 16:08:39.960] [358979] [HailoRT] [info] [hailort_driver.cpp:617] [vdma_buffer_sync] Syncing VDMA buffer: handle=2, direction=TO_DEVICE, offset=520200, count=2472
[2026-01-20 16:08:39.960] [358979] [HailoRT] [info] [hailort_driver.cpp:617] [vdma_buffer_sync] Syncing VDMA buffer: handle=2, direction=TO_DEVICE, offset=522672, count=2440
[2026-01-20 16:08:39.960] [358979] [HailoRT] [info] [hailort_driver.cpp:617] [vdma_buffer_sync] Syncing VDMA buffer: handle=2, direction=TO_DEVICE, offset=525112, count=4448
[2026-01-20 16:08:39.960] [358979] [HailoRT] [info] [hailort_driver.cpp:617] [vdma_buffer_sync] Syncing VDMA buffer: handle=2, direction=TO_DEVICE, offset=529560, count=4400
[2026-01-20 16:08:39.960] [358979] [HailoRT] [info] [hailort_driver.cpp:617] [vdma_buffer_sync] Syncing VDMA buffer: handle=2, direction=TO_DEVICE, offset=533960, count=3952
[2026-01-20 16:08:39.960] [358979] [HailoRT] [info] [hailort_driver.cpp:617] [vdma_buffer_sync] Syncing VDMA buffer: handle=2, direction=TO_DEVICE, offset=537912, count=8648
[2026-01-20 16:08:39.960] [358979] [HailoRT] [info] [hailort_driver.cpp:617] [vdma_buffer_sync] Syncing VDMA buffer: handle=2, direction=TO_DEVICE, offset=546560, count=8768
[2026-01-20 16:08:39.960] [358979] [HailoRT] [info] [hailort_driver.cpp:617] [vdma_buffer_sync] Syncing VDMA buffer: handle=2, direction=TO_DEVICE, offset=555328, count=8360
[2026-01-20 16:08:39.960] [358979] [HailoRT] [info] [hailort_driver.cpp:617] [vdma_buffer_sync] Syncing VDMA buffer: handle=2, direction=TO_DEVICE, offset=563688, count=8440
[2026-01-20 16:08:39.960] [358979] [HailoRT] [info] [hailort_driver.cpp:617] [vdma_buffer_sync] Syncing VDMA buffer: handle=2, direction=TO_DEVICE, offset=572128, count=2296
[2026-01-20 16:08:39.960] [358979] [HailoRT] [info] [hailort_driver.cpp:617] [vdma_buffer_sync] Syncing VDMA buffer: handle=2, direction=TO_DEVICE, offset=574424, count=2400
[2026-01-20 16:08:39.960] [358979] [HailoRT] [info] [hailort_driver.cpp:617] [vdma_buffer_sync] Syncing VDMA buffer: handle=2, direction=TO_DEVICE, offset=576824, count=2312
[2026-01-20 16:08:39.960] [358979] [HailoRT] [info] [hailort_driver.cpp:617] [vdma_buffer_sync] Syncing VDMA buffer: handle=2, direction=TO_DEVICE, offset=579136, count=2264
[2026-01-20 16:08:39.960] [358979] [HailoRT] [info] [hailort_driver.cpp:617] [vdma_buffer_sync] Syncing VDMA buffer: handle=2, direction=TO_DEVICE, offset=581400, count=12968
[2026-01-20 16:08:39.960] [358979] [HailoRT] [info] [hailort_driver.cpp:617] [vdma_buffer_sync] Syncing VDMA buffer: handle=2, direction=TO_DEVICE, offset=594368, count=12480
[2026-01-20 16:08:39.960] [358979] [HailoRT] [info] [hailort_driver.cpp:617] [vdma_buffer_sync] Syncing VDMA buffer: handle=2, direction=TO_DEVICE, offset=606848, count=13600
[2026-01-20 16:08:39.960] [358979] [HailoRT] [info] [hailort_driver.cpp:617] [vdma_buffer_sync] Syncing VDMA buffer: handle=2, direction=TO_DEVICE, offset=620448, count=12960
[2026-01-20 16:08:39.960] [358979] [HailoRT] [info] [hailort_driver.cpp:617] [vdma_buffer_sync] Syncing VDMA buffer: handle=2, direction=TO_DEVICE, offset=633408, count=13576
[2026-01-20 16:08:39.960] [358979] [HailoRT] [info] [hailort_driver.cpp:617] [vdma_buffer_sync] Syncing VDMA buffer: handle=2, direction=TO_DEVICE, offset=646984, count=13224
[2026-01-20 16:08:39.960] [358979] [HailoRT] [info] [hailort_driver.cpp:617] [vdma_buffer_sync] Syncing VDMA buffer: handle=2, direction=TO_DEVICE, offset=660208, count=13360
[2026-01-20 16:08:39.960] [358979] [HailoRT] [info] [hailort_driver.cpp:617] [vdma_buffer_sync] Syncing VDMA buffer: handle=2, direction=TO_DEVICE, offset=673568, count=14352
[2026-01-20 16:08:39.960] [358979] [HailoRT] [info] [hailort_driver.cpp:617] [vdma_buffer_sync] Syncing VDMA buffer: handle=2, direction=TO_DEVICE, offset=687920, count=13744
[2026-01-20 16:08:39.960] [358979] [HailoRT] [info] [hailort_driver.cpp:617] [vdma_buffer_sync] Syncing VDMA buffer: handle=2, direction=TO_DEVICE, offset=701664, count=13600
[2026-01-20 16:08:39.960] [358979] [HailoRT] [info] [hailort_driver.cpp:617] [vdma_buffer_sync] Syncing VDMA buffer: handle=2, direction=TO_DEVICE, offset=715264, count=15992
[2026-01-20 16:08:39.960] [358979] [HailoRT] [info] [hailort_driver.cpp:617] [vdma_buffer_sync] Syncing VDMA buffer: handle=2, direction=TO_DEVICE, offset=731256, count=16352
[2026-01-20 16:08:39.960] [358979] [HailoRT] [info] [hailort_driver.cpp:617] [vdma_buffer_sync] Syncing VDMA buffer: handle=2, direction=TO_DEVICE, offset=747608, count=15856
[2026-01-20 16:08:39.960] [358979] [HailoRT] [info] [hailort_driver.cpp:617] [vdma_buffer_sync] Syncing VDMA buffer: handle=2, direction=TO_DEVICE, offset=763464, count=15808
[2026-01-20 16:08:39.960] [358979] [HailoRT] [info] [hailort_driver.cpp:617] [vdma_buffer_sync] Syncing VDMA buffer: handle=2, direction=TO_DEVICE, offset=779272, count=16536
[2026-01-20 16:08:39.960] [358979] [HailoRT] [info] [hailort_driver.cpp:617] [vdma_buffer_sync] Syncing VDMA buffer: handle=2, direction=TO_DEVICE, offset=795808, count=16800
[2026-01-20 16:08:39.960] [358979] [HailoRT] [info] [hailort_driver.cpp:617] [vdma_buffer_sync] Syncing VDMA buffer: handle=2, direction=TO_DEVICE, offset=812608, count=16592
[2026-01-20 16:08:39.960] [358979] [HailoRT] [info] [hailort_driver.cpp:617] [vdma_buffer_sync] Syncing VDMA buffer: handle=2, direction=TO_DEVICE, offset=829200, count=16120
[2026-01-20 16:08:39.960] [358979] [HailoRT] [info] [hailort_driver.cpp:617] [vdma_buffer_sync] Syncing VDMA buffer: handle=2, direction=TO_DEVICE, offset=845320, count=16
[2026-01-20 16:08:39.960] [358979] [HailoRT] [info] [hailort_driver.cpp:617] [vdma_buffer_sync] Syncing VDMA buffer: handle=2, direction=TO_DEVICE, offset=845336, count=8096
[2026-01-20 16:08:39.960] [358979] [HailoRT] [info] [hailort_driver.cpp:617] [vdma_buffer_sync] Syncing VDMA buffer: handle=2, direction=TO_DEVICE, offset=853432, count=7944
[2026-01-20 16:08:39.961] [358979] [HailoRT] [info] [hailort_driver.cpp:617] [vdma_buffer_sync] Syncing VDMA buffer: handle=2, direction=TO_DEVICE, offset=861376, count=7824
[2026-01-20 16:08:39.961] [358979] [HailoRT] [info] [hailort_driver.cpp:617] [vdma_buffer_sync] Syncing VDMA buffer: handle=2, direction=TO_DEVICE, offset=869200, count=15544
[2026-01-20 16:08:39.961] [358979] [HailoRT] [info] [hailort_driver.cpp:617] [vdma_buffer_sync] Syncing VDMA buffer: handle=2, direction=TO_DEVICE, offset=884744, count=15120
[2026-01-20 16:08:39.961] [358979] [HailoRT] [info] [hailort_driver.cpp:617] [vdma_buffer_sync] Syncing VDMA buffer: handle=2, direction=TO_DEVICE, offset=899864, count=15816
[2026-01-20 16:08:39.961] [358979] [HailoRT] [info] [hailort_driver.cpp:617] [vdma_buffer_sync] Syncing VDMA buffer: handle=2, direction=TO_DEVICE, offset=915680, count=15392
[2026-01-20 16:08:39.961] [358979] [HailoRT] [info] [hailort_driver.cpp:617] [vdma_buffer_sync] Syncing VDMA buffer: handle=2, direction=TO_DEVICE, offset=931072, count=15200
[2026-01-20 16:08:39.961] [358979] [HailoRT] [info] [hailort_driver.cpp:617] [vdma_buffer_sync] Syncing VDMA buffer: handle=2, direction=TO_DEVICE, offset=946272, count=15496
[2026-01-20 16:08:39.961] [358979] [HailoRT] [info] [hailort_driver.cpp:617] [vdma_buffer_sync] Syncing VDMA buffer: handle=2, direction=TO_DEVICE, offset=961768, count=15416
[2026-01-20 16:08:39.961] [358979] [HailoRT] [info] [hailort_driver.cpp:617] [vdma_buffer_sync] Syncing VDMA buffer: handle=2, direction=TO_DEVICE, offset=977184, count=15584
[2026-01-20 16:08:39.961] [358979] [HailoRT] [info] [hailort_driver.cpp:617] [vdma_buffer_sync] Syncing VDMA buffer: handle=2, direction=TO_DEVICE, offset=992768, count=21664
[2026-01-20 16:08:39.961] [358979] [HailoRT] [info] [hailort_driver.cpp:617] [vdma_buffer_sync] Syncing VDMA buffer: handle=2, direction=TO_DEVICE, offset=1014432, count=21096
[2026-01-20 16:08:39.961] [358979] [HailoRT] [info] [hailort_driver.cpp:617] [vdma_buffer_sync] Syncing VDMA buffer: handle=2, direction=TO_DEVICE, offset=1035528, count=21440
[2026-01-20 16:08:39.961] [358979] [HailoRT] [info] [hailort_driver.cpp:617] [vdma_buffer_sync] Syncing VDMA buffer: handle=2, direction=TO_DEVICE, offset=1056968, count=21448
[2026-01-20 16:08:39.961] [358979] [HailoRT] [info] [hailort_driver.cpp:617] [vdma_buffer_sync] Syncing VDMA buffer: handle=2, direction=TO_DEVICE, offset=1078416, count=25032
[2026-01-20 16:08:39.961] [358979] [HailoRT] [info] [hailort_driver.cpp:617] [vdma_buffer_sync] Syncing VDMA buffer: handle=2, direction=TO_DEVICE, offset=1103448, count=24704
[2026-01-20 16:08:39.961] [358979] [HailoRT] [info] [hailort_driver.cpp:617] [vdma_buffer_sync] Syncing VDMA buffer: handle=2, direction=TO_DEVICE, offset=1128152, count=6048
[2026-01-20 16:08:39.961] [358979] [HailoRT] [info] [hailort_driver.cpp:617] [vdma_buffer_sync] Syncing VDMA buffer: handle=2, direction=TO_DEVICE, offset=1134200, count=23888
[2026-01-20 16:08:39.961] [358979] [HailoRT] [info] [hailort_driver.cpp:617] [vdma_buffer_sync] Syncing VDMA buffer: handle=2, direction=TO_DEVICE, offset=1158088, count=24296
[2026-01-20 16:08:39.961] [358979] [HailoRT] [info] [hailort_driver.cpp:617] [vdma_buffer_sync] Syncing VDMA buffer: handle=2, direction=TO_DEVICE, offset=1182384, count=5968
[2026-01-20 16:08:39.961] [358979] [HailoRT] [info] [hailort_driver.cpp:617] [vdma_buffer_sync] Syncing VDMA buffer: handle=2, direction=TO_DEVICE, offset=1188352, count=24600
[2026-01-20 16:08:39.961] [358979] [HailoRT] [info] [hailort_driver.cpp:617] [vdma_buffer_sync] Syncing VDMA buffer: handle=2, direction=TO_DEVICE, offset=1212952, count=25736
[2026-01-20 16:08:39.961] [358979] [HailoRT] [info] [hailort_driver.cpp:617] [vdma_buffer_sync] Syncing VDMA buffer: handle=2, direction=TO_DEVICE, offset=1238688, count=6416
[2026-01-20 16:08:39.961] [358979] [HailoRT] [info] [hailort_driver.cpp:617] [vdma_buffer_sync] Syncing VDMA buffer: handle=2, direction=TO_DEVICE, offset=1245104, count=25432
[2026-01-20 16:08:39.961] [358979] [HailoRT] [info] [hailort_driver.cpp:617] [vdma_buffer_sync] Syncing VDMA buffer: handle=2, direction=TO_DEVICE, offset=1270536, count=25384
[2026-01-20 16:08:39.961] [358979] [HailoRT] [info] [hailort_driver.cpp:617] [vdma_buffer_sync] Syncing VDMA buffer: handle=2, direction=TO_DEVICE, offset=1295920, count=6216
[2026-01-20 16:08:39.961] [358979] [HailoRT] [info] [hailort_driver.cpp:617] [vdma_buffer_sync] Syncing VDMA buffer: handle=2, direction=TO_DEVICE, offset=1302136, count=26304
[2026-01-20 16:08:39.961] [358979] [HailoRT] [info] [hailort_driver.cpp:617] [vdma_buffer_sync] Syncing VDMA buffer: handle=2, direction=TO_DEVICE, offset=1328440, count=24968
[2026-01-20 16:08:39.961] [358979] [HailoRT] [info] [hailort_driver.cpp:617] [vdma_buffer_sync] Syncing VDMA buffer: handle=2, direction=TO_DEVICE, offset=1353408, count=6048
[2026-01-20 16:08:39.961] [358979] [HailoRT] [info] [hailort_driver.cpp:617] [vdma_buffer_sync] Syncing VDMA buffer: handle=2, direction=TO_DEVICE, offset=1359456, count=24344
[2026-01-20 16:08:39.961] [358979] [HailoRT] [info] [hailort_driver.cpp:617] [vdma_buffer_sync] Syncing VDMA buffer: handle=2, direction=TO_DEVICE, offset=1383800, count=25112
[2026-01-20 16:08:39.961] [358979] [HailoRT] [info] [hailort_driver.cpp:617] [vdma_buffer_sync] Syncing VDMA buffer: handle=2, direction=TO_DEVICE, offset=1408912, count=6264
[2026-01-20 16:08:39.961] [358979] [HailoRT] [info] [hailort_driver.cpp:617] [vdma_buffer_sync] Syncing VDMA buffer: handle=2, direction=TO_DEVICE, offset=1415176, count=25256
[2026-01-20 16:08:39.961] [358979] [HailoRT] [info] [hailort_driver.cpp:617] [vdma_buffer_sync] Syncing VDMA buffer: handle=2, direction=TO_DEVICE, offset=1440432, count=25472
[2026-01-20 16:08:39.961] [358979] [HailoRT] [info] [hailort_driver.cpp:617] [vdma_buffer_sync] Syncing VDMA buffer: handle=2, direction=TO_DEVICE, offset=1465904, count=6304
[2026-01-20 16:08:39.961] [358979] [HailoRT] [info] [hailort_driver.cpp:617] [vdma_buffer_sync] Syncing VDMA buffer: handle=2, direction=TO_DEVICE, offset=1472208, count=25080
[2026-01-20 16:08:39.961] [358979] [HailoRT] [info] [hailort_driver.cpp:617] [vdma_buffer_sync] Syncing VDMA buffer: handle=2, direction=TO_DEVICE, offset=1497288, count=25992
[2026-01-20 16:08:39.961] [358979] [HailoRT] [info] [hailort_driver.cpp:617] [vdma_buffer_sync] Syncing VDMA buffer: handle=2, direction=TO_DEVICE, offset=1523280, count=6432
[2026-01-20 16:08:39.961] [358979] [HailoRT] [info] [hailort_driver.cpp:617] [vdma_buffer_sync] Syncing VDMA buffer: handle=2, direction=TO_DEVICE, offset=1529712, count=24488
[2026-01-20 16:08:39.961] [358979] [HailoRT] [info] [hailort_driver.cpp:617] [vdma_buffer_sync] Syncing VDMA buffer: handle=2, direction=TO_DEVICE, offset=1554200, count=24800
[2026-01-20 16:08:39.961] [358979] [HailoRT] [info] [hailort_driver.cpp:617] [vdma_buffer_sync] Syncing VDMA buffer: handle=2, direction=TO_DEVICE, offset=1579000, count=24576
[2026-01-20 16:08:39.961] [358979] [HailoRT] [info] [hailort_driver.cpp:617] [vdma_buffer_sync] Syncing VDMA buffer: handle=2, direction=TO_DEVICE, offset=1603576, count=24864
[2026-01-20 16:08:39.961] [358979] [HailoRT] [info] [hailort_driver.cpp:617] [vdma_buffer_sync] Syncing VDMA buffer: handle=2, direction=TO_DEVICE, offset=1628440, count=24848
[2026-01-20 16:08:39.961] [358979] [HailoRT] [info] [hailort_driver.cpp:617] [vdma_buffer_sync] Syncing VDMA buffer: handle=2, direction=TO_DEVICE, offset=1653288, count=25088
[2026-01-20 16:08:39.961] [358979] [HailoRT] [info] [hailort_driver.cpp:617] [vdma_buffer_sync] Syncing VDMA buffer: handle=2, direction=TO_DEVICE, offset=1678376, count=24656
[2026-01-20 16:08:39.961] [358979] [HailoRT] [info] [hailort_driver.cpp:617] [vdma_buffer_sync] Syncing VDMA buffer: handle=2, direction=TO_DEVICE, offset=1703032, count=25024
[2026-01-20 16:08:39.961] [358979] [HailoRT] [info] [hailort_driver.cpp:617] [vdma_buffer_sync] Syncing VDMA buffer: handle=2, direction=TO_DEVICE, offset=1728056, count=25608
[2026-01-20 16:08:39.961] [358979] [HailoRT] [info] [hailort_driver.cpp:617] [vdma_buffer_sync] Syncing VDMA buffer: handle=2, direction=TO_DEVICE, offset=1753664, count=25952
[2026-01-20 16:08:39.961] [358979] [HailoRT] [info] [hailort_driver.cpp:617] [vdma_buffer_sync] Syncing VDMA buffer: handle=2, direction=TO_DEVICE, offset=1779616, count=6488
[2026-01-20 16:08:39.961] [358979] [HailoRT] [info] [hailort_driver.cpp:617] [vdma_buffer_sync] Syncing VDMA buffer: handle=2, direction=TO_DEVICE, offset=1786104, count=25984
[2026-01-20 16:08:39.961] [358979] [HailoRT] [info] [hailort_driver.cpp:617] [vdma_buffer_sync] Syncing VDMA buffer: handle=2, direction=TO_DEVICE, offset=1812088, count=24336
[2026-01-20 16:08:39.961] [358979] [HailoRT] [info] [hailort_driver.cpp:617] [vdma_buffer_sync] Syncing VDMA buffer: handle=2, direction=TO_DEVICE, offset=1836424, count=6072
[2026-01-20 16:08:39.962] [358979] [HailoRT] [info] [hailort_driver.cpp:617] [vdma_buffer_sync] Syncing VDMA buffer: handle=2, direction=TO_DEVICE, offset=1842496, count=25448
[2026-01-20 16:08:39.962] [358979] [HailoRT] [info] [hailort_driver.cpp:617] [vdma_buffer_sync] Syncing VDMA buffer: handle=2, direction=TO_DEVICE, offset=1867944, count=25568
[2026-01-20 16:08:39.962] [358979] [HailoRT] [info] [hailort_driver.cpp:617] [vdma_buffer_sync] Syncing VDMA buffer: handle=2, direction=TO_DEVICE, offset=1893512, count=6352
[2026-01-20 16:08:39.962] [358979] [HailoRT] [info] [hailort_driver.cpp:617] [vdma_buffer_sync] Syncing VDMA buffer: handle=2, direction=TO_DEVICE, offset=1899864, count=25992
[2026-01-20 16:08:39.962] [358979] [HailoRT] [info] [hailort_driver.cpp:617] [vdma_buffer_sync] Syncing VDMA buffer: handle=2, direction=TO_DEVICE, offset=1925856, count=26672
[2026-01-20 16:08:39.962] [358979] [HailoRT] [info] [hailort_driver.cpp:617] [vdma_buffer_sync] Syncing VDMA buffer: handle=2, direction=TO_DEVICE, offset=1952528, count=6704
[2026-01-20 16:08:39.962] [358979] [HailoRT] [info] [hailort_driver.cpp:617] [vdma_buffer_sync] Syncing VDMA buffer: handle=2, direction=TO_DEVICE, offset=1959232, count=24800
[2026-01-20 16:08:39.962] [358979] [HailoRT] [info] [hailort_driver.cpp:617] [vdma_buffer_sync] Syncing VDMA buffer: handle=2, direction=TO_DEVICE, offset=1984032, count=24616
[2026-01-20 16:08:39.962] [358979] [HailoRT] [info] [hailort_driver.cpp:617] [vdma_buffer_sync] Syncing VDMA buffer: handle=2, direction=TO_DEVICE, offset=2008648, count=6120
[2026-01-20 16:08:39.962] [358979] [HailoRT] [info] [hailort_driver.cpp:617] [vdma_buffer_sync] Syncing VDMA buffer: handle=2, direction=TO_DEVICE, offset=2014768, count=25296
[2026-01-20 16:08:39.962] [358979] [HailoRT] [info] [hailort_driver.cpp:617] [vdma_buffer_sync] Syncing VDMA buffer: handle=2, direction=TO_DEVICE, offset=2040064, count=26024
[2026-01-20 16:08:39.962] [358979] [HailoRT] [info] [hailort_driver.cpp:617] [vdma_buffer_sync] Syncing VDMA buffer: handle=2, direction=TO_DEVICE, offset=2066088, count=6512
[2026-01-20 16:08:39.962] [358979] [HailoRT] [info] [hailort_driver.cpp:617] [vdma_buffer_sync] Syncing VDMA buffer: handle=2, direction=TO_DEVICE, offset=2072600, count=25520
[2026-01-20 16:08:39.962] [358979] [HailoRT] [info] [hailort_driver.cpp:617] [vdma_buffer_sync] Syncing VDMA buffer: handle=2, direction=TO_DEVICE, offset=2098120, count=25768
[2026-01-20 16:08:39.962] [358979] [HailoRT] [info] [hailort_driver.cpp:617] [vdma_buffer_sync] Syncing VDMA buffer: handle=2, direction=TO_DEVICE, offset=2123888, count=6472
[2026-01-20 16:08:39.962] [358979] [HailoRT] [info] [hailort_driver.cpp:617] [vdma_buffer_sync] Syncing VDMA buffer: handle=2, direction=TO_DEVICE, offset=2130360, count=26784
[2026-01-20 16:08:39.962] [358979] [HailoRT] [info] [hailort_driver.cpp:617] [vdma_buffer_sync] Syncing VDMA buffer: handle=2, direction=TO_DEVICE, offset=2157144, count=26376
[2026-01-20 16:08:39.962] [358979] [HailoRT] [info] [hailort_driver.cpp:617] [vdma_buffer_sync] Syncing VDMA buffer: handle=2, direction=TO_DEVICE, offset=2183520, count=6544
[2026-01-20 16:08:39.962] [358979] [HailoRT] [info] [hailort_driver.cpp:617] [vdma_buffer_sync] Syncing VDMA buffer: handle=2, direction=TO_DEVICE, offset=2190064, count=16
[2026-01-20 16:08:39.962] [358979] [HailoRT] [info] [hailort_driver.cpp:617] [vdma_buffer_sync] Syncing VDMA buffer: handle=2, direction=TO_DEVICE, offset=2190080, count=18928
[2026-01-20 16:08:39.962] [358979] [HailoRT] [info] [hailort_driver.cpp:617] [vdma_buffer_sync] Syncing VDMA buffer: handle=2, direction=TO_DEVICE, offset=2209008, count=18824
[2026-01-20 16:08:39.962] [358979] [HailoRT] [info] [hailort_driver.cpp:617] [vdma_buffer_sync] Syncing VDMA buffer: handle=2, direction=TO_DEVICE, offset=2227832, count=19384
[2026-01-20 16:08:39.962] [358979] [HailoRT] [info] [hailort_driver.cpp:617] [vdma_buffer_sync] Syncing VDMA buffer: handle=2, direction=TO_DEVICE, offset=2247216, count=19352
[2026-01-20 16:08:39.962] [358979] [HailoRT] [info] [hailort_driver.cpp:617] [vdma_buffer_sync] Syncing VDMA buffer: handle=2, direction=TO_DEVICE, offset=2266568, count=19200
[2026-01-20 16:08:39.962] [358979] [HailoRT] [info] [hailort_driver.cpp:617] [vdma_buffer_sync] Syncing VDMA buffer: handle=2, direction=TO_DEVICE, offset=2285768, count=19136
[2026-01-20 16:08:39.962] [358979] [HailoRT] [info] [hailort_driver.cpp:617] [vdma_buffer_sync] Syncing VDMA buffer: handle=2, direction=TO_DEVICE, offset=2304904, count=19016
[2026-01-20 16:08:39.962] [358979] [HailoRT] [info] [hailort_driver.cpp:617] [vdma_buffer_sync] Syncing VDMA buffer: handle=2, direction=TO_DEVICE, offset=2323920, count=18912
[2026-01-20 16:08:39.962] [358979] [HailoRT] [info] [hailort_driver.cpp:617] [vdma_buffer_sync] Syncing VDMA buffer: handle=2, direction=TO_DEVICE, offset=2342832, count=21296
[2026-01-20 16:08:39.962] [358979] [HailoRT] [info] [hailort_driver.cpp:617] [vdma_buffer_sync] Syncing VDMA buffer: handle=2, direction=TO_DEVICE, offset=2364128, count=21360
[2026-01-20 16:08:39.962] [358979] [HailoRT] [info] [hailort_driver.cpp:617] [vdma_buffer_sync] Syncing VDMA buffer: handle=2, direction=TO_DEVICE, offset=2385488, count=21528
[2026-01-20 16:08:39.962] [358979] [HailoRT] [info] [hailort_driver.cpp:617] [vdma_buffer_sync] Syncing VDMA buffer: handle=2, direction=TO_DEVICE, offset=2407016, count=21504
[2026-01-20 16:08:39.962] [358979] [HailoRT] [info] [hailort_driver.cpp:617] [vdma_buffer_sync] Syncing VDMA buffer: handle=2, direction=TO_DEVICE, offset=2428520, count=22096
[2026-01-20 16:08:39.962] [358979] [HailoRT] [info] [hailort_driver.cpp:617] [vdma_buffer_sync] Syncing VDMA buffer: handle=2, direction=TO_DEVICE, offset=2450616, count=22208
[2026-01-20 16:08:39.962] [358979] [HailoRT] [info] [hailort_driver.cpp:617] [vdma_buffer_sync] Syncing VDMA buffer: handle=2, direction=TO_DEVICE, offset=2472824, count=21312
[2026-01-20 16:08:39.962] [358979] [HailoRT] [info] [hailort_driver.cpp:617] [vdma_buffer_sync] Syncing VDMA buffer: handle=2, direction=TO_DEVICE, offset=2494136, count=21368
[2026-01-20 16:08:39.962] [358979] [HailoRT] [info] [hailort_driver.cpp:617] [vdma_buffer_sync] Syncing VDMA buffer: handle=2, direction=TO_DEVICE, offset=2515504, count=25280
[2026-01-20 16:08:39.962] [358979] [HailoRT] [info] [hailort_driver.cpp:617] [vdma_buffer_sync] Syncing VDMA buffer: handle=2, direction=TO_DEVICE, offset=2540784, count=26040
[2026-01-20 16:08:39.962] [358979] [HailoRT] [info] [hailort_driver.cpp:617] [vdma_buffer_sync] Syncing VDMA buffer: handle=2, direction=TO_DEVICE, offset=2566824, count=6640
[2026-01-20 16:08:39.962] [358979] [HailoRT] [info] [hailort_driver.cpp:617] [vdma_buffer_sync] Syncing VDMA buffer: handle=2, direction=TO_DEVICE, offset=2573464, count=25976
[2026-01-20 16:08:39.962] [358979] [HailoRT] [info] [hailort_driver.cpp:617] [vdma_buffer_sync] Syncing VDMA buffer: handle=2, direction=TO_DEVICE, offset=2599440, count=25576
[2026-01-20 16:08:39.962] [358979] [HailoRT] [info] [hailort_driver.cpp:617] [vdma_buffer_sync] Syncing VDMA buffer: handle=2, direction=TO_DEVICE, offset=2625016, count=6592
[2026-01-20 16:08:39.962] [358979] [HailoRT] [info] [hailort_driver.cpp:617] [vdma_buffer_sync] Syncing VDMA buffer: handle=2, direction=TO_DEVICE, offset=2631608, count=24944
[2026-01-20 16:08:39.962] [358979] [HailoRT] [info] [hailort_driver.cpp:617] [vdma_buffer_sync] Syncing VDMA buffer: handle=2, direction=TO_DEVICE, offset=2656552, count=25552
[2026-01-20 16:08:39.962] [358979] [HailoRT] [info] [hailort_driver.cpp:617] [vdma_buffer_sync] Syncing VDMA buffer: handle=2, direction=TO_DEVICE, offset=2682104, count=6568
[2026-01-20 16:08:39.962] [358979] [HailoRT] [info] [hailort_driver.cpp:617] [vdma_buffer_sync] Syncing VDMA buffer: handle=2, direction=TO_DEVICE, offset=2688672, count=25224
[2026-01-20 16:08:39.962] [358979] [HailoRT] [info] [hailort_driver.cpp:617] [vdma_buffer_sync] Syncing VDMA buffer: handle=2, direction=TO_DEVICE, offset=2713896, count=25728
[2026-01-20 16:08:39.962] [358979] [HailoRT] [info] [hailort_driver.cpp:617] [vdma_buffer_sync] Syncing VDMA buffer: handle=2, direction=TO_DEVICE, offset=2739624, count=6584
[2026-01-20 16:08:39.962] [358979] [HailoRT] [info] [hailort_driver.cpp:617] [vdma_buffer_sync] Syncing VDMA buffer: handle=2, direction=TO_DEVICE, offset=2746208, count=25600
[2026-01-20 16:08:39.962] [358979] [HailoRT] [info] [hailort_driver.cpp:617] [vdma_buffer_sync] Syncing VDMA buffer: handle=2, direction=TO_DEVICE, offset=2771808, count=26072
[2026-01-20 16:08:39.962] [358979] [HailoRT] [info] [hailort_driver.cpp:617] [vdma_buffer_sync] Syncing VDMA buffer: handle=2, direction=TO_DEVICE, offset=2797880, count=6680
[2026-01-20 16:08:39.962] [358979] [HailoRT] [info] [hailort_driver.cpp:617] [vdma_buffer_sync] Syncing VDMA buffer: handle=2, direction=TO_DEVICE, offset=2804560, count=25216
[2026-01-20 16:08:39.963] [358979] [HailoRT] [info] [hailort_driver.cpp:617] [vdma_buffer_sync] Syncing VDMA buffer: handle=2, direction=TO_DEVICE, offset=2829776, count=25728
[2026-01-20 16:08:39.963] [358979] [HailoRT] [info] [hailort_driver.cpp:617] [vdma_buffer_sync] Syncing VDMA buffer: handle=2, direction=TO_DEVICE, offset=2855504, count=6544
[2026-01-20 16:08:39.963] [358979] [HailoRT] [info] [hailort_driver.cpp:617] [vdma_buffer_sync] Syncing VDMA buffer: handle=2, direction=TO_DEVICE, offset=2862048, count=25752
[2026-01-20 16:08:39.963] [358979] [HailoRT] [info] [hailort_driver.cpp:617] [vdma_buffer_sync] Syncing VDMA buffer: handle=2, direction=TO_DEVICE, offset=2887800, count=25664
[2026-01-20 16:08:39.963] [358979] [HailoRT] [info] [hailort_driver.cpp:617] [vdma_buffer_sync] Syncing VDMA buffer: handle=2, direction=TO_DEVICE, offset=2913464, count=6536
[2026-01-20 16:08:39.963] [358979] [HailoRT] [info] [hailort_driver.cpp:617] [vdma_buffer_sync] Syncing VDMA buffer: handle=2, direction=TO_DEVICE, offset=2920000, count=25984
[2026-01-20 16:08:39.963] [358979] [HailoRT] [info] [hailort_driver.cpp:617] [vdma_buffer_sync] Syncing VDMA buffer: handle=2, direction=TO_DEVICE, offset=2945984, count=25736
[2026-01-20 16:08:39.963] [358979] [HailoRT] [info] [hailort_driver.cpp:617] [vdma_buffer_sync] Syncing VDMA buffer: handle=2, direction=TO_DEVICE, offset=2971720, count=6544
[2026-01-20 16:08:39.963] [358979] [HailoRT] [info] [hailort_driver.cpp:617] [vdma_buffer_sync] Syncing VDMA buffer: handle=2, direction=TO_DEVICE, offset=2978264, count=20688
[2026-01-20 16:08:39.963] [358979] [HailoRT] [info] [hailort_driver.cpp:617] [vdma_buffer_sync] Syncing VDMA buffer: handle=2, direction=TO_DEVICE, offset=2998952, count=20408
[2026-01-20 16:08:39.963] [358979] [HailoRT] [info] [hailort_driver.cpp:617] [vdma_buffer_sync] Syncing VDMA buffer: handle=2, direction=TO_DEVICE, offset=3019360, count=19648
[2026-01-20 16:08:39.963] [358979] [HailoRT] [info] [hailort_driver.cpp:617] [vdma_buffer_sync] Syncing VDMA buffer: handle=2, direction=TO_DEVICE, offset=3039008, count=20088
[2026-01-20 16:08:39.963] [358979] [HailoRT] [info] [hailort_driver.cpp:617] [vdma_buffer_sync] Syncing VDMA buffer: handle=2, direction=TO_DEVICE, offset=3059096, count=19848
[2026-01-20 16:08:39.963] [358979] [HailoRT] [info] [hailort_driver.cpp:617] [vdma_buffer_sync] Syncing VDMA buffer: handle=2, direction=TO_DEVICE, offset=3078944, count=20056
[2026-01-20 16:08:39.963] [358979] [HailoRT] [info] [hailort_driver.cpp:617] [vdma_buffer_sync] Syncing VDMA buffer: handle=2, direction=TO_DEVICE, offset=3099000, count=20152
[2026-01-20 16:08:39.963] [358979] [HailoRT] [info] [hailort_driver.cpp:617] [vdma_buffer_sync] Syncing VDMA buffer: handle=2, direction=TO_DEVICE, offset=3119152, count=19592
[2026-01-20 16:08:39.963] [358979] [HailoRT] [info] [hailort_driver.cpp:617] [vdma_buffer_sync] Syncing VDMA buffer: handle=2, direction=TO_DEVICE, offset=3138744, count=24480
[2026-01-20 16:08:39.963] [358979] [HailoRT] [info] [hailort_driver.cpp:617] [vdma_buffer_sync] Syncing VDMA buffer: handle=2, direction=TO_DEVICE, offset=3163224, count=24336
[2026-01-20 16:08:39.963] [358979] [HailoRT] [info] [hailort_driver.cpp:617] [vdma_buffer_sync] Syncing VDMA buffer: handle=2, direction=TO_DEVICE, offset=3187560, count=24336
[2026-01-20 16:08:39.963] [358979] [HailoRT] [info] [hailort_driver.cpp:617] [vdma_buffer_sync] Syncing VDMA buffer: handle=2, direction=TO_DEVICE, offset=3211896, count=24200
[2026-01-20 16:08:39.963] [358979] [HailoRT] [info] [hailort_driver.cpp:617] [vdma_buffer_sync] Syncing VDMA buffer: handle=2, direction=TO_DEVICE, offset=3236096, count=24432
[2026-01-20 16:08:39.963] [358979] [HailoRT] [info] [hailort_driver.cpp:617] [vdma_buffer_sync] Syncing VDMA buffer: handle=2, direction=TO_DEVICE, offset=3260528, count=24368
[2026-01-20 16:08:39.963] [358979] [HailoRT] [info] [hailort_driver.cpp:617] [vdma_buffer_sync] Syncing VDMA buffer: handle=2, direction=TO_DEVICE, offset=3284896, count=24272
[2026-01-20 16:08:39.963] [358979] [HailoRT] [info] [hailort_driver.cpp:617] [vdma_buffer_sync] Syncing VDMA buffer: handle=2, direction=TO_DEVICE, offset=3309168, count=24184
[2026-01-20 16:08:39.963] [358979] [HailoRT] [info] [hailort_driver.cpp:617] [vdma_buffer_sync] Syncing VDMA buffer: handle=2, direction=TO_DEVICE, offset=3333352, count=25576
[2026-01-20 16:08:39.963] [358979] [HailoRT] [info] [hailort_driver.cpp:617] [vdma_buffer_sync] Syncing VDMA buffer: handle=2, direction=TO_DEVICE, offset=3358928, count=26760
[2026-01-20 16:08:39.963] [358979] [HailoRT] [info] [hailort_driver.cpp:617] [vdma_buffer_sync] Syncing VDMA buffer: handle=2, direction=TO_DEVICE, offset=3385688, count=6648
[2026-01-20 16:08:39.963] [358979] [HailoRT] [info] [hailort_driver.cpp:617] [vdma_buffer_sync] Syncing VDMA buffer: handle=2, direction=TO_DEVICE, offset=3392336, count=26800
[2026-01-20 16:08:39.963] [358979] [HailoRT] [info] [hailort_driver.cpp:617] [vdma_buffer_sync] Syncing VDMA buffer: handle=2, direction=TO_DEVICE, offset=3419136, count=26632
[2026-01-20 16:08:39.963] [358979] [HailoRT] [info] [hailort_driver.cpp:617] [vdma_buffer_sync] Syncing VDMA buffer: handle=2, direction=TO_DEVICE, offset=3445768, count=6520
[2026-01-20 16:08:39.963] [358979] [HailoRT] [info] [hailort_driver.cpp:617] [vdma_buffer_sync] Syncing VDMA buffer: handle=2, direction=TO_DEVICE, offset=3452288, count=26992
[2026-01-20 16:08:39.963] [358979] [HailoRT] [info] [hailort_driver.cpp:617] [vdma_buffer_sync] Syncing VDMA buffer: handle=2, direction=TO_DEVICE, offset=3479280, count=26824
[2026-01-20 16:08:39.963] [358979] [HailoRT] [info] [hailort_driver.cpp:617] [vdma_buffer_sync] Syncing VDMA buffer: handle=2, direction=TO_DEVICE, offset=3506104, count=6656
[2026-01-20 16:08:39.963] [358979] [HailoRT] [info] [hailort_driver.cpp:617] [vdma_buffer_sync] Syncing VDMA buffer: handle=2, direction=TO_DEVICE, offset=3512760, count=26712
[2026-01-20 16:08:39.963] [358979] [HailoRT] [info] [hailort_driver.cpp:617] [vdma_buffer_sync] Syncing VDMA buffer: handle=2, direction=TO_DEVICE, offset=3539472, count=26224
[2026-01-20 16:08:39.963] [358979] [HailoRT] [info] [hailort_driver.cpp:617] [vdma_buffer_sync] Syncing VDMA buffer: handle=2, direction=TO_DEVICE, offset=3565696, count=6440
[2026-01-20 16:08:39.963] [358979] [HailoRT] [info] [hailort_driver.cpp:617] [vdma_buffer_sync] Syncing VDMA buffer: handle=2, direction=TO_DEVICE, offset=3572136, count=26960
[2026-01-20 16:08:39.963] [358979] [HailoRT] [info] [hailort_driver.cpp:617] [vdma_buffer_sync] Syncing VDMA buffer: handle=2, direction=TO_DEVICE, offset=3599096, count=26312
[2026-01-20 16:08:39.963] [358979] [HailoRT] [info] [hailort_driver.cpp:617] [vdma_buffer_sync] Syncing VDMA buffer: handle=2, direction=TO_DEVICE, offset=3625408, count=6528
[2026-01-20 16:08:39.963] [358979] [HailoRT] [info] [hailort_driver.cpp:617] [vdma_buffer_sync] Syncing VDMA buffer: handle=2, direction=TO_DEVICE, offset=3631936, count=26056
[2026-01-20 16:08:39.963] [358979] [HailoRT] [info] [hailort_driver.cpp:617] [vdma_buffer_sync] Syncing VDMA buffer: handle=2, direction=TO_DEVICE, offset=3657992, count=26416
[2026-01-20 16:08:39.963] [358979] [HailoRT] [info] [hailort_driver.cpp:617] [vdma_buffer_sync] Syncing VDMA buffer: handle=2, direction=TO_DEVICE, offset=3684408, count=6568
[2026-01-20 16:08:39.963] [358979] [HailoRT] [info] [hailort_driver.cpp:617] [vdma_buffer_sync] Syncing VDMA buffer: handle=2, direction=TO_DEVICE, offset=3690976, count=27448
[2026-01-20 16:08:39.963] [358979] [HailoRT] [info] [hailort_driver.cpp:617] [vdma_buffer_sync] Syncing VDMA buffer: handle=2, direction=TO_DEVICE, offset=3718424, count=27336
[2026-01-20 16:08:39.963] [358979] [HailoRT] [info] [hailort_driver.cpp:617] [vdma_buffer_sync] Syncing VDMA buffer: handle=2, direction=TO_DEVICE, offset=3745760, count=6704
[2026-01-20 16:08:39.963] [358979] [HailoRT] [info] [hailort_driver.cpp:617] [vdma_buffer_sync] Syncing VDMA buffer: handle=2, direction=TO_DEVICE, offset=3752464, count=26440
[2026-01-20 16:08:39.963] [358979] [HailoRT] [info] [hailort_driver.cpp:617] [vdma_buffer_sync] Syncing VDMA buffer: handle=2, direction=TO_DEVICE, offset=3778904, count=26712
[2026-01-20 16:08:39.963] [358979] [HailoRT] [info] [hailort_driver.cpp:617] [vdma_buffer_sync] Syncing VDMA buffer: handle=2, direction=TO_DEVICE, offset=3805616, count=6528
[2026-01-20 16:08:39.963] [358979] [HailoRT] [info] [hailort_driver.cpp:617] [vdma_buffer_sync] Syncing VDMA buffer: handle=2, direction=TO_DEVICE, offset=3812144, count=20976
[2026-01-20 16:08:39.963] [358979] [HailoRT] [info] [hailort_driver.cpp:617] [vdma_buffer_sync] Syncing VDMA buffer: handle=2, direction=TO_DEVICE, offset=3833120, count=21208
[2026-01-20 16:08:39.964] [358979] [HailoRT] [info] [hailort_driver.cpp:617] [vdma_buffer_sync] Syncing VDMA buffer: handle=2, direction=TO_DEVICE, offset=3854328, count=20448
[2026-01-20 16:08:39.964] [358979] [HailoRT] [info] [hailort_driver.cpp:617] [vdma_buffer_sync] Syncing VDMA buffer: handle=2, direction=TO_DEVICE, offset=3874776, count=20368
[2026-01-20 16:08:39.964] [358979] [HailoRT] [info] [hailort_driver.cpp:617] [vdma_buffer_sync] Syncing VDMA buffer: handle=2, direction=TO_DEVICE, offset=3895144, count=20168
[2026-01-20 16:08:39.964] [358979] [HailoRT] [info] [hailort_driver.cpp:617] [vdma_buffer_sync] Syncing VDMA buffer: handle=2, direction=TO_DEVICE, offset=3915312, count=20088
[2026-01-20 16:08:39.964] [358979] [HailoRT] [info] [hailort_driver.cpp:617] [vdma_buffer_sync] Syncing VDMA buffer: handle=2, direction=TO_DEVICE, offset=3935400, count=20424
[2026-01-20 16:08:39.964] [358979] [HailoRT] [info] [hailort_driver.cpp:617] [vdma_buffer_sync] Syncing VDMA buffer: handle=2, direction=TO_DEVICE, offset=3955824, count=20288
[2026-01-20 16:08:39.964] [358979] [HailoRT] [info] [hailort_driver.cpp:617] [vdma_buffer_sync] Syncing VDMA buffer: handle=2, direction=TO_DEVICE, offset=3976112, count=18208
[2026-01-20 16:08:39.964] [358979] [HailoRT] [info] [hailort_driver.cpp:617] [vdma_buffer_sync] Syncing VDMA buffer: handle=2, direction=TO_DEVICE, offset=3994320, count=18176
[2026-01-20 16:08:39.964] [358979] [HailoRT] [info] [hailort_driver.cpp:617] [vdma_buffer_sync] Syncing VDMA buffer: handle=2, direction=TO_DEVICE, offset=4012496, count=17832
[2026-01-20 16:08:39.964] [358979] [HailoRT] [info] [hailort_driver.cpp:617] [vdma_buffer_sync] Syncing VDMA buffer: handle=2, direction=TO_DEVICE, offset=4030328, count=17824
[2026-01-20 16:08:39.964] [358979] [HailoRT] [info] [hailort_driver.cpp:617] [vdma_buffer_sync] Syncing VDMA buffer: handle=2, direction=TO_DEVICE, offset=4048152, count=18128
[2026-01-20 16:08:39.964] [358979] [HailoRT] [info] [hailort_driver.cpp:617] [vdma_buffer_sync] Syncing VDMA buffer: handle=2, direction=TO_DEVICE, offset=4066280, count=18128
[2026-01-20 16:08:39.964] [358979] [HailoRT] [info] [hailort_driver.cpp:617] [vdma_buffer_sync] Syncing VDMA buffer: handle=2, direction=TO_DEVICE, offset=4084408, count=18240
[2026-01-20 16:08:39.964] [358979] [HailoRT] [info] [hailort_driver.cpp:617] [vdma_buffer_sync] Syncing VDMA buffer: handle=2, direction=TO_DEVICE, offset=4102648, count=18240
[2026-01-20 16:08:39.964] [358979] [HailoRT] [info] [hailort_driver.cpp:617] [vdma_buffer_sync] Syncing VDMA buffer: handle=2, direction=TO_DEVICE, offset=4120888, count=21096
[2026-01-20 16:08:39.964] [358979] [HailoRT] [info] [hailort_driver.cpp:617] [vdma_buffer_sync] Syncing VDMA buffer: handle=2, direction=TO_DEVICE, offset=4141984, count=21376
[2026-01-20 16:08:39.964] [358979] [HailoRT] [info] [hailort_driver.cpp:617] [vdma_buffer_sync] Syncing VDMA buffer: handle=2, direction=TO_DEVICE, offset=4163360, count=20616
[2026-01-20 16:08:39.964] [358979] [HailoRT] [info] [hailort_driver.cpp:617] [vdma_buffer_sync] Syncing VDMA buffer: handle=2, direction=TO_DEVICE, offset=4183976, count=20360
[2026-01-20 16:08:39.964] [358979] [HailoRT] [info] [hailort_driver.cpp:617] [vdma_buffer_sync] Syncing VDMA buffer: handle=2, direction=TO_DEVICE, offset=4204336, count=20704
[2026-01-20 16:08:39.964] [358979] [HailoRT] [info] [hailort_driver.cpp:617] [vdma_buffer_sync] Syncing VDMA buffer: handle=2, direction=TO_DEVICE, offset=4225040, count=20472
[2026-01-20 16:08:39.964] [358979] [HailoRT] [info] [hailort_driver.cpp:617] [vdma_buffer_sync] Syncing VDMA buffer: handle=2, direction=TO_DEVICE, offset=4245512, count=20592
[2026-01-20 16:08:39.964] [358979] [HailoRT] [info] [hailort_driver.cpp:617] [vdma_buffer_sync] Syncing VDMA buffer: handle=2, direction=TO_DEVICE, offset=4266104, count=20560
[2026-01-20 16:08:39.964] [358979] [HailoRT] [info] [hailort_driver.cpp:617] [vdma_buffer_sync] Syncing VDMA buffer: handle=2, direction=TO_DEVICE, offset=4286664, count=24728
[2026-01-20 16:08:39.964] [358979] [HailoRT] [info] [hailort_driver.cpp:617] [vdma_buffer_sync] Syncing VDMA buffer: handle=2, direction=TO_DEVICE, offset=4311392, count=24800
[2026-01-20 16:08:39.964] [358979] [HailoRT] [info] [hailort_driver.cpp:617] [vdma_buffer_sync] Syncing VDMA buffer: handle=2, direction=TO_DEVICE, offset=4336192, count=25144
[2026-01-20 16:08:39.964] [358979] [HailoRT] [info] [hailort_driver.cpp:617] [vdma_buffer_sync] Syncing VDMA buffer: handle=2, direction=TO_DEVICE, offset=4361336, count=25200
[2026-01-20 16:08:39.964] [358979] [HailoRT] [info] [hailort_driver.cpp:617] [vdma_buffer_sync] Syncing VDMA buffer: handle=2, direction=TO_DEVICE, offset=4386536, count=24008
[2026-01-20 16:08:39.964] [358979] [HailoRT] [info] [hailort_driver.cpp:617] [vdma_buffer_sync] Syncing VDMA buffer: handle=2, direction=TO_DEVICE, offset=4410544, count=24024
[2026-01-20 16:08:39.964] [358979] [HailoRT] [info] [hailort_driver.cpp:617] [vdma_buffer_sync] Syncing VDMA buffer: handle=2, direction=TO_DEVICE, offset=4434568, count=24168
[2026-01-20 16:08:39.964] [358979] [HailoRT] [info] [hailort_driver.cpp:617] [vdma_buffer_sync] Syncing VDMA buffer: handle=2, direction=TO_DEVICE, offset=4458736, count=23984
[2026-01-20 16:08:39.964] [358979] [HailoRT] [info] [hailort_driver.cpp:617] [vdma_buffer_sync] Syncing VDMA buffer: handle=2, direction=TO_DEVICE, offset=4482720, count=24952
[2026-01-20 16:08:39.964] [358979] [HailoRT] [info] [hailort_driver.cpp:617] [vdma_buffer_sync] Syncing VDMA buffer: handle=2, direction=TO_DEVICE, offset=4507672, count=24848
[2026-01-20 16:08:39.964] [358979] [HailoRT] [info] [hailort_driver.cpp:617] [vdma_buffer_sync] Syncing VDMA buffer: handle=2, direction=TO_DEVICE, offset=4532520, count=23464
[2026-01-20 16:08:39.964] [358979] [HailoRT] [info] [hailort_driver.cpp:617] [vdma_buffer_sync] Syncing VDMA buffer: handle=2, direction=TO_DEVICE, offset=4555984, count=23504
[2026-01-20 16:08:39.964] [358979] [HailoRT] [info] [hailort_driver.cpp:617] [vdma_buffer_sync] Syncing VDMA buffer: handle=2, direction=TO_DEVICE, offset=4579488, count=24184
[2026-01-20 16:08:39.964] [358979] [HailoRT] [info] [hailort_driver.cpp:617] [vdma_buffer_sync] Syncing VDMA buffer: handle=2, direction=TO_DEVICE, offset=4603672, count=24216
[2026-01-20 16:08:39.964] [358979] [HailoRT] [info] [hailort_driver.cpp:617] [vdma_buffer_sync] Syncing VDMA buffer: handle=2, direction=TO_DEVICE, offset=4627888, count=24176
[2026-01-20 16:08:39.964] [358979] [HailoRT] [info] [hailort_driver.cpp:617] [vdma_buffer_sync] Syncing VDMA buffer: handle=2, direction=TO_DEVICE, offset=4652064, count=24176
[2026-01-20 16:08:39.964] [358979] [HailoRT] [info] [hailort_driver.cpp:617] [vdma_buffer_sync] Syncing VDMA buffer: handle=2, direction=TO_DEVICE, offset=4676240, count=22840
[2026-01-20 16:08:39.964] [358979] [HailoRT] [info] [hailort_driver.cpp:617] [vdma_buffer_sync] Syncing VDMA buffer: handle=2, direction=TO_DEVICE, offset=4699080, count=22928
[2026-01-20 16:08:39.964] [358979] [HailoRT] [info] [hailort_driver.cpp:617] [vdma_buffer_sync] Syncing VDMA buffer: handle=2, direction=TO_DEVICE, offset=4722008, count=22464
[2026-01-20 16:08:39.964] [358979] [HailoRT] [info] [hailort_driver.cpp:617] [vdma_buffer_sync] Syncing VDMA buffer: handle=2, direction=TO_DEVICE, offset=4744472, count=22552
[2026-01-20 16:08:39.964] [358979] [HailoRT] [info] [hailort_driver.cpp:617] [vdma_buffer_sync] Syncing VDMA buffer: handle=2, direction=TO_DEVICE, offset=4767024, count=22168
[2026-01-20 16:08:39.964] [358979] [HailoRT] [info] [hailort_driver.cpp:617] [vdma_buffer_sync] Syncing VDMA buffer: handle=2, direction=TO_DEVICE, offset=4789192, count=22320
[2026-01-20 16:08:39.964] [358979] [HailoRT] [info] [hailort_driver.cpp:617] [vdma_buffer_sync] Syncing VDMA buffer: handle=2, direction=TO_DEVICE, offset=4811512, count=22680
[2026-01-20 16:08:39.964] [358979] [HailoRT] [info] [hailort_driver.cpp:617] [vdma_buffer_sync] Syncing VDMA buffer: handle=2, direction=TO_DEVICE, offset=4834192, count=22816
[2026-01-20 16:08:39.964] [358979] [HailoRT] [info] [hailort_driver.cpp:617] [vdma_buffer_sync] Syncing VDMA buffer: handle=2, direction=TO_DEVICE, offset=4857008, count=22520
[2026-01-20 16:08:39.964] [358979] [HailoRT] [info] [hailort_driver.cpp:617] [vdma_buffer_sync] Syncing VDMA buffer: handle=2, direction=TO_DEVICE, offset=4879528, count=22608
[2026-01-20 16:08:39.965] [358979] [HailoRT] [info] [hailort_driver.cpp:617] [vdma_buffer_sync] Syncing VDMA buffer: handle=2, direction=TO_DEVICE, offset=4902136, count=22240
[2026-01-20 16:08:39.965] [358979] [HailoRT] [info] [hailort_driver.cpp:617] [vdma_buffer_sync] Syncing VDMA buffer: handle=2, direction=TO_DEVICE, offset=4924376, count=22328
[2026-01-20 16:08:39.965] [358979] [HailoRT] [info] [hailort_driver.cpp:617] [vdma_buffer_sync] Syncing VDMA buffer: handle=2, direction=TO_DEVICE, offset=4946704, count=22352
[2026-01-20 16:08:39.965] [358979] [HailoRT] [info] [hailort_driver.cpp:617] [vdma_buffer_sync] Syncing VDMA buffer: handle=2, direction=TO_DEVICE, offset=4969056, count=22416
[2026-01-20 16:08:39.965] [358979] [HailoRT] [info] [hailort_driver.cpp:617] [vdma_buffer_sync] Syncing VDMA buffer: handle=2, direction=TO_DEVICE, offset=4991472, count=22632
[2026-01-20 16:08:39.965] [358979] [HailoRT] [info] [hailort_driver.cpp:617] [vdma_buffer_sync] Syncing VDMA buffer: handle=2, direction=TO_DEVICE, offset=5014104, count=22688
[2026-01-20 16:08:39.965] [358979] [HailoRT] [info] [hailort_driver.cpp:617] [vdma_buffer_sync] Syncing VDMA buffer: handle=2, direction=TO_DEVICE, offset=5036792, count=22840
[2026-01-20 16:08:39.965] [358979] [HailoRT] [info] [hailort_driver.cpp:617] [vdma_buffer_sync] Syncing VDMA buffer: handle=2, direction=TO_DEVICE, offset=5059632, count=22984
[2026-01-20 16:08:39.965] [358979] [HailoRT] [info] [hailort_driver.cpp:617] [vdma_buffer_sync] Syncing VDMA buffer: handle=2, direction=TO_DEVICE, offset=5082616, count=22776
[2026-01-20 16:08:39.965] [358979] [HailoRT] [info] [hailort_driver.cpp:617] [vdma_buffer_sync] Syncing VDMA buffer: handle=2, direction=TO_DEVICE, offset=5105392, count=22824
[2026-01-20 16:08:39.965] [358979] [HailoRT] [info] [hailort_driver.cpp:617] [vdma_buffer_sync] Syncing VDMA buffer: handle=2, direction=TO_DEVICE, offset=5128216, count=22696
[2026-01-20 16:08:39.965] [358979] [HailoRT] [info] [hailort_driver.cpp:617] [vdma_buffer_sync] Syncing VDMA buffer: handle=2, direction=TO_DEVICE, offset=5150912, count=22712
[2026-01-20 16:08:39.965] [358979] [HailoRT] [info] [hailort_driver.cpp:617] [vdma_buffer_sync] Syncing VDMA buffer: handle=2, direction=TO_DEVICE, offset=5173624, count=22192
[2026-01-20 16:08:39.965] [358979] [HailoRT] [info] [hailort_driver.cpp:617] [vdma_buffer_sync] Syncing VDMA buffer: handle=2, direction=TO_DEVICE, offset=5195816, count=22288
[2026-01-20 16:08:39.965] [358979] [HailoRT] [info] [hailort_driver.cpp:617] [vdma_buffer_sync] Syncing VDMA buffer: handle=2, direction=TO_DEVICE, offset=5218104, count=22728
[2026-01-20 16:08:39.965] [358979] [HailoRT] [info] [hailort_driver.cpp:617] [vdma_buffer_sync] Syncing VDMA buffer: handle=2, direction=TO_DEVICE, offset=5240832, count=22792
[2026-01-20 16:08:39.965] [358979] [HailoRT] [info] [hailort_driver.cpp:617] [vdma_buffer_sync] Syncing VDMA buffer: handle=2, direction=TO_DEVICE, offset=5263624, count=22856
[2026-01-20 16:08:39.965] [358979] [HailoRT] [info] [hailort_driver.cpp:617] [vdma_buffer_sync] Syncing VDMA buffer: handle=2, direction=TO_DEVICE, offset=5286480, count=22904
[2026-01-20 16:08:39.965] [358979] [HailoRT] [info] [hailort_driver.cpp:617] [vdma_buffer_sync] Syncing VDMA buffer: handle=2, direction=TO_DEVICE, offset=5309384, count=22656
[2026-01-20 16:08:39.965] [358979] [HailoRT] [info] [hailort_driver.cpp:617] [vdma_buffer_sync] Syncing VDMA buffer: handle=2, direction=TO_DEVICE, offset=5332040, count=22712
[2026-01-20 16:08:39.965] [358979] [HailoRT] [info] [hailort_driver.cpp:617] [vdma_buffer_sync] Syncing VDMA buffer: handle=2, direction=TO_DEVICE, offset=5354752, count=22896
[2026-01-20 16:08:39.965] [358979] [HailoRT] [info] [hailort_driver.cpp:617] [vdma_buffer_sync] Syncing VDMA buffer: handle=2, direction=TO_DEVICE, offset=5377648, count=23008
[2026-01-20 16:08:39.965] [358979] [HailoRT] [info] [hailort_driver.cpp:617] [vdma_buffer_sync] Syncing VDMA buffer: handle=2, direction=TO_DEVICE, offset=5400656, count=16
[2026-01-20 16:08:39.965] [358979] [HailoRT] [info] [hailort_driver.cpp:617] [vdma_buffer_sync] Syncing VDMA buffer: handle=2, direction=TO_DEVICE, offset=5400672, count=16
[2026-01-20 16:08:39.965] [358979] [HailoRT] [info] [hailort_driver.cpp:649] [descriptors_list_program] Programming descriptor list: desc_handle=20480, buffer_handle=2, buffer_size=5400688, buffer_offset=0, channel_index=0, starting_desc=0
[2026-01-20 16:08:39.965] [358979] [HailoRT] [info] [config_buffer.cpp:171] [program_descriptors] ConfigBuffer::program_descriptors: Channel 0:0. Programming 10549 descriptors. Offset: 5400688
[2026-01-20 16:08:39.968] [358979] [HailoRT] [info] [hailort_driver.cpp:649] [descriptors_list_program] Programming descriptor list: desc_handle=36864, buffer_handle=4, buffer_size=4548608, buffer_offset=0, channel_index=0, starting_desc=0
[2026-01-20 16:08:39.971] [358979] [HailoRT] [info] [hailort_driver.cpp:649] [descriptors_list_program] Programming descriptor list: desc_handle=40960, buffer_handle=5, buffer_size=4384256, buffer_offset=0, channel_index=1, starting_desc=0
[2026-01-20 16:08:39.971] [358979] [HailoRT] [info] [hailort_driver.cpp:476] [fw_control] Sending FW Control: opcode=0x00000048 (HAILO_CONTROL_OPCODE_GET_HW_CONSTS), len=20, cpu_id=1
[2026-01-20 16:08:39.972] [358979] [HailoRT] [info] [hailort_driver.cpp:649] [descriptors_list_program] Programming descriptor list: desc_handle=45056, buffer_handle=1, buffer_size=100864, buffer_offset=0, channel_index=17, starting_desc=0
[2026-01-20 16:08:39.972] [358979] [HailoRT] [info] [hailort_driver.cpp:649] [descriptors_list_program] Programming descriptor list: desc_handle=45056, buffer_handle=1, buffer_size=100352, buffer_offset=0, channel_index=17, starting_desc=0
[2026-01-20 16:08:39.972] [358979] [HailoRT] [info] [hailort_driver.cpp:649] [descriptors_list_program] Programming descriptor list: desc_handle=49152, buffer_handle=1, buffer_size=25600, buffer_offset=100864, channel_index=18, starting_desc=0
[2026-01-20 16:08:39.972] [358979] [HailoRT] [info] [hailort_driver.cpp:649] [descriptors_list_program] Programming descriptor list: desc_handle=49152, buffer_handle=1, buffer_size=25088, buffer_offset=0, channel_index=18, starting_desc=0
[2026-01-20 16:08:39.972] [358979] [HailoRT] [info] [context_switch_actions.cpp:251] [write_to_config_buffer] WriteDataCcwAction: Writing Config Data. Total Size: 1773944 bytes. Stream Index: 1
[2026-01-20 16:08:39.972] [358979] [HailoRT] [info] [hailort_driver.cpp:617] [vdma_buffer_sync] Syncing VDMA buffer: handle=5, direction=TO_DEVICE, offset=0, count=256
[2026-01-20 16:08:39.972] [358979] [HailoRT] [info] [hailort_driver.cpp:617] [vdma_buffer_sync] Syncing VDMA buffer: handle=5, direction=TO_DEVICE, offset=256, count=72
[2026-01-20 16:08:39.972] [358979] [HailoRT] [info] [hailort_driver.cpp:617] [vdma_buffer_sync] Syncing VDMA buffer: handle=5, direction=TO_DEVICE, offset=328, count=72
[2026-01-20 16:08:39.972] [358979] [HailoRT] [info] [hailort_driver.cpp:617] [vdma_buffer_sync] Syncing VDMA buffer: handle=5, direction=TO_DEVICE, offset=400, count=26080
[2026-01-20 16:08:39.972] [358979] [HailoRT] [info] [hailort_driver.cpp:617] [vdma_buffer_sync] Syncing VDMA buffer: handle=5, direction=TO_DEVICE, offset=26480, count=72
[2026-01-20 16:08:39.972] [358979] [HailoRT] [info] [hailort_driver.cpp:617] [vdma_buffer_sync] Syncing VDMA buffer: handle=5, direction=TO_DEVICE, offset=26552, count=19504
[2026-01-20 16:08:39.972] [358979] [HailoRT] [info] [hailort_driver.cpp:617] [vdma_buffer_sync] Syncing VDMA buffer: handle=5, direction=TO_DEVICE, offset=46056, count=16
[2026-01-20 16:08:39.972] [358979] [HailoRT] [info] [hailort_driver.cpp:617] [vdma_buffer_sync] Syncing VDMA buffer: handle=5, direction=TO_DEVICE, offset=46072, count=72
[2026-01-20 16:08:39.972] [358979] [HailoRT] [info] [hailort_driver.cpp:617] [vdma_buffer_sync] Syncing VDMA buffer: handle=5, direction=TO_DEVICE, offset=46144, count=19976
[2026-01-20 16:08:39.972] [358979] [HailoRT] [info] [hailort_driver.cpp:617] [vdma_buffer_sync] Syncing VDMA buffer: handle=5, direction=TO_DEVICE, offset=66120, count=23536
[2026-01-20 16:08:39.972] [358979] [HailoRT] [info] [hailort_driver.cpp:617] [vdma_buffer_sync] Syncing VDMA buffer: handle=5, direction=TO_DEVICE, offset=89656, count=23808
[2026-01-20 16:08:39.972] [358979] [HailoRT] [info] [hailort_driver.cpp:617] [vdma_buffer_sync] Syncing VDMA buffer: handle=5, direction=TO_DEVICE, offset=113464, count=23768
[2026-01-20 16:08:39.972] [358979] [HailoRT] [info] [hailort_driver.cpp:617] [vdma_buffer_sync] Syncing VDMA buffer: handle=5, direction=TO_DEVICE, offset=137232, count=24064
[2026-01-20 16:08:39.972] [358979] [HailoRT] [info] [hailort_driver.cpp:617] [vdma_buffer_sync] Syncing VDMA buffer: handle=5, direction=TO_DEVICE, offset=161296, count=31440
[2026-01-20 16:08:39.972] [358979] [HailoRT] [info] [hailort_driver.cpp:617] [vdma_buffer_sync] Syncing VDMA buffer: handle=5, direction=TO_DEVICE, offset=192736, count=4104
[2026-01-20 16:08:39.972] [358979] [HailoRT] [info] [hailort_driver.cpp:617] [vdma_buffer_sync] Syncing VDMA buffer: handle=5, direction=TO_DEVICE, offset=196840, count=28232
[2026-01-20 16:08:39.972] [358979] [HailoRT] [info] [hailort_driver.cpp:617] [vdma_buffer_sync] Syncing VDMA buffer: handle=5, direction=TO_DEVICE, offset=225072, count=3624
[2026-01-20 16:08:39.972] [358979] [HailoRT] [info] [hailort_driver.cpp:617] [vdma_buffer_sync] Syncing VDMA buffer: handle=5, direction=TO_DEVICE, offset=228696, count=30200
[2026-01-20 16:08:39.972] [358979] [HailoRT] [info] [hailort_driver.cpp:617] [vdma_buffer_sync] Syncing VDMA buffer: handle=5, direction=TO_DEVICE, offset=258896, count=4104
[2026-01-20 16:08:39.972] [358979] [HailoRT] [info] [hailort_driver.cpp:617] [vdma_buffer_sync] Syncing VDMA buffer: handle=5, direction=TO_DEVICE, offset=263000, count=4104
[2026-01-20 16:08:39.972] [358979] [HailoRT] [info] [hailort_driver.cpp:617] [vdma_buffer_sync] Syncing VDMA buffer: handle=5, direction=TO_DEVICE, offset=267104, count=24496
[2026-01-20 16:08:39.972] [358979] [HailoRT] [info] [hailort_driver.cpp:617] [vdma_buffer_sync] Syncing VDMA buffer: handle=5, direction=TO_DEVICE, offset=291600, count=24728
[2026-01-20 16:08:39.972] [358979] [HailoRT] [info] [hailort_driver.cpp:617] [vdma_buffer_sync] Syncing VDMA buffer: handle=5, direction=TO_DEVICE, offset=316328, count=24376
[2026-01-20 16:08:39.972] [358979] [HailoRT] [info] [hailort_driver.cpp:617] [vdma_buffer_sync] Syncing VDMA buffer: handle=5, direction=TO_DEVICE, offset=340704, count=24232
[2026-01-20 16:08:39.972] [358979] [HailoRT] [info] [hailort_driver.cpp:617] [vdma_buffer_sync] Syncing VDMA buffer: handle=5, direction=TO_DEVICE, offset=364936, count=24040
[2026-01-20 16:08:39.972] [358979] [HailoRT] [info] [hailort_driver.cpp:617] [vdma_buffer_sync] Syncing VDMA buffer: handle=5, direction=TO_DEVICE, offset=388976, count=24544
[2026-01-20 16:08:39.972] [358979] [HailoRT] [info] [hailort_driver.cpp:617] [vdma_buffer_sync] Syncing VDMA buffer: handle=5, direction=TO_DEVICE, offset=413520, count=23840
[2026-01-20 16:08:39.972] [358979] [HailoRT] [info] [hailort_driver.cpp:617] [vdma_buffer_sync] Syncing VDMA buffer: handle=5, direction=TO_DEVICE, offset=437360, count=24296
[2026-01-20 16:08:39.972] [358979] [HailoRT] [info] [hailort_driver.cpp:617] [vdma_buffer_sync] Syncing VDMA buffer: handle=5, direction=TO_DEVICE, offset=461656, count=24784
[2026-01-20 16:08:39.972] [358979] [HailoRT] [info] [hailort_driver.cpp:617] [vdma_buffer_sync] Syncing VDMA buffer: handle=5, direction=TO_DEVICE, offset=486440, count=24208
[2026-01-20 16:08:39.972] [358979] [HailoRT] [info] [hailort_driver.cpp:617] [vdma_buffer_sync] Syncing VDMA buffer: handle=5, direction=TO_DEVICE, offset=510648, count=24528
[2026-01-20 16:08:39.972] [358979] [HailoRT] [info] [hailort_driver.cpp:617] [vdma_buffer_sync] Syncing VDMA buffer: handle=5, direction=TO_DEVICE, offset=535176, count=16648
[2026-01-20 16:08:39.973] [358979] [HailoRT] [info] [hailort_driver.cpp:617] [vdma_buffer_sync] Syncing VDMA buffer: handle=5, direction=TO_DEVICE, offset=551824, count=8336
[2026-01-20 16:08:39.973] [358979] [HailoRT] [info] [hailort_driver.cpp:617] [vdma_buffer_sync] Syncing VDMA buffer: handle=5, direction=TO_DEVICE, offset=560160, count=17928
[2026-01-20 16:08:39.973] [358979] [HailoRT] [info] [hailort_driver.cpp:617] [vdma_buffer_sync] Syncing VDMA buffer: handle=5, direction=TO_DEVICE, offset=578088, count=8976
[2026-01-20 16:08:39.973] [358979] [HailoRT] [info] [hailort_driver.cpp:617] [vdma_buffer_sync] Syncing VDMA buffer: handle=5, direction=TO_DEVICE, offset=587064, count=18024
[2026-01-20 16:08:39.973] [358979] [HailoRT] [info] [hailort_driver.cpp:617] [vdma_buffer_sync] Syncing VDMA buffer: handle=5, direction=TO_DEVICE, offset=605088, count=8992
[2026-01-20 16:08:39.973] [358979] [HailoRT] [info] [hailort_driver.cpp:617] [vdma_buffer_sync] Syncing VDMA buffer: handle=5, direction=TO_DEVICE, offset=614080, count=18104
[2026-01-20 16:08:39.973] [358979] [HailoRT] [info] [hailort_driver.cpp:617] [vdma_buffer_sync] Syncing VDMA buffer: handle=5, direction=TO_DEVICE, offset=632184, count=18064
[2026-01-20 16:08:39.973] [358979] [HailoRT] [info] [hailort_driver.cpp:617] [vdma_buffer_sync] Syncing VDMA buffer: handle=5, direction=TO_DEVICE, offset=650248, count=9040
[2026-01-20 16:08:39.973] [358979] [HailoRT] [info] [hailort_driver.cpp:617] [vdma_buffer_sync] Syncing VDMA buffer: handle=5, direction=TO_DEVICE, offset=659288, count=17960
[2026-01-20 16:08:39.973] [358979] [HailoRT] [info] [hailort_driver.cpp:617] [vdma_buffer_sync] Syncing VDMA buffer: handle=5, direction=TO_DEVICE, offset=677248, count=8992
[2026-01-20 16:08:39.973] [358979] [HailoRT] [info] [hailort_driver.cpp:617] [vdma_buffer_sync] Syncing VDMA buffer: handle=5, direction=TO_DEVICE, offset=686240, count=9040
[2026-01-20 16:08:39.973] [358979] [HailoRT] [info] [hailort_driver.cpp:617] [vdma_buffer_sync] Syncing VDMA buffer: handle=5, direction=TO_DEVICE, offset=695280, count=18016
[2026-01-20 16:08:39.973] [358979] [HailoRT] [info] [hailort_driver.cpp:617] [vdma_buffer_sync] Syncing VDMA buffer: handle=5, direction=TO_DEVICE, offset=713296, count=16640
[2026-01-20 16:08:39.973] [358979] [HailoRT] [info] [hailort_driver.cpp:617] [vdma_buffer_sync] Syncing VDMA buffer: handle=5, direction=TO_DEVICE, offset=729936, count=8320
[2026-01-20 16:08:39.973] [358979] [HailoRT] [info] [hailort_driver.cpp:617] [vdma_buffer_sync] Syncing VDMA buffer: handle=5, direction=TO_DEVICE, offset=738256, count=17992
[2026-01-20 16:08:39.973] [358979] [HailoRT] [info] [hailort_driver.cpp:617] [vdma_buffer_sync] Syncing VDMA buffer: handle=5, direction=TO_DEVICE, offset=756248, count=9024
[2026-01-20 16:08:39.973] [358979] [HailoRT] [info] [hailort_driver.cpp:617] [vdma_buffer_sync] Syncing VDMA buffer: handle=5, direction=TO_DEVICE, offset=765272, count=17800
[2026-01-20 16:08:39.973] [358979] [HailoRT] [info] [hailort_driver.cpp:617] [vdma_buffer_sync] Syncing VDMA buffer: handle=5, direction=TO_DEVICE, offset=783072, count=8928
[2026-01-20 16:08:39.973] [358979] [HailoRT] [info] [hailort_driver.cpp:617] [vdma_buffer_sync] Syncing VDMA buffer: handle=5, direction=TO_DEVICE, offset=792000, count=18280
[2026-01-20 16:08:39.973] [358979] [HailoRT] [info] [hailort_driver.cpp:617] [vdma_buffer_sync] Syncing VDMA buffer: handle=5, direction=TO_DEVICE, offset=810280, count=9136
[2026-01-20 16:08:39.973] [358979] [HailoRT] [info] [hailort_driver.cpp:617] [vdma_buffer_sync] Syncing VDMA buffer: handle=5, direction=TO_DEVICE, offset=819416, count=18088
[2026-01-20 16:08:39.973] [358979] [HailoRT] [info] [hailort_driver.cpp:617] [vdma_buffer_sync] Syncing VDMA buffer: handle=5, direction=TO_DEVICE, offset=837504, count=9072
[2026-01-20 16:08:39.973] [358979] [HailoRT] [info] [hailort_driver.cpp:617] [vdma_buffer_sync] Syncing VDMA buffer: handle=5, direction=TO_DEVICE, offset=846576, count=18096
[2026-01-20 16:08:39.973] [358979] [HailoRT] [info] [hailort_driver.cpp:617] [vdma_buffer_sync] Syncing VDMA buffer: handle=5, direction=TO_DEVICE, offset=864672, count=9048
[2026-01-20 16:08:39.973] [358979] [HailoRT] [info] [hailort_driver.cpp:617] [vdma_buffer_sync] Syncing VDMA buffer: handle=5, direction=TO_DEVICE, offset=873720, count=18040
[2026-01-20 16:08:39.973] [358979] [HailoRT] [info] [hailort_driver.cpp:617] [vdma_buffer_sync] Syncing VDMA buffer: handle=5, direction=TO_DEVICE, offset=891760, count=9032
[2026-01-20 16:08:39.973] [358979] [HailoRT] [info] [hailort_driver.cpp:617] [vdma_buffer_sync] Syncing VDMA buffer: handle=5, direction=TO_DEVICE, offset=900792, count=23928
[2026-01-20 16:08:39.973] [358979] [HailoRT] [info] [hailort_driver.cpp:617] [vdma_buffer_sync] Syncing VDMA buffer: handle=5, direction=TO_DEVICE, offset=924720, count=2912
[2026-01-20 16:08:39.973] [358979] [HailoRT] [info] [hailort_driver.cpp:617] [vdma_buffer_sync] Syncing VDMA buffer: handle=5, direction=TO_DEVICE, offset=927632, count=3080
[2026-01-20 16:08:39.973] [358979] [HailoRT] [info] [hailort_driver.cpp:617] [vdma_buffer_sync] Syncing VDMA buffer: handle=5, direction=TO_DEVICE, offset=930712, count=3048
[2026-01-20 16:08:39.973] [358979] [HailoRT] [info] [hailort_driver.cpp:617] [vdma_buffer_sync] Syncing VDMA buffer: handle=5, direction=TO_DEVICE, offset=933760, count=25544
[2026-01-20 16:08:39.973] [358979] [HailoRT] [info] [hailort_driver.cpp:617] [vdma_buffer_sync] Syncing VDMA buffer: handle=5, direction=TO_DEVICE, offset=959304, count=3152
[2026-01-20 16:08:39.973] [358979] [HailoRT] [info] [hailort_driver.cpp:617] [vdma_buffer_sync] Syncing VDMA buffer: handle=5, direction=TO_DEVICE, offset=962456, count=25144
[2026-01-20 16:08:39.973] [358979] [HailoRT] [info] [hailort_driver.cpp:617] [vdma_buffer_sync] Syncing VDMA buffer: handle=5, direction=TO_DEVICE, offset=987600, count=3072
[2026-01-20 16:08:39.973] [358979] [HailoRT] [info] [hailort_driver.cpp:617] [vdma_buffer_sync] Syncing VDMA buffer: handle=5, direction=TO_DEVICE, offset=990672, count=22968
[2026-01-20 16:08:39.973] [358979] [HailoRT] [info] [hailort_driver.cpp:617] [vdma_buffer_sync] Syncing VDMA buffer: handle=5, direction=TO_DEVICE, offset=1013640, count=2864
[2026-01-20 16:08:39.973] [358979] [HailoRT] [info] [hailort_driver.cpp:617] [vdma_buffer_sync] Syncing VDMA buffer: handle=5, direction=TO_DEVICE, offset=1016504, count=25608
[2026-01-20 16:08:39.973] [358979] [HailoRT] [info] [hailort_driver.cpp:617] [vdma_buffer_sync] Syncing VDMA buffer: handle=5, direction=TO_DEVICE, offset=1042112, count=3120
[2026-01-20 16:08:39.973] [358979] [HailoRT] [info] [hailort_driver.cpp:617] [vdma_buffer_sync] Syncing VDMA buffer: handle=5, direction=TO_DEVICE, offset=1045232, count=2928
[2026-01-20 16:08:39.973] [358979] [HailoRT] [info] [hailort_driver.cpp:617] [vdma_buffer_sync] Syncing VDMA buffer: handle=5, direction=TO_DEVICE, offset=1048160, count=23968
[2026-01-20 16:08:39.973] [358979] [HailoRT] [info] [hailort_driver.cpp:617] [vdma_buffer_sync] Syncing VDMA buffer: handle=5, direction=TO_DEVICE, offset=1072128, count=2944
[2026-01-20 16:08:39.973] [358979] [HailoRT] [info] [hailort_driver.cpp:617] [vdma_buffer_sync] Syncing VDMA buffer: handle=5, direction=TO_DEVICE, offset=1075072, count=2736
[2026-01-20 16:08:39.973] [358979] [HailoRT] [info] [hailort_driver.cpp:617] [vdma_buffer_sync] Syncing VDMA buffer: handle=5, direction=TO_DEVICE, offset=1077808, count=22704
[2026-01-20 16:08:39.973] [358979] [HailoRT] [info] [hailort_driver.cpp:617] [vdma_buffer_sync] Syncing VDMA buffer: handle=5, direction=TO_DEVICE, offset=1100512, count=2784
[2026-01-20 16:08:39.973] [358979] [HailoRT] [info] [hailort_driver.cpp:617] [vdma_buffer_sync] Syncing VDMA buffer: handle=5, direction=TO_DEVICE, offset=1103296, count=24656
[2026-01-20 16:08:39.973] [358979] [HailoRT] [info] [hailort_driver.cpp:617] [vdma_buffer_sync] Syncing VDMA buffer: handle=5, direction=TO_DEVICE, offset=1127952, count=23800
[2026-01-20 16:08:39.973] [358979] [HailoRT] [info] [hailort_driver.cpp:617] [vdma_buffer_sync] Syncing VDMA buffer: handle=5, direction=TO_DEVICE, offset=1151752, count=2896
[2026-01-20 16:08:39.973] [358979] [HailoRT] [info] [hailort_driver.cpp:617] [vdma_buffer_sync] Syncing VDMA buffer: handle=5, direction=TO_DEVICE, offset=1154648, count=23528
[2026-01-20 16:08:39.973] [358979] [HailoRT] [info] [hailort_driver.cpp:617] [vdma_buffer_sync] Syncing VDMA buffer: handle=5, direction=TO_DEVICE, offset=1178176, count=24880
[2026-01-20 16:08:39.973] [358979] [HailoRT] [info] [hailort_driver.cpp:617] [vdma_buffer_sync] Syncing VDMA buffer: handle=5, direction=TO_DEVICE, offset=1203056, count=3024
[2026-01-20 16:08:39.973] [358979] [HailoRT] [info] [hailort_driver.cpp:617] [vdma_buffer_sync] Syncing VDMA buffer: handle=5, direction=TO_DEVICE, offset=1206080, count=24928
[2026-01-20 16:08:39.973] [358979] [HailoRT] [info] [hailort_driver.cpp:617] [vdma_buffer_sync] Syncing VDMA buffer: handle=5, direction=TO_DEVICE, offset=1231008, count=3032
[2026-01-20 16:08:39.973] [358979] [HailoRT] [info] [hailort_driver.cpp:617] [vdma_buffer_sync] Syncing VDMA buffer: handle=5, direction=TO_DEVICE, offset=1234040, count=24216
[2026-01-20 16:08:39.973] [358979] [HailoRT] [info] [hailort_driver.cpp:617] [vdma_buffer_sync] Syncing VDMA buffer: handle=5, direction=TO_DEVICE, offset=1258256, count=2952
[2026-01-20 16:08:39.973] [358979] [HailoRT] [info] [hailort_driver.cpp:617] [vdma_buffer_sync] Syncing VDMA buffer: handle=5, direction=TO_DEVICE, offset=1261208, count=23736
[2026-01-20 16:08:39.973] [358979] [HailoRT] [info] [hailort_driver.cpp:617] [vdma_buffer_sync] Syncing VDMA buffer: handle=5, direction=TO_DEVICE, offset=1284944, count=2928
[2026-01-20 16:08:39.973] [358979] [HailoRT] [info] [hailort_driver.cpp:617] [vdma_buffer_sync] Syncing VDMA buffer: handle=5, direction=TO_DEVICE, offset=1287872, count=25856
[2026-01-20 16:08:39.973] [358979] [HailoRT] [info] [hailort_driver.cpp:617] [vdma_buffer_sync] Syncing VDMA buffer: handle=5, direction=TO_DEVICE, offset=1313728, count=3144
[2026-01-20 16:08:39.973] [358979] [HailoRT] [info] [hailort_driver.cpp:617] [vdma_buffer_sync] Syncing VDMA buffer: handle=5, direction=TO_DEVICE, offset=1316872, count=23352
[2026-01-20 16:08:39.973] [358979] [HailoRT] [info] [hailort_driver.cpp:617] [vdma_buffer_sync] Syncing VDMA buffer: handle=5, direction=TO_DEVICE, offset=1340224, count=2896
[2026-01-20 16:08:39.973] [358979] [HailoRT] [info] [hailort_driver.cpp:617] [vdma_buffer_sync] Syncing VDMA buffer: handle=5, direction=TO_DEVICE, offset=1343120, count=24368
[2026-01-20 16:08:39.973] [358979] [HailoRT] [info] [hailort_driver.cpp:617] [vdma_buffer_sync] Syncing VDMA buffer: handle=5, direction=TO_DEVICE, offset=1367488, count=2936
[2026-01-20 16:08:39.973] [358979] [HailoRT] [info] [hailort_driver.cpp:617] [vdma_buffer_sync] Syncing VDMA buffer: handle=5, direction=TO_DEVICE, offset=1370424, count=24928
[2026-01-20 16:08:39.974] [358979] [HailoRT] [info] [hailort_driver.cpp:617] [vdma_buffer_sync] Syncing VDMA buffer: handle=5, direction=TO_DEVICE, offset=1395352, count=3056
[2026-01-20 16:08:39.974] [358979] [HailoRT] [info] [hailort_driver.cpp:617] [vdma_buffer_sync] Syncing VDMA buffer: handle=5, direction=TO_DEVICE, offset=1398408, count=21032
[2026-01-20 16:08:39.974] [358979] [HailoRT] [info] [hailort_driver.cpp:617] [vdma_buffer_sync] Syncing VDMA buffer: handle=5, direction=TO_DEVICE, offset=1419440, count=20472
[2026-01-20 16:08:39.974] [358979] [HailoRT] [info] [hailort_driver.cpp:617] [vdma_buffer_sync] Syncing VDMA buffer: handle=5, direction=TO_DEVICE, offset=1439912, count=21056
[2026-01-20 16:08:39.974] [358979] [HailoRT] [info] [hailort_driver.cpp:617] [vdma_buffer_sync] Syncing VDMA buffer: handle=5, direction=TO_DEVICE, offset=1460968, count=20760
[2026-01-20 16:08:39.974] [358979] [HailoRT] [info] [hailort_driver.cpp:617] [vdma_buffer_sync] Syncing VDMA buffer: handle=5, direction=TO_DEVICE, offset=1481728, count=20664
[2026-01-20 16:08:39.974] [358979] [HailoRT] [info] [hailort_driver.cpp:617] [vdma_buffer_sync] Syncing VDMA buffer: handle=5, direction=TO_DEVICE, offset=1502392, count=20576
[2026-01-20 16:08:39.974] [358979] [HailoRT] [info] [hailort_driver.cpp:617] [vdma_buffer_sync] Syncing VDMA buffer: handle=5, direction=TO_DEVICE, offset=1522968, count=20712
[2026-01-20 16:08:39.974] [358979] [HailoRT] [info] [hailort_driver.cpp:617] [vdma_buffer_sync] Syncing VDMA buffer: handle=5, direction=TO_DEVICE, offset=1543680, count=20768
[2026-01-20 16:08:39.974] [358979] [HailoRT] [info] [hailort_driver.cpp:617] [vdma_buffer_sync] Syncing VDMA buffer: handle=5, direction=TO_DEVICE, offset=1564448, count=20496
[2026-01-20 16:08:39.974] [358979] [HailoRT] [info] [hailort_driver.cpp:617] [vdma_buffer_sync] Syncing VDMA buffer: handle=5, direction=TO_DEVICE, offset=1584944, count=20728
[2026-01-20 16:08:39.974] [358979] [HailoRT] [info] [hailort_driver.cpp:617] [vdma_buffer_sync] Syncing VDMA buffer: handle=5, direction=TO_DEVICE, offset=1605672, count=20960
[2026-01-20 16:08:39.974] [358979] [HailoRT] [info] [hailort_driver.cpp:617] [vdma_buffer_sync] Syncing VDMA buffer: handle=5, direction=TO_DEVICE, offset=1626632, count=20560
[2026-01-20 16:08:39.974] [358979] [HailoRT] [info] [hailort_driver.cpp:617] [vdma_buffer_sync] Syncing VDMA buffer: handle=5, direction=TO_DEVICE, offset=1647192, count=20624
[2026-01-20 16:08:39.974] [358979] [HailoRT] [info] [hailort_driver.cpp:617] [vdma_buffer_sync] Syncing VDMA buffer: handle=5, direction=TO_DEVICE, offset=1667816, count=20880
[2026-01-20 16:08:39.974] [358979] [HailoRT] [info] [hailort_driver.cpp:617] [vdma_buffer_sync] Syncing VDMA buffer: handle=5, direction=TO_DEVICE, offset=1688696, count=20568
[2026-01-20 16:08:39.974] [358979] [HailoRT] [info] [hailort_driver.cpp:617] [vdma_buffer_sync] Syncing VDMA buffer: handle=5, direction=TO_DEVICE, offset=1709264, count=20896
[2026-01-20 16:08:39.974] [358979] [HailoRT] [info] [hailort_driver.cpp:617] [vdma_buffer_sync] Syncing VDMA buffer: handle=5, direction=TO_DEVICE, offset=1730160, count=20472
[2026-01-20 16:08:39.974] [358979] [HailoRT] [info] [hailort_driver.cpp:617] [vdma_buffer_sync] Syncing VDMA buffer: handle=5, direction=TO_DEVICE, offset=1750632, count=12400
[2026-01-20 16:08:39.974] [358979] [HailoRT] [info] [hailort_driver.cpp:617] [vdma_buffer_sync] Syncing VDMA buffer: handle=5, direction=TO_DEVICE, offset=1763032, count=16
[2026-01-20 16:08:39.974] [358979] [HailoRT] [info] [hailort_driver.cpp:617] [vdma_buffer_sync] Syncing VDMA buffer: handle=5, direction=TO_DEVICE, offset=1763048, count=10880
[2026-01-20 16:08:39.974] [358979] [HailoRT] [info] [hailort_driver.cpp:617] [vdma_buffer_sync] Syncing VDMA buffer: handle=5, direction=TO_DEVICE, offset=1773928, count=16
[2026-01-20 16:08:39.974] [358979] [HailoRT] [info] [hailort_driver.cpp:649] [descriptors_list_program] Programming descriptor list: desc_handle=40960, buffer_handle=5, buffer_size=1773944, buffer_offset=0, channel_index=1, starting_desc=0
[2026-01-20 16:08:39.974] [358979] [HailoRT] [info] [config_buffer.cpp:171] [program_descriptors] ConfigBuffer::program_descriptors: Channel 0:1. Programming 3465 descriptors. Offset: 1773944
[2026-01-20 16:08:39.974] [358979] [HailoRT] [info] [context_switch_actions.cpp:251] [write_to_config_buffer] WriteDataCcwAction: Writing Config Data. Total Size: 1041672 bytes. Stream Index: 0
[2026-01-20 16:08:39.974] [358979] [HailoRT] [info] [hailort_driver.cpp:617] [vdma_buffer_sync] Syncing VDMA buffer: handle=4, direction=TO_DEVICE, offset=0, count=256
[2026-01-20 16:08:39.974] [358979] [HailoRT] [info] [hailort_driver.cpp:617] [vdma_buffer_sync] Syncing VDMA buffer: handle=4, direction=TO_DEVICE, offset=256, count=72
[2026-01-20 16:08:39.974] [358979] [HailoRT] [info] [hailort_driver.cpp:617] [vdma_buffer_sync] Syncing VDMA buffer: handle=4, direction=TO_DEVICE, offset=328, count=6240
[2026-01-20 16:08:39.974] [358979] [HailoRT] [info] [hailort_driver.cpp:617] [vdma_buffer_sync] Syncing VDMA buffer: handle=4, direction=TO_DEVICE, offset=6568, count=16
[2026-01-20 16:08:39.974] [358979] [HailoRT] [info] [hailort_driver.cpp:617] [vdma_buffer_sync] Syncing VDMA buffer: handle=4, direction=TO_DEVICE, offset=6584, count=72
[2026-01-20 16:08:39.974] [358979] [HailoRT] [info] [hailort_driver.cpp:617] [vdma_buffer_sync] Syncing VDMA buffer: handle=4, direction=TO_DEVICE, offset=6656, count=19112
[2026-01-20 16:08:39.974] [358979] [HailoRT] [info] [hailort_driver.cpp:617] [vdma_buffer_sync] Syncing VDMA buffer: handle=4, direction=TO_DEVICE, offset=25768, count=72
[2026-01-20 16:08:39.974] [358979] [HailoRT] [info] [hailort_driver.cpp:617] [vdma_buffer_sync] Syncing VDMA buffer: handle=4, direction=TO_DEVICE, offset=25840, count=21088
[2026-01-20 16:08:39.974] [358979] [HailoRT] [info] [hailort_driver.cpp:617] [vdma_buffer_sync] Syncing VDMA buffer: handle=4, direction=TO_DEVICE, offset=46928, count=21976
[2026-01-20 16:08:39.974] [358979] [HailoRT] [info] [hailort_driver.cpp:617] [vdma_buffer_sync] Syncing VDMA buffer: handle=4, direction=TO_DEVICE, offset=68904, count=11040
[2026-01-20 16:08:39.974] [358979] [HailoRT] [info] [hailort_driver.cpp:617] [vdma_buffer_sync] Syncing VDMA buffer: handle=4, direction=TO_DEVICE, offset=79944, count=20560
[2026-01-20 16:08:39.974] [358979] [HailoRT] [info] [hailort_driver.cpp:617] [vdma_buffer_sync] Syncing VDMA buffer: handle=4, direction=TO_DEVICE, offset=100504, count=10272
[2026-01-20 16:08:39.974] [358979] [HailoRT] [info] [hailort_driver.cpp:617] [vdma_buffer_sync] Syncing VDMA buffer: handle=4, direction=TO_DEVICE, offset=110776, count=20712
[2026-01-20 16:08:39.974] [358979] [HailoRT] [info] [hailort_driver.cpp:617] [vdma_buffer_sync] Syncing VDMA buffer: handle=4, direction=TO_DEVICE, offset=131488, count=19632
[2026-01-20 16:08:39.974] [358979] [HailoRT] [info] [hailort_driver.cpp:617] [vdma_buffer_sync] Syncing VDMA buffer: handle=4, direction=TO_DEVICE, offset=151120, count=9824
[2026-01-20 16:08:39.974] [358979] [HailoRT] [info] [hailort_driver.cpp:617] [vdma_buffer_sync] Syncing VDMA buffer: handle=4, direction=TO_DEVICE, offset=160944, count=16848
[2026-01-20 16:08:39.974] [358979] [HailoRT] [info] [hailort_driver.cpp:617] [vdma_buffer_sync] Syncing VDMA buffer: handle=4, direction=TO_DEVICE, offset=177792, count=8432
[2026-01-20 16:08:39.974] [358979] [HailoRT] [info] [hailort_driver.cpp:617] [vdma_buffer_sync] Syncing VDMA buffer: handle=4, direction=TO_DEVICE, offset=186224, count=19944
[2026-01-20 16:08:39.974] [358979] [HailoRT] [info] [hailort_driver.cpp:617] [vdma_buffer_sync] Syncing VDMA buffer: handle=4, direction=TO_DEVICE, offset=206168, count=9984
[2026-01-20 16:08:39.974] [358979] [HailoRT] [info] [hailort_driver.cpp:617] [vdma_buffer_sync] Syncing VDMA buffer: handle=4, direction=TO_DEVICE, offset=216152, count=20000
[2026-01-20 16:08:39.974] [358979] [HailoRT] [info] [hailort_driver.cpp:617] [vdma_buffer_sync] Syncing VDMA buffer: handle=4, direction=TO_DEVICE, offset=236152, count=10000
[2026-01-20 16:08:39.974] [358979] [HailoRT] [info] [hailort_driver.cpp:617] [vdma_buffer_sync] Syncing VDMA buffer: handle=4, direction=TO_DEVICE, offset=246152, count=21080
[2026-01-20 16:08:39.974] [358979] [HailoRT] [info] [hailort_driver.cpp:617] [vdma_buffer_sync] Syncing VDMA buffer: handle=4, direction=TO_DEVICE, offset=267232, count=10576
[2026-01-20 16:08:39.974] [358979] [HailoRT] [info] [hailort_driver.cpp:617] [vdma_buffer_sync] Syncing VDMA buffer: handle=4, direction=TO_DEVICE, offset=277808, count=21704
[2026-01-20 16:08:39.974] [358979] [HailoRT] [info] [hailort_driver.cpp:617] [vdma_buffer_sync] Syncing VDMA buffer: handle=4, direction=TO_DEVICE, offset=299512, count=10872
[2026-01-20 16:08:39.974] [358979] [HailoRT] [info] [hailort_driver.cpp:617] [vdma_buffer_sync] Syncing VDMA buffer: handle=4, direction=TO_DEVICE, offset=310384, count=20928
[2026-01-20 16:08:39.974] [358979] [HailoRT] [info] [hailort_driver.cpp:617] [vdma_buffer_sync] Syncing VDMA buffer: handle=4, direction=TO_DEVICE, offset=331312, count=10496
[2026-01-20 16:08:39.974] [358979] [HailoRT] [info] [hailort_driver.cpp:617] [vdma_buffer_sync] Syncing VDMA buffer: handle=4, direction=TO_DEVICE, offset=341808, count=20888
[2026-01-20 16:08:39.974] [358979] [HailoRT] [info] [hailort_driver.cpp:617] [vdma_buffer_sync] Syncing VDMA buffer: handle=4, direction=TO_DEVICE, offset=362696, count=10472
[2026-01-20 16:08:39.974] [358979] [HailoRT] [info] [hailort_driver.cpp:617] [vdma_buffer_sync] Syncing VDMA buffer: handle=4, direction=TO_DEVICE, offset=373168, count=21224
[2026-01-20 16:08:39.974] [358979] [HailoRT] [info] [hailort_driver.cpp:617] [vdma_buffer_sync] Syncing VDMA buffer: handle=4, direction=TO_DEVICE, offset=394392, count=10648
[2026-01-20 16:08:39.974] [358979] [HailoRT] [info] [hailort_driver.cpp:617] [vdma_buffer_sync] Syncing VDMA buffer: handle=4, direction=TO_DEVICE, offset=405040, count=29432
[2026-01-20 16:08:39.974] [358979] [HailoRT] [info] [hailort_driver.cpp:617] [vdma_buffer_sync] Syncing VDMA buffer: handle=4, direction=TO_DEVICE, offset=434472, count=3752
[2026-01-20 16:08:39.974] [358979] [HailoRT] [info] [hailort_driver.cpp:617] [vdma_buffer_sync] Syncing VDMA buffer: handle=4, direction=TO_DEVICE, offset=438224, count=31632
[2026-01-20 16:08:39.975] [358979] [HailoRT] [info] [hailort_driver.cpp:617] [vdma_buffer_sync] Syncing VDMA buffer: handle=4, direction=TO_DEVICE, offset=469856, count=4104
[2026-01-20 16:08:39.975] [358979] [HailoRT] [info] [hailort_driver.cpp:617] [vdma_buffer_sync] Syncing VDMA buffer: handle=4, direction=TO_DEVICE, offset=473960, count=32312
[2026-01-20 16:08:39.975] [358979] [HailoRT] [info] [hailort_driver.cpp:617] [vdma_buffer_sync] Syncing VDMA buffer: handle=4, direction=TO_DEVICE, offset=506272, count=4104
[2026-01-20 16:08:39.975] [358979] [HailoRT] [info] [hailort_driver.cpp:617] [vdma_buffer_sync] Syncing VDMA buffer: handle=4, direction=TO_DEVICE, offset=510376, count=27472
[2026-01-20 16:08:39.975] [358979] [HailoRT] [info] [hailort_driver.cpp:617] [vdma_buffer_sync] Syncing VDMA buffer: handle=4, direction=TO_DEVICE, offset=537848, count=3528
[2026-01-20 16:08:39.975] [358979] [HailoRT] [info] [hailort_driver.cpp:617] [vdma_buffer_sync] Syncing VDMA buffer: handle=4, direction=TO_DEVICE, offset=541376, count=29912
[2026-01-20 16:08:39.975] [358979] [HailoRT] [info] [hailort_driver.cpp:617] [vdma_buffer_sync] Syncing VDMA buffer: handle=4, direction=TO_DEVICE, offset=571288, count=3840
[2026-01-20 16:08:39.975] [358979] [HailoRT] [info] [hailort_driver.cpp:617] [vdma_buffer_sync] Syncing VDMA buffer: handle=4, direction=TO_DEVICE, offset=575128, count=27800
[2026-01-20 16:08:39.975] [358979] [HailoRT] [info] [hailort_driver.cpp:617] [vdma_buffer_sync] Syncing VDMA buffer: handle=4, direction=TO_DEVICE, offset=602928, count=3584
[2026-01-20 16:08:39.975] [358979] [HailoRT] [info] [hailort_driver.cpp:617] [vdma_buffer_sync] Syncing VDMA buffer: handle=4, direction=TO_DEVICE, offset=606512, count=30088
[2026-01-20 16:08:39.975] [358979] [HailoRT] [info] [hailort_driver.cpp:617] [vdma_buffer_sync] Syncing VDMA buffer: handle=4, direction=TO_DEVICE, offset=636600, count=4104
[2026-01-20 16:08:39.975] [358979] [HailoRT] [info] [hailort_driver.cpp:617] [vdma_buffer_sync] Syncing VDMA buffer: handle=4, direction=TO_DEVICE, offset=640704, count=28512
[2026-01-20 16:08:39.975] [358979] [HailoRT] [info] [hailort_driver.cpp:617] [vdma_buffer_sync] Syncing VDMA buffer: handle=4, direction=TO_DEVICE, offset=669216, count=3688
[2026-01-20 16:08:39.975] [358979] [HailoRT] [info] [hailort_driver.cpp:617] [vdma_buffer_sync] Syncing VDMA buffer: handle=4, direction=TO_DEVICE, offset=672904, count=29704
[2026-01-20 16:08:39.975] [358979] [HailoRT] [info] [hailort_driver.cpp:617] [vdma_buffer_sync] Syncing VDMA buffer: handle=4, direction=TO_DEVICE, offset=702608, count=3824
[2026-01-20 16:08:39.975] [358979] [HailoRT] [info] [hailort_driver.cpp:617] [vdma_buffer_sync] Syncing VDMA buffer: handle=4, direction=TO_DEVICE, offset=706432, count=28864
[2026-01-20 16:08:39.975] [358979] [HailoRT] [info] [hailort_driver.cpp:617] [vdma_buffer_sync] Syncing VDMA buffer: handle=4, direction=TO_DEVICE, offset=735296, count=3704
[2026-01-20 16:08:39.975] [358979] [HailoRT] [info] [hailort_driver.cpp:617] [vdma_buffer_sync] Syncing VDMA buffer: handle=4, direction=TO_DEVICE, offset=739000, count=29496
[2026-01-20 16:08:39.975] [358979] [HailoRT] [info] [hailort_driver.cpp:617] [vdma_buffer_sync] Syncing VDMA buffer: handle=4, direction=TO_DEVICE, offset=768496, count=3792
[2026-01-20 16:08:39.975] [358979] [HailoRT] [info] [hailort_driver.cpp:617] [vdma_buffer_sync] Syncing VDMA buffer: handle=4, direction=TO_DEVICE, offset=772288, count=31312
[2026-01-20 16:08:39.975] [358979] [HailoRT] [info] [hailort_driver.cpp:617] [vdma_buffer_sync] Syncing VDMA buffer: handle=4, direction=TO_DEVICE, offset=803600, count=4104
[2026-01-20 16:08:39.975] [358979] [HailoRT] [info] [hailort_driver.cpp:617] [vdma_buffer_sync] Syncing VDMA buffer: handle=4, direction=TO_DEVICE, offset=807704, count=30184
[2026-01-20 16:08:39.975] [358979] [HailoRT] [info] [hailort_driver.cpp:617] [vdma_buffer_sync] Syncing VDMA buffer: handle=4, direction=TO_DEVICE, offset=837888, count=4104
[2026-01-20 16:08:39.975] [358979] [HailoRT] [info] [hailort_driver.cpp:617] [vdma_buffer_sync] Syncing VDMA buffer: handle=4, direction=TO_DEVICE, offset=841992, count=29560
[2026-01-20 16:08:39.975] [358979] [HailoRT] [info] [hailort_driver.cpp:617] [vdma_buffer_sync] Syncing VDMA buffer: handle=4, direction=TO_DEVICE, offset=871552, count=3840
[2026-01-20 16:08:39.975] [358979] [HailoRT] [info] [hailort_driver.cpp:617] [vdma_buffer_sync] Syncing VDMA buffer: handle=4, direction=TO_DEVICE, offset=875392, count=30480
[2026-01-20 16:08:39.975] [358979] [HailoRT] [info] [hailort_driver.cpp:617] [vdma_buffer_sync] Syncing VDMA buffer: handle=4, direction=TO_DEVICE, offset=905872, count=4104
[2026-01-20 16:08:39.975] [358979] [HailoRT] [info] [hailort_driver.cpp:617] [vdma_buffer_sync] Syncing VDMA buffer: handle=4, direction=TO_DEVICE, offset=909976, count=26704
[2026-01-20 16:08:39.975] [358979] [HailoRT] [info] [hailort_driver.cpp:617] [vdma_buffer_sync] Syncing VDMA buffer: handle=4, direction=TO_DEVICE, offset=936680, count=3480
[2026-01-20 16:08:39.975] [358979] [HailoRT] [info] [hailort_driver.cpp:617] [vdma_buffer_sync] Syncing VDMA buffer: handle=4, direction=TO_DEVICE, offset=940160, count=31104
[2026-01-20 16:08:39.975] [358979] [HailoRT] [info] [hailort_driver.cpp:617] [vdma_buffer_sync] Syncing VDMA buffer: handle=4, direction=TO_DEVICE, offset=971264, count=4104
[2026-01-20 16:08:39.975] [358979] [HailoRT] [info] [hailort_driver.cpp:617] [vdma_buffer_sync] Syncing VDMA buffer: handle=4, direction=TO_DEVICE, offset=975368, count=30376
[2026-01-20 16:08:39.975] [358979] [HailoRT] [info] [hailort_driver.cpp:617] [vdma_buffer_sync] Syncing VDMA buffer: handle=4, direction=TO_DEVICE, offset=1005744, count=4104
[2026-01-20 16:08:39.975] [358979] [HailoRT] [info] [hailort_driver.cpp:617] [vdma_buffer_sync] Syncing VDMA buffer: handle=4, direction=TO_DEVICE, offset=1009848, count=3776
[2026-01-20 16:08:39.975] [358979] [HailoRT] [info] [hailort_driver.cpp:617] [vdma_buffer_sync] Syncing VDMA buffer: handle=4, direction=TO_DEVICE, offset=1013624, count=3712
[2026-01-20 16:08:39.975] [358979] [HailoRT] [info] [hailort_driver.cpp:617] [vdma_buffer_sync] Syncing VDMA buffer: handle=4, direction=TO_DEVICE, offset=1017336, count=4104
[2026-01-20 16:08:39.975] [358979] [HailoRT] [info] [hailort_driver.cpp:617] [vdma_buffer_sync] Syncing VDMA buffer: handle=4, direction=TO_DEVICE, offset=1021440, count=17280
[2026-01-20 16:08:39.975] [358979] [HailoRT] [info] [hailort_driver.cpp:617] [vdma_buffer_sync] Syncing VDMA buffer: handle=4, direction=TO_DEVICE, offset=1038720, count=2936
[2026-01-20 16:08:39.975] [358979] [HailoRT] [info] [hailort_driver.cpp:617] [vdma_buffer_sync] Syncing VDMA buffer: handle=4, direction=TO_DEVICE, offset=1041656, count=16
[2026-01-20 16:08:39.975] [358979] [HailoRT] [info] [hailort_driver.cpp:649] [descriptors_list_program] Programming descriptor list: desc_handle=36864, buffer_handle=4, buffer_size=1041672, buffer_offset=0, channel_index=0, starting_desc=0
[2026-01-20 16:08:39.975] [358979] [HailoRT] [info] [config_buffer.cpp:171] [program_descriptors] ConfigBuffer::program_descriptors: Channel 0:0. Programming 2035 descriptors. Offset: 1041672
[2026-01-20 16:08:39.975] [358979] [HailoRT] [info] [context_switch_actions.cpp:251] [write_to_config_buffer] WriteDataCcwAction: Writing Config Data. Total Size: 69904 bytes. Stream Index: 1
[2026-01-20 16:08:39.975] [358979] [HailoRT] [info] [hailort_driver.cpp:617] [vdma_buffer_sync] Syncing VDMA buffer: handle=5, direction=TO_DEVICE, offset=1774080, count=24584
[2026-01-20 16:08:39.975] [358979] [HailoRT] [info] [hailort_driver.cpp:617] [vdma_buffer_sync] Syncing VDMA buffer: handle=5, direction=TO_DEVICE, offset=1798664, count=18024
[2026-01-20 16:08:39.975] [358979] [HailoRT] [info] [hailort_driver.cpp:617] [vdma_buffer_sync] Syncing VDMA buffer: handle=5, direction=TO_DEVICE, offset=1816688, count=9048
[2026-01-20 16:08:39.975] [358979] [HailoRT] [info] [hailort_driver.cpp:617] [vdma_buffer_sync] Syncing VDMA buffer: handle=5, direction=TO_DEVICE, offset=1825736, count=18248
[2026-01-20 16:08:39.975] [358979] [HailoRT] [info] [hailort_driver.cpp:649] [descriptors_list_program] Programming descriptor list: desc_handle=40960, buffer_handle=5, buffer_size=69904, buffer_offset=0, channel_index=1, starting_desc=3465
[2026-01-20 16:08:39.975] [358979] [HailoRT] [info] [config_buffer.cpp:171] [program_descriptors] ConfigBuffer::program_descriptors: Channel 0:1. Programming 137 descriptors. Offset: 69904
[2026-01-20 16:08:39.975] [358979] [HailoRT] [info] [context_switch_actions.cpp:251] [write_to_config_buffer] WriteDataCcwAction: Writing Config Data. Total Size: 48488 bytes. Stream Index: 0
[2026-01-20 16:08:39.975] [358979] [HailoRT] [info] [hailort_driver.cpp:617] [vdma_buffer_sync] Syncing VDMA buffer: handle=4, direction=TO_DEVICE, offset=1041920, count=21312
[2026-01-20 16:08:39.975] [358979] [HailoRT] [info] [hailort_driver.cpp:617] [vdma_buffer_sync] Syncing VDMA buffer: handle=4, direction=TO_DEVICE, offset=1063232, count=6248
[2026-01-20 16:08:39.975] [358979] [HailoRT] [info] [hailort_driver.cpp:617] [vdma_buffer_sync] Syncing VDMA buffer: handle=4, direction=TO_DEVICE, offset=1069480, count=16
[2026-01-20 16:08:39.975] [358979] [HailoRT] [info] [hailort_driver.cpp:617] [vdma_buffer_sync] Syncing VDMA buffer: handle=4, direction=TO_DEVICE, offset=1069496, count=72
[2026-01-20 16:08:39.975] [358979] [HailoRT] [info] [hailort_driver.cpp:617] [vdma_buffer_sync] Syncing VDMA buffer: handle=4, direction=TO_DEVICE, offset=1069568, count=20840
[2026-01-20 16:08:39.975] [358979] [HailoRT] [info] [hailort_driver.cpp:649] [descriptors_list_program] Programming descriptor list: desc_handle=36864, buffer_handle=4, buffer_size=48488, buffer_offset=0, channel_index=0, starting_desc=2035
[2026-01-20 16:08:39.975] [358979] [HailoRT] [info] [config_buffer.cpp:171] [program_descriptors] ConfigBuffer::program_descriptors: Channel 0:0. Programming 95 descriptors. Offset: 48488
[2026-01-20 16:08:39.975] [358979] [HailoRT] [info] [context_switch_actions.cpp:251] [write_to_config_buffer] WriteDataCcwAction: Writing Config Data. Total Size: 23976 bytes. Stream Index: 1
[2026-01-20 16:08:39.975] [358979] [HailoRT] [info] [hailort_driver.cpp:617] [vdma_buffer_sync] Syncing VDMA buffer: handle=5, direction=TO_DEVICE, offset=1844224, count=23976
[2026-01-20 16:08:39.975] [358979] [HailoRT] [info] [hailort_driver.cpp:649] [descriptors_list_program] Programming descriptor list: desc_handle=40960, buffer_handle=5, buffer_size=23976, buffer_offset=0, channel_index=1, starting_desc=3602
[2026-01-20 16:08:39.975] [358979] [HailoRT] [info] [config_buffer.cpp:171] [program_descriptors] ConfigBuffer::program_descriptors: Channel 0:1. Programming 47 descriptors. Offset: 23976
[2026-01-20 16:08:39.975] [358979] [HailoRT] [info] [context_switch_actions.cpp:251] [write_to_config_buffer] WriteDataCcwAction: Writing Config Data. Total Size: 20696 bytes. Stream Index: 0
[2026-01-20 16:08:39.975] [358979] [HailoRT] [info] [hailort_driver.cpp:617] [vdma_buffer_sync] Syncing VDMA buffer: handle=4, direction=TO_DEVICE, offset=1090560, count=20680
[2026-01-20 16:08:39.975] [358979] [HailoRT] [info] [hailort_driver.cpp:617] [vdma_buffer_sync] Syncing VDMA buffer: handle=4, direction=TO_DEVICE, offset=1111240, count=16
[2026-01-20 16:08:39.975] [358979] [HailoRT] [info] [hailort_driver.cpp:649] [descriptors_list_program] Programming descriptor list: desc_handle=36864, buffer_handle=4, buffer_size=20696, buffer_offset=0, channel_index=0, starting_desc=2130
[2026-01-20 16:08:39.975] [358979] [HailoRT] [info] [config_buffer.cpp:171] [program_descriptors] ConfigBuffer::program_descriptors: Channel 0:0. Programming 41 descriptors. Offset: 20696
[2026-01-20 16:08:39.975] [358979] [HailoRT] [info] [context_switch_actions.cpp:251] [write_to_config_buffer] WriteDataCcwAction: Writing Config Data. Total Size: 9184 bytes. Stream Index: 1
[2026-01-20 16:08:39.976] [358979] [HailoRT] [info] [hailort_driver.cpp:617] [vdma_buffer_sync] Syncing VDMA buffer: handle=5, direction=TO_DEVICE, offset=1868288, count=9184
[2026-01-20 16:08:39.976] [358979] [HailoRT] [info] [hailort_driver.cpp:649] [descriptors_list_program] Programming descriptor list: desc_handle=40960, buffer_handle=5, buffer_size=9184, buffer_offset=0, channel_index=1, starting_desc=3649
[2026-01-20 16:08:39.976] [358979] [HailoRT] [info] [config_buffer.cpp:171] [program_descriptors] ConfigBuffer::program_descriptors: Channel 0:1. Programming 18 descriptors. Offset: 9184
[2026-01-20 16:08:39.976] [358979] [HailoRT] [info] [context_switch_actions.cpp:251] [write_to_config_buffer] WriteDataCcwAction: Writing Config Data. Total Size: 17256 bytes. Stream Index: 0
[2026-01-20 16:08:39.976] [358979] [HailoRT] [info] [hailort_driver.cpp:617] [vdma_buffer_sync] Syncing VDMA buffer: handle=4, direction=TO_DEVICE, offset=1111552, count=17256
[2026-01-20 16:08:39.976] [358979] [HailoRT] [info] [hailort_driver.cpp:649] [descriptors_list_program] Programming descriptor list: desc_handle=36864, buffer_handle=4, buffer_size=17256, buffer_offset=0, channel_index=0, starting_desc=2171
[2026-01-20 16:08:39.976] [358979] [HailoRT] [info] [config_buffer.cpp:171] [program_descriptors] ConfigBuffer::program_descriptors: Channel 0:0. Programming 34 descriptors. Offset: 17256
[2026-01-20 16:08:39.976] [358979] [HailoRT] [info] [context_switch_actions.cpp:251] [write_to_config_buffer] WriteDataCcwAction: Writing Config Data. Total Size: 17208 bytes. Stream Index: 0
[2026-01-20 16:08:39.976] [358979] [HailoRT] [info] [hailort_driver.cpp:617] [vdma_buffer_sync] Syncing VDMA buffer: handle=4, direction=TO_DEVICE, offset=1128960, count=17208
[2026-01-20 16:08:39.976] [358979] [HailoRT] [info] [hailort_driver.cpp:649] [descriptors_list_program] Programming descriptor list: desc_handle=36864, buffer_handle=4, buffer_size=17208, buffer_offset=0, channel_index=0, starting_desc=2205
[2026-01-20 16:08:39.976] [358979] [HailoRT] [info] [config_buffer.cpp:171] [program_descriptors] ConfigBuffer::program_descriptors: Channel 0:0. Programming 34 descriptors. Offset: 17208
[2026-01-20 16:08:39.976] [358979] [HailoRT] [info] [context_switch_actions.cpp:251] [write_to_config_buffer] WriteDataCcwAction: Writing Config Data. Total Size: 68736 bytes. Stream Index: 0
[2026-01-20 16:08:39.976] [358979] [HailoRT] [info] [hailort_driver.cpp:617] [vdma_buffer_sync] Syncing VDMA buffer: handle=4, direction=TO_DEVICE, offset=1146368, count=17192
[2026-01-20 16:08:39.976] [358979] [HailoRT] [info] [hailort_driver.cpp:617] [vdma_buffer_sync] Syncing VDMA buffer: handle=4, direction=TO_DEVICE, offset=1163560, count=17208
[2026-01-20 16:08:39.976] [358979] [HailoRT] [info] [hailort_driver.cpp:617] [vdma_buffer_sync] Syncing VDMA buffer: handle=4, direction=TO_DEVICE, offset=1180768, count=17192
[2026-01-20 16:08:39.976] [358979] [HailoRT] [info] [hailort_driver.cpp:617] [vdma_buffer_sync] Syncing VDMA buffer: handle=4, direction=TO_DEVICE, offset=1197960, count=17144
[2026-01-20 16:08:39.976] [358979] [HailoRT] [info] [hailort_driver.cpp:649] [descriptors_list_program] Programming descriptor list: desc_handle=36864, buffer_handle=4, buffer_size=68736, buffer_offset=0, channel_index=0, starting_desc=2239
[2026-01-20 16:08:39.976] [358979] [HailoRT] [info] [config_buffer.cpp:171] [program_descriptors] ConfigBuffer::program_descriptors: Channel 0:0. Programming 135 descriptors. Offset: 68736
[2026-01-20 16:08:39.976] [358979] [HailoRT] [info] [context_switch_actions.cpp:251] [write_to_config_buffer] WriteDataCcwAction: Writing Config Data. Total Size: 81024 bytes. Stream Index: 1
[2026-01-20 16:08:39.976] [358979] [HailoRT] [info] [hailort_driver.cpp:617] [vdma_buffer_sync] Syncing VDMA buffer: handle=5, direction=TO_DEVICE, offset=1877504, count=24040
[2026-01-20 16:08:39.976] [358979] [HailoRT] [info] [hailort_driver.cpp:617] [vdma_buffer_sync] Syncing VDMA buffer: handle=5, direction=TO_DEVICE, offset=1901544, count=23776
[2026-01-20 16:08:39.976] [358979] [HailoRT] [info] [hailort_driver.cpp:617] [vdma_buffer_sync] Syncing VDMA buffer: handle=5, direction=TO_DEVICE, offset=1925320, count=24104
[2026-01-20 16:08:39.976] [358979] [HailoRT] [info] [hailort_driver.cpp:617] [vdma_buffer_sync] Syncing VDMA buffer: handle=5, direction=TO_DEVICE, offset=1949424, count=9104
[2026-01-20 16:08:39.976] [358979] [HailoRT] [info] [hailort_driver.cpp:649] [descriptors_list_program] Programming descriptor list: desc_handle=40960, buffer_handle=5, buffer_size=81024, buffer_offset=0, channel_index=1, starting_desc=3667
[2026-01-20 16:08:39.976] [358979] [HailoRT] [info] [config_buffer.cpp:171] [program_descriptors] ConfigBuffer::program_descriptors: Channel 0:1. Programming 159 descriptors. Offset: 81024
[2026-01-20 16:08:39.976] [358979] [HailoRT] [info] [context_switch_actions.cpp:251] [write_to_config_buffer] WriteDataCcwAction: Writing Config Data. Total Size: 102896 bytes. Stream Index: 0
[2026-01-20 16:08:39.976] [358979] [HailoRT] [info] [hailort_driver.cpp:617] [vdma_buffer_sync] Syncing VDMA buffer: handle=4, direction=TO_DEVICE, offset=1215488, count=17120
[2026-01-20 16:08:39.976] [358979] [HailoRT] [info] [hailort_driver.cpp:617] [vdma_buffer_sync] Syncing VDMA buffer: handle=4, direction=TO_DEVICE, offset=1232608, count=17200
[2026-01-20 16:08:39.976] [358979] [HailoRT] [info] [hailort_driver.cpp:617] [vdma_buffer_sync] Syncing VDMA buffer: handle=4, direction=TO_DEVICE, offset=1249808, count=17112
[2026-01-20 16:08:39.976] [358979] [HailoRT] [info] [hailort_driver.cpp:617] [vdma_buffer_sync] Syncing VDMA buffer: handle=4, direction=TO_DEVICE, offset=1266920, count=17112
[2026-01-20 16:08:39.976] [358979] [HailoRT] [info] [hailort_driver.cpp:617] [vdma_buffer_sync] Syncing VDMA buffer: handle=4, direction=TO_DEVICE, offset=1284032, count=17184
[2026-01-20 16:08:39.976] [358979] [HailoRT] [info] [hailort_driver.cpp:617] [vdma_buffer_sync] Syncing VDMA buffer: handle=4, direction=TO_DEVICE, offset=1301216, count=17168
[2026-01-20 16:08:39.976] [358979] [HailoRT] [info] [hailort_driver.cpp:649] [descriptors_list_program] Programming descriptor list: desc_handle=36864, buffer_handle=4, buffer_size=102896, buffer_offset=0, channel_index=0, starting_desc=2374
[2026-01-20 16:08:39.976] [358979] [HailoRT] [info] [config_buffer.cpp:171] [program_descriptors] ConfigBuffer::program_descriptors: Channel 0:0. Programming 201 descriptors. Offset: 102896
[2026-01-20 16:08:39.976] [358979] [HailoRT] [info] [context_switch_actions.cpp:251] [write_to_config_buffer] WriteDataCcwAction: Writing Config Data. Total Size: 68528 bytes. Stream Index: 1
[2026-01-20 16:08:39.976] [358979] [HailoRT] [info] [hailort_driver.cpp:617] [vdma_buffer_sync] Syncing VDMA buffer: handle=5, direction=TO_DEVICE, offset=1958912, count=17248
[2026-01-20 16:08:39.976] [358979] [HailoRT] [info] [hailort_driver.cpp:617] [vdma_buffer_sync] Syncing VDMA buffer: handle=5, direction=TO_DEVICE, offset=1976160, count=17272
[2026-01-20 16:08:39.976] [358979] [HailoRT] [info] [hailort_driver.cpp:617] [vdma_buffer_sync] Syncing VDMA buffer: handle=5, direction=TO_DEVICE, offset=1993432, count=17232
[2026-01-20 16:08:39.976] [358979] [HailoRT] [info] [hailort_driver.cpp:617] [vdma_buffer_sync] Syncing VDMA buffer: handle=5, direction=TO_DEVICE, offset=2010664, count=16776
[2026-01-20 16:08:39.976] [358979] [HailoRT] [info] [hailort_driver.cpp:649] [descriptors_list_program] Programming descriptor list: desc_handle=40960, buffer_handle=5, buffer_size=68528, buffer_offset=0, channel_index=1, starting_desc=3826
[2026-01-20 16:08:39.976] [358979] [HailoRT] [info] [config_buffer.cpp:171] [program_descriptors] ConfigBuffer::program_descriptors: Channel 0:1. Programming 134 descriptors. Offset: 68528
[2026-01-20 16:08:39.976] [358979] [HailoRT] [info] [context_switch_actions.cpp:251] [write_to_config_buffer] WriteDataCcwAction: Writing Config Data. Total Size: 27720 bytes. Stream Index: 0
[2026-01-20 16:08:39.976] [358979] [HailoRT] [info] [hailort_driver.cpp:617] [vdma_buffer_sync] Syncing VDMA buffer: handle=4, direction=TO_DEVICE, offset=1318400, count=24720
[2026-01-20 16:08:39.976] [358979] [HailoRT] [info] [hailort_driver.cpp:617] [vdma_buffer_sync] Syncing VDMA buffer: handle=4, direction=TO_DEVICE, offset=1343120, count=3000
[2026-01-20 16:08:39.976] [358979] [HailoRT] [info] [hailort_driver.cpp:649] [descriptors_list_program] Programming descriptor list: desc_handle=36864, buffer_handle=4, buffer_size=27720, buffer_offset=0, channel_index=0, starting_desc=2575
[2026-01-20 16:08:39.976] [358979] [HailoRT] [info] [config_buffer.cpp:171] [program_descriptors] ConfigBuffer::program_descriptors: Channel 0:0. Programming 55 descriptors. Offset: 27720
[2026-01-20 16:08:39.976] [358979] [HailoRT] [info] [context_switch_actions.cpp:251] [write_to_config_buffer] WriteDataCcwAction: Writing Config Data. Total Size: 27432 bytes. Stream Index: 0
[2026-01-20 16:08:39.976] [358979] [HailoRT] [info] [hailort_driver.cpp:617] [vdma_buffer_sync] Syncing VDMA buffer: handle=4, direction=TO_DEVICE, offset=1346560, count=24480
[2026-01-20 16:08:39.976] [358979] [HailoRT] [info] [hailort_driver.cpp:617] [vdma_buffer_sync] Syncing VDMA buffer: handle=4, direction=TO_DEVICE, offset=1371040, count=2952
[2026-01-20 16:08:39.976] [358979] [HailoRT] [info] [hailort_driver.cpp:649] [descriptors_list_program] Programming descriptor list: desc_handle=36864, buffer_handle=4, buffer_size=27432, buffer_offset=0, channel_index=0, starting_desc=2630
[2026-01-20 16:08:39.976] [358979] [HailoRT] [info] [config_buffer.cpp:171] [program_descriptors] ConfigBuffer::program_descriptors: Channel 0:0. Programming 54 descriptors. Offset: 27432
[2026-01-20 16:08:39.976] [358979] [HailoRT] [info] [context_switch_actions.cpp:251] [write_to_config_buffer] WriteDataCcwAction: Writing Config Data. Total Size: 28512 bytes. Stream Index: 0
[2026-01-20 16:08:39.976] [358979] [HailoRT] [info] [hailort_driver.cpp:617] [vdma_buffer_sync] Syncing VDMA buffer: handle=4, direction=TO_DEVICE, offset=1374208, count=3680
[2026-01-20 16:08:39.976] [358979] [HailoRT] [info] [hailort_driver.cpp:617] [vdma_buffer_sync] Syncing VDMA buffer: handle=4, direction=TO_DEVICE, offset=1377888, count=24832
[2026-01-20 16:08:39.976] [358979] [HailoRT] [info] [hailort_driver.cpp:649] [descriptors_list_program] Programming descriptor list: desc_handle=36864, buffer_handle=4, buffer_size=28512, buffer_offset=0, channel_index=0, starting_desc=2684
[2026-01-20 16:08:39.976] [358979] [HailoRT] [info] [config_buffer.cpp:171] [program_descriptors] ConfigBuffer::program_descriptors: Channel 0:0. Programming 56 descriptors. Offset: 28512
[2026-01-20 16:08:39.976] [358979] [HailoRT] [info] [context_switch_actions.cpp:251] [write_to_config_buffer] WriteDataCcwAction: Writing Config Data. Total Size: 145984 bytes. Stream Index: 0
[2026-01-20 16:08:39.976] [358979] [HailoRT] [info] [hailort_driver.cpp:617] [vdma_buffer_sync] Syncing VDMA buffer: handle=4, direction=TO_DEVICE, offset=1402880, count=24632
[2026-01-20 16:08:39.976] [358979] [HailoRT] [info] [hailort_driver.cpp:617] [vdma_buffer_sync] Syncing VDMA buffer: handle=4, direction=TO_DEVICE, offset=1427512, count=24704
[2026-01-20 16:08:39.976] [358979] [HailoRT] [info] [hailort_driver.cpp:617] [vdma_buffer_sync] Syncing VDMA buffer: handle=4, direction=TO_DEVICE, offset=1452216, count=24096
[2026-01-20 16:08:39.976] [358979] [HailoRT] [info] [hailort_driver.cpp:617] [vdma_buffer_sync] Syncing VDMA buffer: handle=4, direction=TO_DEVICE, offset=1476312, count=24232
[2026-01-20 16:08:39.976] [358979] [HailoRT] [info] [hailort_driver.cpp:617] [vdma_buffer_sync] Syncing VDMA buffer: handle=4, direction=TO_DEVICE, offset=1500544, count=24048
[2026-01-20 16:08:39.976] [358979] [HailoRT] [info] [hailort_driver.cpp:617] [vdma_buffer_sync] Syncing VDMA buffer: handle=4, direction=TO_DEVICE, offset=1524592, count=24272
[2026-01-20 16:08:39.976] [358979] [HailoRT] [info] [hailort_driver.cpp:649] [descriptors_list_program] Programming descriptor list: desc_handle=36864, buffer_handle=4, buffer_size=145984, buffer_offset=0, channel_index=0, starting_desc=2740
[2026-01-20 16:08:39.976] [358979] [HailoRT] [info] [config_buffer.cpp:171] [program_descriptors] ConfigBuffer::program_descriptors: Channel 0:0. Programming 286 descriptors. Offset: 145984
[2026-01-20 16:08:39.976] [358979] [HailoRT] [info] [context_switch_actions.cpp:251] [write_to_config_buffer] WriteDataCcwAction: Writing Config Data. Total Size: 24056 bytes. Stream Index: 0
[2026-01-20 16:08:39.976] [358979] [HailoRT] [info] [hailort_driver.cpp:617] [vdma_buffer_sync] Syncing VDMA buffer: handle=4, direction=TO_DEVICE, offset=1549312, count=24056
[2026-01-20 16:08:39.976] [358979] [HailoRT] [info] [hailort_driver.cpp:649] [descriptors_list_program] Programming descriptor list: desc_handle=36864, buffer_handle=4, buffer_size=24056, buffer_offset=0, channel_index=0, starting_desc=3026
[2026-01-20 16:08:39.976] [358979] [HailoRT] [info] [config_buffer.cpp:171] [program_descriptors] ConfigBuffer::program_descriptors: Channel 0:0. Programming 47 descriptors. Offset: 24056
[2026-01-20 16:08:39.976] [358979] [HailoRT] [info] [context_switch_actions.cpp:251] [write_to_config_buffer] WriteDataCcwAction: Writing Config Data. Total Size: 6784 bytes. Stream Index: 0
[2026-01-20 16:08:39.976] [358979] [HailoRT] [info] [hailort_driver.cpp:617] [vdma_buffer_sync] Syncing VDMA buffer: handle=4, direction=TO_DEVICE, offset=1573376, count=3752
[2026-01-20 16:08:39.976] [358979] [HailoRT] [info] [hailort_driver.cpp:617] [vdma_buffer_sync] Syncing VDMA buffer: handle=4, direction=TO_DEVICE, offset=1577128, count=3032
[2026-01-20 16:08:39.976] [358979] [HailoRT] [info] [hailort_driver.cpp:649] [descriptors_list_program] Programming descriptor list: desc_handle=36864, buffer_handle=4, buffer_size=6784, buffer_offset=0, channel_index=0, starting_desc=3073
[2026-01-20 16:08:39.976] [358979] [HailoRT] [info] [config_buffer.cpp:171] [program_descriptors] ConfigBuffer::program_descriptors: Channel 0:0. Programming 14 descriptors. Offset: 6784
[2026-01-20 16:08:39.976] [358979] [HailoRT] [info] [context_switch_actions.cpp:251] [write_to_config_buffer] WriteDataCcwAction: Writing Config Data. Total Size: 73736 bytes. Stream Index: 0
[2026-01-20 16:08:39.976] [358979] [HailoRT] [info] [hailort_driver.cpp:617] [vdma_buffer_sync] Syncing VDMA buffer: handle=4, direction=TO_DEVICE, offset=1580544, count=24304
[2026-01-20 16:08:39.976] [358979] [HailoRT] [info] [hailort_driver.cpp:617] [vdma_buffer_sync] Syncing VDMA buffer: handle=4, direction=TO_DEVICE, offset=1604848, count=24408
[2026-01-20 16:08:39.976] [358979] [HailoRT] [info] [hailort_driver.cpp:617] [vdma_buffer_sync] Syncing VDMA buffer: handle=4, direction=TO_DEVICE, offset=1629256, count=25024
[2026-01-20 16:08:39.977] [358979] [HailoRT] [info] [hailort_driver.cpp:649] [descriptors_list_program] Programming descriptor list: desc_handle=36864, buffer_handle=4, buffer_size=73736, buffer_offset=0, channel_index=0, starting_desc=3087
[2026-01-20 16:08:39.977] [358979] [HailoRT] [info] [config_buffer.cpp:171] [program_descriptors] ConfigBuffer::program_descriptors: Channel 0:0. Programming 145 descriptors. Offset: 73736
[2026-01-20 16:08:39.977] [358979] [HailoRT] [info] [context_switch_actions.cpp:251] [write_to_config_buffer] WriteDataCcwAction: Writing Config Data. Total Size: 53448 bytes. Stream Index: 1
[2026-01-20 16:08:39.977] [358979] [HailoRT] [info] [hailort_driver.cpp:617] [vdma_buffer_sync] Syncing VDMA buffer: handle=5, direction=TO_DEVICE, offset=2027520, count=6040
[2026-01-20 16:08:39.977] [358979] [HailoRT] [info] [hailort_driver.cpp:617] [vdma_buffer_sync] Syncing VDMA buffer: handle=5, direction=TO_DEVICE, offset=2033560, count=16
[2026-01-20 16:08:39.977] [358979] [HailoRT] [info] [hailort_driver.cpp:617] [vdma_buffer_sync] Syncing VDMA buffer: handle=5, direction=TO_DEVICE, offset=2033576, count=23720
[2026-01-20 16:08:39.977] [358979] [HailoRT] [info] [hailort_driver.cpp:617] [vdma_buffer_sync] Syncing VDMA buffer: handle=5, direction=TO_DEVICE, offset=2057296, count=23672
[2026-01-20 16:08:39.977] [358979] [HailoRT] [info] [hailort_driver.cpp:649] [descriptors_list_program] Programming descriptor list: desc_handle=40960, buffer_handle=5, buffer_size=53448, buffer_offset=0, channel_index=1, starting_desc=3960
[2026-01-20 16:08:39.977] [358979] [HailoRT] [info] [config_buffer.cpp:171] [program_descriptors] ConfigBuffer::program_descriptors: Channel 0:1. Programming 105 descriptors. Offset: 53448
[2026-01-20 16:08:39.977] [358979] [HailoRT] [info] [context_switch_actions.cpp:251] [write_to_config_buffer] WriteDataCcwAction: Writing Config Data. Total Size: 30272 bytes. Stream Index: 1
[2026-01-20 16:08:39.977] [358979] [HailoRT] [info] [hailort_driver.cpp:617] [vdma_buffer_sync] Syncing VDMA buffer: handle=5, direction=TO_DEVICE, offset=2081280, count=3768
[2026-01-20 16:08:39.977] [358979] [HailoRT] [info] [hailort_driver.cpp:617] [vdma_buffer_sync] Syncing VDMA buffer: handle=5, direction=TO_DEVICE, offset=2085048, count=26504
[2026-01-20 16:08:39.977] [358979] [HailoRT] [info] [hailort_driver.cpp:649] [descriptors_list_program] Programming descriptor list: desc_handle=40960, buffer_handle=5, buffer_size=30272, buffer_offset=0, channel_index=1, starting_desc=4065
[2026-01-20 16:08:39.977] [358979] [HailoRT] [info] [config_buffer.cpp:171] [program_descriptors] ConfigBuffer::program_descriptors: Channel 0:1. Programming 60 descriptors. Offset: 30272
[2026-01-20 16:08:39.977] [358979] [HailoRT] [info] [context_switch_actions.cpp:251] [write_to_config_buffer] WriteDataCcwAction: Writing Config Data. Total Size: 17040 bytes. Stream Index: 1
[2026-01-20 16:08:39.977] [358979] [HailoRT] [info] [hailort_driver.cpp:617] [vdma_buffer_sync] Syncing VDMA buffer: handle=5, direction=TO_DEVICE, offset=2112000, count=17040
[2026-01-20 16:08:39.977] [358979] [HailoRT] [info] [hailort_driver.cpp:649] [descriptors_list_program] Programming descriptor list: desc_handle=40960, buffer_handle=5, buffer_size=17040, buffer_offset=0, channel_index=1, starting_desc=4125
[2026-01-20 16:08:39.977] [358979] [HailoRT] [info] [config_buffer.cpp:171] [program_descriptors] ConfigBuffer::program_descriptors: Channel 0:1. Programming 34 descriptors. Offset: 17040
[2026-01-20 16:08:39.977] [358979] [HailoRT] [info] [context_switch_actions.cpp:251] [write_to_config_buffer] WriteDataCcwAction: Writing Config Data. Total Size: 93368 bytes. Stream Index: 1
[2026-01-20 16:08:39.977] [358979] [HailoRT] [info] [hailort_driver.cpp:617] [vdma_buffer_sync] Syncing VDMA buffer: handle=5, direction=TO_DEVICE, offset=2129408, count=23888
[2026-01-20 16:08:39.977] [358979] [HailoRT] [info] [hailort_driver.cpp:617] [vdma_buffer_sync] Syncing VDMA buffer: handle=5, direction=TO_DEVICE, offset=2153296, count=19976
[2026-01-20 16:08:39.977] [358979] [HailoRT] [info] [hailort_driver.cpp:617] [vdma_buffer_sync] Syncing VDMA buffer: handle=5, direction=TO_DEVICE, offset=2173272, count=10000
[2026-01-20 16:08:39.977] [358979] [HailoRT] [info] [hailort_driver.cpp:617] [vdma_buffer_sync] Syncing VDMA buffer: handle=5, direction=TO_DEVICE, offset=2183272, count=20600
[2026-01-20 16:08:39.977] [358979] [HailoRT] [info] [hailort_driver.cpp:617] [vdma_buffer_sync] Syncing VDMA buffer: handle=5, direction=TO_DEVICE, offset=2203872, count=10360
[2026-01-20 16:08:39.977] [358979] [HailoRT] [info] [hailort_driver.cpp:617] [vdma_buffer_sync] Syncing VDMA buffer: handle=5, direction=TO_DEVICE, offset=2214232, count=8544
[2026-01-20 16:08:39.977] [358979] [HailoRT] [info] [hailort_driver.cpp:649] [descriptors_list_program] Programming descriptor list: desc_handle=40960, buffer_handle=5, buffer_size=93368, buffer_offset=0, channel_index=1, starting_desc=4159
[2026-01-20 16:08:39.977] [358979] [HailoRT] [info] [config_buffer.cpp:171] [program_descriptors] ConfigBuffer::program_descriptors: Channel 0:1. Programming 183 descriptors. Offset: 93368
[2026-01-20 16:08:39.977] [358979] [HailoRT] [info] [context_switch_actions.cpp:251] [write_to_config_buffer] WriteDataCcwAction: Writing Config Data. Total Size: 127720 bytes. Stream Index: 1
[2026-01-20 16:08:39.977] [358979] [HailoRT] [info] [hailort_driver.cpp:617] [vdma_buffer_sync] Syncing VDMA buffer: handle=5, direction=TO_DEVICE, offset=2223104, count=28992
[2026-01-20 16:08:39.977] [358979] [HailoRT] [info] [hailort_driver.cpp:617] [vdma_buffer_sync] Syncing VDMA buffer: handle=5, direction=TO_DEVICE, offset=2252096, count=30008
[2026-01-20 16:08:39.977] [358979] [HailoRT] [info] [hailort_driver.cpp:617] [vdma_buffer_sync] Syncing VDMA buffer: handle=5, direction=TO_DEVICE, offset=2282104, count=4104
[2026-01-20 16:08:39.977] [358979] [HailoRT] [info] [hailort_driver.cpp:617] [vdma_buffer_sync] Syncing VDMA buffer: handle=5, direction=TO_DEVICE, offset=2286208, count=32184
[2026-01-20 16:08:39.977] [358979] [HailoRT] [info] [hailort_driver.cpp:617] [vdma_buffer_sync] Syncing VDMA buffer: handle=5, direction=TO_DEVICE, offset=2318392, count=28768
[2026-01-20 16:08:39.977] [358979] [HailoRT] [info] [hailort_driver.cpp:617] [vdma_buffer_sync] Syncing VDMA buffer: handle=5, direction=TO_DEVICE, offset=2347160, count=3664
[2026-01-20 16:08:39.977] [358979] [HailoRT] [info] [hailort_driver.cpp:649] [descriptors_list_program] Programming descriptor list: desc_handle=40960, buffer_handle=5, buffer_size=127720, buffer_offset=0, channel_index=1, starting_desc=4342
[2026-01-20 16:08:39.977] [358979] [HailoRT] [info] [config_buffer.cpp:171] [program_descriptors] ConfigBuffer::program_descriptors: Channel 0:1. Programming 250 descriptors. Offset: 127720
[2026-01-20 16:08:39.977] [358979] [HailoRT] [info] [context_switch_actions.cpp:251] [write_to_config_buffer] WriteDataCcwAction: Writing Config Data. Total Size: 3432 bytes. Stream Index: 1
[2026-01-20 16:08:39.977] [358979] [HailoRT] [info] [hailort_driver.cpp:617] [vdma_buffer_sync] Syncing VDMA buffer: handle=5, direction=TO_DEVICE, offset=2351104, count=3432
[2026-01-20 16:08:39.977] [358979] [HailoRT] [info] [hailort_driver.cpp:649] [descriptors_list_program] Programming descriptor list: desc_handle=40960, buffer_handle=5, buffer_size=3432, buffer_offset=0, channel_index=1, starting_desc=4592
[2026-01-20 16:08:39.977] [358979] [HailoRT] [info] [config_buffer.cpp:171] [program_descriptors] ConfigBuffer::program_descriptors: Channel 0:1. Programming 7 descriptors. Offset: 3432
[2026-01-20 16:08:39.977] [358979] [HailoRT] [info] [context_switch_actions.cpp:251] [write_to_config_buffer] WriteDataCcwAction: Writing Config Data. Total Size: 3024 bytes. Stream Index: 0
[2026-01-20 16:08:39.977] [358979] [HailoRT] [info] [hailort_driver.cpp:617] [vdma_buffer_sync] Syncing VDMA buffer: handle=4, direction=TO_DEVICE, offset=1654784, count=3024
[2026-01-20 16:08:39.977] [358979] [HailoRT] [info] [hailort_driver.cpp:649] [descriptors_list_program] Programming descriptor list: desc_handle=36864, buffer_handle=4, buffer_size=3024, buffer_offset=0, channel_index=0, starting_desc=3232
[2026-01-20 16:08:39.977] [358979] [HailoRT] [info] [config_buffer.cpp:171] [program_descriptors] ConfigBuffer::program_descriptors: Channel 0:0. Programming 6 descriptors. Offset: 3024
[2026-01-20 16:08:39.977] [358979] [HailoRT] [info] [context_switch_actions.cpp:251] [write_to_config_buffer] WriteDataCcwAction: Writing Config Data. Total Size: 23816 bytes. Stream Index: 0
[2026-01-20 16:08:39.977] [358979] [HailoRT] [info] [hailort_driver.cpp:617] [vdma_buffer_sync] Syncing VDMA buffer: handle=4, direction=TO_DEVICE, offset=1657856, count=23816
[2026-01-20 16:08:39.977] [358979] [HailoRT] [info] [hailort_driver.cpp:649] [descriptors_list_program] Programming descriptor list: desc_handle=36864, buffer_handle=4, buffer_size=23816, buffer_offset=0, channel_index=0, starting_desc=3238
[2026-01-20 16:08:39.977] [358979] [HailoRT] [info] [config_buffer.cpp:171] [program_descriptors] ConfigBuffer::program_descriptors: Channel 0:0. Programming 47 descriptors. Offset: 23816
[2026-01-20 16:08:39.977] [358979] [HailoRT] [info] [context_switch_actions.cpp:251] [write_to_config_buffer] WriteDataCcwAction: Writing Config Data. Total Size: 24808 bytes. Stream Index: 1
[2026-01-20 16:08:39.977] [358979] [HailoRT] [info] [hailort_driver.cpp:617] [vdma_buffer_sync] Syncing VDMA buffer: handle=5, direction=TO_DEVICE, offset=2354688, count=24808
[2026-01-20 16:08:39.977] [358979] [HailoRT] [info] [hailort_driver.cpp:649] [descriptors_list_program] Programming descriptor list: desc_handle=40960, buffer_handle=5, buffer_size=24808, buffer_offset=0, channel_index=1, starting_desc=4599
[2026-01-20 16:08:39.977] [358979] [HailoRT] [info] [config_buffer.cpp:171] [program_descriptors] ConfigBuffer::program_descriptors: Channel 0:1. Programming 49 descriptors. Offset: 24808
[2026-01-20 16:08:39.977] [358979] [HailoRT] [info] [context_switch_actions.cpp:251] [write_to_config_buffer] WriteDataCcwAction: Writing Config Data. Total Size: 29144 bytes. Stream Index: 1
[2026-01-20 16:08:39.977] [358979] [HailoRT] [info] [hailort_driver.cpp:617] [vdma_buffer_sync] Syncing VDMA buffer: handle=5, direction=TO_DEVICE, offset=2379776, count=23256
[2026-01-20 16:08:39.977] [358979] [HailoRT] [info] [hailort_driver.cpp:617] [vdma_buffer_sync] Syncing VDMA buffer: handle=5, direction=TO_DEVICE, offset=2403032, count=2920
[2026-01-20 16:08:39.977] [358979] [HailoRT] [info] [hailort_driver.cpp:617] [vdma_buffer_sync] Syncing VDMA buffer: handle=5, direction=TO_DEVICE, offset=2405952, count=2968
[2026-01-20 16:08:39.977] [358979] [HailoRT] [info] [hailort_driver.cpp:649] [descriptors_list_program] Programming descriptor list: desc_handle=40960, buffer_handle=5, buffer_size=29144, buffer_offset=0, channel_index=1, starting_desc=4648
[2026-01-20 16:08:39.977] [358979] [HailoRT] [info] [config_buffer.cpp:171] [program_descriptors] ConfigBuffer::program_descriptors: Channel 0:1. Programming 57 descriptors. Offset: 29144
[2026-01-20 16:08:39.977] [358979] [HailoRT] [info] [context_switch_actions.cpp:251] [write_to_config_buffer] WriteDataCcwAction: Writing Config Data. Total Size: 29800 bytes. Stream Index: 0
[2026-01-20 16:08:39.978] [358979] [HailoRT] [info] [hailort_driver.cpp:617] [vdma_buffer_sync] Syncing VDMA buffer: handle=4, direction=TO_DEVICE, offset=1681920, count=3712
[2026-01-20 16:08:39.978] [358979] [HailoRT] [info] [hailort_driver.cpp:617] [vdma_buffer_sync] Syncing VDMA buffer: handle=4, direction=TO_DEVICE, offset=1685632, count=26088
[2026-01-20 16:08:39.978] [358979] [HailoRT] [info] [hailort_driver.cpp:649] [descriptors_list_program] Programming descriptor list: desc_handle=36864, buffer_handle=4, buffer_size=29800, buffer_offset=0, channel_index=0, starting_desc=3285
[2026-01-20 16:08:39.978] [358979] [HailoRT] [info] [config_buffer.cpp:171] [program_descriptors] ConfigBuffer::program_descriptors: Channel 0:0. Programming 59 descriptors. Offset: 29800
[2026-01-20 16:08:39.978] [358979] [HailoRT] [info] [context_switch_actions.cpp:251] [write_to_config_buffer] WriteDataCcwAction: Writing Config Data. Total Size: 70808 bytes. Stream Index: 1
[2026-01-20 16:08:39.978] [358979] [HailoRT] [info] [hailort_driver.cpp:617] [vdma_buffer_sync] Syncing VDMA buffer: handle=5, direction=TO_DEVICE, offset=2408960, count=22784
[2026-01-20 16:08:39.978] [358979] [HailoRT] [info] [hailort_driver.cpp:617] [vdma_buffer_sync] Syncing VDMA buffer: handle=5, direction=TO_DEVICE, offset=2431744, count=2800
[2026-01-20 16:08:39.978] [358979] [HailoRT] [info] [hailort_driver.cpp:617] [vdma_buffer_sync] Syncing VDMA buffer: handle=5, direction=TO_DEVICE, offset=2434544, count=21904
[2026-01-20 16:08:39.978] [358979] [HailoRT] [info] [hailort_driver.cpp:617] [vdma_buffer_sync] Syncing VDMA buffer: handle=5, direction=TO_DEVICE, offset=2456448, count=23320
[2026-01-20 16:08:39.978] [358979] [HailoRT] [info] [hailort_driver.cpp:649] [descriptors_list_program] Programming descriptor list: desc_handle=40960, buffer_handle=5, buffer_size=70808, buffer_offset=0, channel_index=1, starting_desc=4705
[2026-01-20 16:08:39.978] [358979] [HailoRT] [info] [config_buffer.cpp:171] [program_descriptors] ConfigBuffer::program_descriptors: Channel 0:1. Programming 139 descriptors. Offset: 70808
[2026-01-20 16:08:39.978] [358979] [HailoRT] [info] [context_switch_actions.cpp:251] [write_to_config_buffer] WriteDataCcwAction: Writing Config Data. Total Size: 58576 bytes. Stream Index: 1
[2026-01-20 16:08:39.978] [358979] [HailoRT] [info] [hailort_driver.cpp:617] [vdma_buffer_sync] Syncing VDMA buffer: handle=5, direction=TO_DEVICE, offset=2480128, count=24848
[2026-01-20 16:08:39.978] [358979] [HailoRT] [info] [hailort_driver.cpp:617] [vdma_buffer_sync] Syncing VDMA buffer: handle=5, direction=TO_DEVICE, offset=2504976, count=2968
[2026-01-20 16:08:39.978] [358979] [HailoRT] [info] [hailort_driver.cpp:617] [vdma_buffer_sync] Syncing VDMA buffer: handle=5, direction=TO_DEVICE, offset=2507944, count=24800
[2026-01-20 16:08:39.978] [358979] [HailoRT] [info] [hailort_driver.cpp:617] [vdma_buffer_sync] Syncing VDMA buffer: handle=5, direction=TO_DEVICE, offset=2532744, count=3096
[2026-01-20 16:08:39.978] [358979] [HailoRT] [info] [hailort_driver.cpp:617] [vdma_buffer_sync] Syncing VDMA buffer: handle=5, direction=TO_DEVICE, offset=2535840, count=2864
[2026-01-20 16:08:39.978] [358979] [HailoRT] [info] [hailort_driver.cpp:649] [descriptors_list_program] Programming descriptor list: desc_handle=40960, buffer_handle=5, buffer_size=58576, buffer_offset=0, channel_index=1, starting_desc=4844
[2026-01-20 16:08:39.978] [358979] [HailoRT] [info] [config_buffer.cpp:171] [program_descriptors] ConfigBuffer::program_descriptors: Channel 0:1. Programming 115 descriptors. Offset: 58576
[2026-01-20 16:08:39.978] [358979] [HailoRT] [info] [context_switch_actions.cpp:251] [write_to_config_buffer] WriteDataCcwAction: Writing Config Data. Total Size: 23664 bytes. Stream Index: 1
[2026-01-20 16:08:39.978] [358979] [HailoRT] [info] [hailort_driver.cpp:617] [vdma_buffer_sync] Syncing VDMA buffer: handle=5, direction=TO_DEVICE, offset=2539008, count=23664
[2026-01-20 16:08:39.978] [358979] [HailoRT] [info] [hailort_driver.cpp:649] [descriptors_list_program] Programming descriptor list: desc_handle=40960, buffer_handle=5, buffer_size=23664, buffer_offset=0, channel_index=1, starting_desc=4959
[2026-01-20 16:08:39.978] [358979] [HailoRT] [info] [config_buffer.cpp:171] [program_descriptors] ConfigBuffer::program_descriptors: Channel 0:1. Programming 47 descriptors. Offset: 23664
[2026-01-20 16:08:39.978] [358979] [HailoRT] [info] [context_switch_actions.cpp:251] [write_to_config_buffer] WriteDataCcwAction: Writing Config Data. Total Size: 61664 bytes. Stream Index: 1
[2026-01-20 16:08:39.978] [358979] [HailoRT] [info] [hailort_driver.cpp:617] [vdma_buffer_sync] Syncing VDMA buffer: handle=5, direction=TO_DEVICE, offset=2563072, count=9112
[2026-01-20 16:08:39.979] [358979] [HailoRT] [info] [hailort_driver.cpp:617] [vdma_buffer_sync] Syncing VDMA buffer: handle=5, direction=TO_DEVICE, offset=2572184, count=18656
[2026-01-20 16:08:39.979] [358979] [HailoRT] [info] [hailort_driver.cpp:617] [vdma_buffer_sync] Syncing VDMA buffer: handle=5, direction=TO_DEVICE, offset=2590840, count=9016
[2026-01-20 16:08:39.979] [358979] [HailoRT] [info] [hailort_driver.cpp:617] [vdma_buffer_sync] Syncing VDMA buffer: handle=5, direction=TO_DEVICE, offset=2599856, count=16584
[2026-01-20 16:08:39.979] [358979] [HailoRT] [info] [hailort_driver.cpp:617] [vdma_buffer_sync] Syncing VDMA buffer: handle=5, direction=TO_DEVICE, offset=2616440, count=8296
[2026-01-20 16:08:39.979] [358979] [HailoRT] [info] [hailort_driver.cpp:649] [descriptors_list_program] Programming descriptor list: desc_handle=40960, buffer_handle=5, buffer_size=61664, buffer_offset=0, channel_index=1, starting_desc=5006
[2026-01-20 16:08:39.979] [358979] [HailoRT] [info] [config_buffer.cpp:171] [program_descriptors] ConfigBuffer::program_descriptors: Channel 0:1. Programming 121 descriptors. Offset: 61664
[2026-01-20 16:08:39.979] [358979] [HailoRT] [info] [context_switch_actions.cpp:251] [write_to_config_buffer] WriteDataCcwAction: Writing Config Data. Total Size: 48792 bytes. Stream Index: 0
[2026-01-20 16:08:39.979] [358979] [HailoRT] [info] [hailort_driver.cpp:617] [vdma_buffer_sync] Syncing VDMA buffer: handle=4, direction=TO_DEVICE, offset=1712128, count=24408
[2026-01-20 16:08:39.979] [358979] [HailoRT] [info] [hailort_driver.cpp:617] [vdma_buffer_sync] Syncing VDMA buffer: handle=4, direction=TO_DEVICE, offset=1736536, count=24384
[2026-01-20 16:08:39.979] [358979] [HailoRT] [info] [hailort_driver.cpp:649] [descriptors_list_program] Programming descriptor list: desc_handle=36864, buffer_handle=4, buffer_size=48792, buffer_offset=0, channel_index=0, starting_desc=3344
[2026-01-20 16:08:39.979] [358979] [HailoRT] [info] [config_buffer.cpp:171] [program_descriptors] ConfigBuffer::program_descriptors: Channel 0:0. Programming 96 descriptors. Offset: 48792
[2026-01-20 16:08:39.979] [358979] [HailoRT] [info] [context_switch_actions.cpp:251] [write_to_config_buffer] WriteDataCcwAction: Writing Config Data. Total Size: 153016 bytes. Stream Index: 1
[2026-01-20 16:08:39.979] [358979] [HailoRT] [info] [hailort_driver.cpp:617] [vdma_buffer_sync] Syncing VDMA buffer: handle=5, direction=TO_DEVICE, offset=2625024, count=24664
[2026-01-20 16:08:39.979] [358979] [HailoRT] [info] [hailort_driver.cpp:617] [vdma_buffer_sync] Syncing VDMA buffer: handle=5, direction=TO_DEVICE, offset=2649688, count=24072
[2026-01-20 16:08:39.979] [358979] [HailoRT] [info] [hailort_driver.cpp:617] [vdma_buffer_sync] Syncing VDMA buffer: handle=5, direction=TO_DEVICE, offset=2673760, count=24144
[2026-01-20 16:08:39.979] [358979] [HailoRT] [info] [hailort_driver.cpp:617] [vdma_buffer_sync] Syncing VDMA buffer: handle=5, direction=TO_DEVICE, offset=2697904, count=23704
[2026-01-20 16:08:39.979] [358979] [HailoRT] [info] [hailort_driver.cpp:617] [vdma_buffer_sync] Syncing VDMA buffer: handle=5, direction=TO_DEVICE, offset=2721608, count=2904
[2026-01-20 16:08:39.979] [358979] [HailoRT] [info] [hailort_driver.cpp:617] [vdma_buffer_sync] Syncing VDMA buffer: handle=5, direction=TO_DEVICE, offset=2724512, count=23048
[2026-01-20 16:08:39.979] [358979] [HailoRT] [info] [hailort_driver.cpp:617] [vdma_buffer_sync] Syncing VDMA buffer: handle=5, direction=TO_DEVICE, offset=2747560, count=2808
[2026-01-20 16:08:39.979] [358979] [HailoRT] [info] [hailort_driver.cpp:617] [vdma_buffer_sync] Syncing VDMA buffer: handle=5, direction=TO_DEVICE, offset=2750368, count=24864
[2026-01-20 16:08:39.979] [358979] [HailoRT] [info] [hailort_driver.cpp:617] [vdma_buffer_sync] Syncing VDMA buffer: handle=5, direction=TO_DEVICE, offset=2775232, count=2808
[2026-01-20 16:08:39.979] [358979] [HailoRT] [info] [hailort_driver.cpp:649] [descriptors_list_program] Programming descriptor list: desc_handle=40960, buffer_handle=5, buffer_size=153016, buffer_offset=0, channel_index=1, starting_desc=5127
[2026-01-20 16:08:39.979] [358979] [HailoRT] [info] [config_buffer.cpp:171] [program_descriptors] ConfigBuffer::program_descriptors: Channel 0:1. Programming 299 descriptors. Offset: 153016
[2026-01-20 16:08:39.979] [358979] [HailoRT] [info] [context_switch_actions.cpp:251] [write_to_config_buffer] WriteDataCcwAction: Writing Config Data. Total Size: 76664 bytes. Stream Index: 1
[2026-01-20 16:08:39.979] [358979] [HailoRT] [info] [hailort_driver.cpp:617] [vdma_buffer_sync] Syncing VDMA buffer: handle=5, direction=TO_DEVICE, offset=2778112, count=24512
[2026-01-20 16:08:39.979] [358979] [HailoRT] [info] [hailort_driver.cpp:617] [vdma_buffer_sync] Syncing VDMA buffer: handle=5, direction=TO_DEVICE, offset=2802624, count=23944
[2026-01-20 16:08:39.979] [358979] [HailoRT] [info] [hailort_driver.cpp:617] [vdma_buffer_sync] Syncing VDMA buffer: handle=5, direction=TO_DEVICE, offset=2826568, count=25192
[2026-01-20 16:08:39.979] [358979] [HailoRT] [info] [hailort_driver.cpp:617] [vdma_buffer_sync] Syncing VDMA buffer: handle=5, direction=TO_DEVICE, offset=2851760, count=3016
[2026-01-20 16:08:39.979] [358979] [HailoRT] [info] [hailort_driver.cpp:649] [descriptors_list_program] Programming descriptor list: desc_handle=40960, buffer_handle=5, buffer_size=76664, buffer_offset=0, channel_index=1, starting_desc=5426
[2026-01-20 16:08:39.979] [358979] [HailoRT] [info] [config_buffer.cpp:171] [program_descriptors] ConfigBuffer::program_descriptors: Channel 0:1. Programming 150 descriptors. Offset: 76664
[2026-01-20 16:08:39.979] [358979] [HailoRT] [info] [context_switch_actions.cpp:251] [write_to_config_buffer] WriteDataCcwAction: Writing Config Data. Total Size: 88080 bytes. Stream Index: 1
[2026-01-20 16:08:39.979] [358979] [HailoRT] [info] [hailort_driver.cpp:617] [vdma_buffer_sync] Syncing VDMA buffer: handle=5, direction=TO_DEVICE, offset=2854912, count=20680
[2026-01-20 16:08:39.979] [358979] [HailoRT] [info] [hailort_driver.cpp:617] [vdma_buffer_sync] Syncing VDMA buffer: handle=5, direction=TO_DEVICE, offset=2875592, count=10344
[2026-01-20 16:08:39.979] [358979] [HailoRT] [info] [hailort_driver.cpp:617] [vdma_buffer_sync] Syncing VDMA buffer: handle=5, direction=TO_DEVICE, offset=2885936, count=19792
[2026-01-20 16:08:39.979] [358979] [HailoRT] [info] [hailort_driver.cpp:617] [vdma_buffer_sync] Syncing VDMA buffer: handle=5, direction=TO_DEVICE, offset=2905728, count=9928
[2026-01-20 16:08:39.979] [358979] [HailoRT] [info] [hailort_driver.cpp:617] [vdma_buffer_sync] Syncing VDMA buffer: handle=5, direction=TO_DEVICE, offset=2915656, count=18208
[2026-01-20 16:08:39.979] [358979] [HailoRT] [info] [hailort_driver.cpp:617] [vdma_buffer_sync] Syncing VDMA buffer: handle=5, direction=TO_DEVICE, offset=2933864, count=9128
[2026-01-20 16:08:39.979] [358979] [HailoRT] [info] [hailort_driver.cpp:649] [descriptors_list_program] Programming descriptor list: desc_handle=40960, buffer_handle=5, buffer_size=88080, buffer_offset=0, channel_index=1, starting_desc=5576
[2026-01-20 16:08:39.979] [358979] [HailoRT] [info] [config_buffer.cpp:171] [program_descriptors] ConfigBuffer::program_descriptors: Channel 0:1. Programming 173 descriptors. Offset: 88080
[2026-01-20 16:08:39.979] [358979] [HailoRT] [info] [context_switch_actions.cpp:251] [write_to_config_buffer] WriteDataCcwAction: Writing Config Data. Total Size: 98648 bytes. Stream Index: 0
[2026-01-20 16:08:39.979] [358979] [HailoRT] [info] [hailort_driver.cpp:617] [vdma_buffer_sync] Syncing VDMA buffer: handle=4, direction=TO_DEVICE, offset=1761280, count=28712
[2026-01-20 16:08:39.979] [358979] [HailoRT] [info] [hailort_driver.cpp:617] [vdma_buffer_sync] Syncing VDMA buffer: handle=4, direction=TO_DEVICE, offset=1789992, count=3640
[2026-01-20 16:08:39.979] [358979] [HailoRT] [info] [hailort_driver.cpp:617] [vdma_buffer_sync] Syncing VDMA buffer: handle=4, direction=TO_DEVICE, offset=1793632, count=30392
[2026-01-20 16:08:39.979] [358979] [HailoRT] [info] [hailort_driver.cpp:617] [vdma_buffer_sync] Syncing VDMA buffer: handle=4, direction=TO_DEVICE, offset=1824024, count=4104
[2026-01-20 16:08:39.979] [358979] [HailoRT] [info] [hailort_driver.cpp:617] [vdma_buffer_sync] Syncing VDMA buffer: handle=4, direction=TO_DEVICE, offset=1828128, count=4104
[2026-01-20 16:08:39.979] [358979] [HailoRT] [info] [hailort_driver.cpp:617] [vdma_buffer_sync] Syncing VDMA buffer: handle=4, direction=TO_DEVICE, offset=1832232, count=3848
[2026-01-20 16:08:39.979] [358979] [HailoRT] [info] [hailort_driver.cpp:617] [vdma_buffer_sync] Syncing VDMA buffer: handle=4, direction=TO_DEVICE, offset=1836080, count=23848
[2026-01-20 16:08:39.979] [358979] [HailoRT] [info] [hailort_driver.cpp:649] [descriptors_list_program] Programming descriptor list: desc_handle=36864, buffer_handle=4, buffer_size=98648, buffer_offset=0, channel_index=0, starting_desc=3440
[2026-01-20 16:08:39.979] [358979] [HailoRT] [info] [config_buffer.cpp:171] [program_descriptors] ConfigBuffer::program_descriptors: Channel 0:0. Programming 193 descriptors. Offset: 98648
[2026-01-20 16:08:39.979] [358979] [HailoRT] [info] [context_switch_actions.cpp:251] [write_to_config_buffer] WriteDataCcwAction: Writing Config Data. Total Size: 165472 bytes. Stream Index: 0
[2026-01-20 16:08:39.979] [358979] [HailoRT] [info] [hailort_driver.cpp:617] [vdma_buffer_sync] Syncing VDMA buffer: handle=4, direction=TO_DEVICE, offset=1860096, count=23704
[2026-01-20 16:08:39.979] [358979] [HailoRT] [info] [hailort_driver.cpp:617] [vdma_buffer_sync] Syncing VDMA buffer: handle=4, direction=TO_DEVICE, offset=1883800, count=23960
[2026-01-20 16:08:39.979] [358979] [HailoRT] [info] [hailort_driver.cpp:617] [vdma_buffer_sync] Syncing VDMA buffer: handle=4, direction=TO_DEVICE, offset=1907760, count=23232
[2026-01-20 16:08:39.979] [358979] [HailoRT] [info] [hailort_driver.cpp:617] [vdma_buffer_sync] Syncing VDMA buffer: handle=4, direction=TO_DEVICE, offset=1930992, count=23912
[2026-01-20 16:08:39.979] [358979] [HailoRT] [info] [hailort_driver.cpp:617] [vdma_buffer_sync] Syncing VDMA buffer: handle=4, direction=TO_DEVICE, offset=1954904, count=23640
[2026-01-20 16:08:39.979] [358979] [HailoRT] [info] [hailort_driver.cpp:617] [vdma_buffer_sync] Syncing VDMA buffer: handle=4, direction=TO_DEVICE, offset=1978544, count=23864
[2026-01-20 16:08:39.979] [358979] [HailoRT] [info] [hailort_driver.cpp:617] [vdma_buffer_sync] Syncing VDMA buffer: handle=4, direction=TO_DEVICE, offset=2002408, count=23160
[2026-01-20 16:08:39.979] [358979] [HailoRT] [info] [hailort_driver.cpp:649] [descriptors_list_program] Programming descriptor list: desc_handle=36864, buffer_handle=4, buffer_size=165472, buffer_offset=0, channel_index=0, starting_desc=3633
[2026-01-20 16:08:39.980] [358979] [HailoRT] [info] [config_buffer.cpp:171] [program_descriptors] ConfigBuffer::program_descriptors: Channel 0:0. Programming 324 descriptors. Offset: 165472
[2026-01-20 16:08:39.980] [358979] [HailoRT] [info] [context_switch_actions.cpp:251] [write_to_config_buffer] WriteDataCcwAction: Writing Config Data. Total Size: 168952 bytes. Stream Index: 0
[2026-01-20 16:08:39.980] [358979] [HailoRT] [info] [hailort_driver.cpp:617] [vdma_buffer_sync] Syncing VDMA buffer: handle=4, direction=TO_DEVICE, offset=2025984, count=3368
[2026-01-20 16:08:39.980] [358979] [HailoRT] [info] [hailort_driver.cpp:617] [vdma_buffer_sync] Syncing VDMA buffer: handle=4, direction=TO_DEVICE, offset=2029352, count=31416
[2026-01-20 16:08:39.980] [358979] [HailoRT] [info] [hailort_driver.cpp:617] [vdma_buffer_sync] Syncing VDMA buffer: handle=4, direction=TO_DEVICE, offset=2060768, count=27696
[2026-01-20 16:08:39.980] [358979] [HailoRT] [info] [hailort_driver.cpp:617] [vdma_buffer_sync] Syncing VDMA buffer: handle=4, direction=TO_DEVICE, offset=2088464, count=3536
[2026-01-20 16:08:39.980] [358979] [HailoRT] [info] [hailort_driver.cpp:617] [vdma_buffer_sync] Syncing VDMA buffer: handle=4, direction=TO_DEVICE, offset=2092000, count=30176
[2026-01-20 16:08:39.980] [358979] [HailoRT] [info] [hailort_driver.cpp:617] [vdma_buffer_sync] Syncing VDMA buffer: handle=4, direction=TO_DEVICE, offset=2122176, count=4104
[2026-01-20 16:08:39.980] [358979] [HailoRT] [info] [hailort_driver.cpp:617] [vdma_buffer_sync] Syncing VDMA buffer: handle=4, direction=TO_DEVICE, offset=2126280, count=3192
[2026-01-20 16:08:39.980] [358979] [HailoRT] [info] [hailort_driver.cpp:617] [vdma_buffer_sync] Syncing VDMA buffer: handle=4, direction=TO_DEVICE, offset=2129472, count=31088
[2026-01-20 16:08:39.980] [358979] [HailoRT] [info] [hailort_driver.cpp:617] [vdma_buffer_sync] Syncing VDMA buffer: handle=4, direction=TO_DEVICE, offset=2160560, count=4104
[2026-01-20 16:08:39.980] [358979] [HailoRT] [info] [hailort_driver.cpp:617] [vdma_buffer_sync] Syncing VDMA buffer: handle=4, direction=TO_DEVICE, offset=2164664, count=30272
[2026-01-20 16:08:39.980] [358979] [HailoRT] [info] [hailort_driver.cpp:649] [descriptors_list_program] Programming descriptor list: desc_handle=36864, buffer_handle=4, buffer_size=168952, buffer_offset=0, channel_index=0, starting_desc=3957
[2026-01-20 16:08:39.980] [358979] [HailoRT] [info] [config_buffer.cpp:171] [program_descriptors] ConfigBuffer::program_descriptors: Channel 0:0. Programming 330 descriptors. Offset: 168952
[2026-01-20 16:08:39.980] [358979] [HailoRT] [info] [context_switch_actions.cpp:251] [write_to_config_buffer] WriteDataCcwAction: Writing Config Data. Total Size: 107856 bytes. Stream Index: 0
[2026-01-20 16:08:39.980] [358979] [HailoRT] [info] [hailort_driver.cpp:617] [vdma_buffer_sync] Syncing VDMA buffer: handle=4, direction=TO_DEVICE, offset=2194944, count=2928
[2026-01-20 16:08:39.980] [358979] [HailoRT] [info] [hailort_driver.cpp:617] [vdma_buffer_sync] Syncing VDMA buffer: handle=4, direction=TO_DEVICE, offset=2197872, count=22936
[2026-01-20 16:08:39.980] [358979] [HailoRT] [info] [hailort_driver.cpp:617] [vdma_buffer_sync] Syncing VDMA buffer: handle=4, direction=TO_DEVICE, offset=2220808, count=2808
[2026-01-20 16:08:39.980] [358979] [HailoRT] [info] [hailort_driver.cpp:617] [vdma_buffer_sync] Syncing VDMA buffer: handle=4, direction=TO_DEVICE, offset=2223616, count=22544
[2026-01-20 16:08:39.980] [358979] [HailoRT] [info] [hailort_driver.cpp:617] [vdma_buffer_sync] Syncing VDMA buffer: handle=4, direction=TO_DEVICE, offset=2246160, count=2752
[2026-01-20 16:08:39.980] [358979] [HailoRT] [info] [hailort_driver.cpp:617] [vdma_buffer_sync] Syncing VDMA buffer: handle=4, direction=TO_DEVICE, offset=2248912, count=24144
[2026-01-20 16:08:39.980] [358979] [HailoRT] [info] [hailort_driver.cpp:617] [vdma_buffer_sync] Syncing VDMA buffer: handle=4, direction=TO_DEVICE, offset=2273056, count=2936
[2026-01-20 16:08:39.980] [358979] [HailoRT] [info] [hailort_driver.cpp:617] [vdma_buffer_sync] Syncing VDMA buffer: handle=4, direction=TO_DEVICE, offset=2275992, count=23864
[2026-01-20 16:08:39.980] [358979] [HailoRT] [info] [hailort_driver.cpp:617] [vdma_buffer_sync] Syncing VDMA buffer: handle=4, direction=TO_DEVICE, offset=2299856, count=2944
[2026-01-20 16:08:39.980] [358979] [HailoRT] [info] [hailort_driver.cpp:649] [descriptors_list_program] Programming descriptor list: desc_handle=36864, buffer_handle=4, buffer_size=107856, buffer_offset=0, channel_index=0, starting_desc=4287
[2026-01-20 16:08:39.980] [358979] [HailoRT] [info] [config_buffer.cpp:171] [program_descriptors] ConfigBuffer::program_descriptors: Channel 0:0. Programming 211 descriptors. Offset: 107856
[2026-01-20 16:08:39.980] [358979] [HailoRT] [info] [context_switch_actions.cpp:251] [write_to_config_buffer] WriteDataCcwAction: Writing Config Data. Total Size: 294016 bytes. Stream Index: 0
[2026-01-20 16:08:39.980] [358979] [HailoRT] [info] [hailort_driver.cpp:617] [vdma_buffer_sync] Syncing VDMA buffer: handle=4, direction=TO_DEVICE, offset=2302976, count=24008
[2026-01-20 16:08:39.980] [358979] [HailoRT] [info] [hailort_driver.cpp:617] [vdma_buffer_sync] Syncing VDMA buffer: handle=4, direction=TO_DEVICE, offset=2326984, count=2928
[2026-01-20 16:08:39.980] [358979] [HailoRT] [info] [hailort_driver.cpp:617] [vdma_buffer_sync] Syncing VDMA buffer: handle=4, direction=TO_DEVICE, offset=2329912, count=24040
[2026-01-20 16:08:39.980] [358979] [HailoRT] [info] [hailort_driver.cpp:617] [vdma_buffer_sync] Syncing VDMA buffer: handle=4, direction=TO_DEVICE, offset=2353952, count=23848
[2026-01-20 16:08:39.980] [358979] [HailoRT] [info] [hailort_driver.cpp:617] [vdma_buffer_sync] Syncing VDMA buffer: handle=4, direction=TO_DEVICE, offset=2377800, count=2960
[2026-01-20 16:08:39.980] [358979] [HailoRT] [info] [hailort_driver.cpp:617] [vdma_buffer_sync] Syncing VDMA buffer: handle=4, direction=TO_DEVICE, offset=2380760, count=24992
[2026-01-20 16:08:39.980] [358979] [HailoRT] [info] [hailort_driver.cpp:617] [vdma_buffer_sync] Syncing VDMA buffer: handle=4, direction=TO_DEVICE, offset=2405752, count=3072
[2026-01-20 16:08:39.980] [358979] [HailoRT] [info] [hailort_driver.cpp:617] [vdma_buffer_sync] Syncing VDMA buffer: handle=4, direction=TO_DEVICE, offset=2408824, count=2864
[2026-01-20 16:08:39.980] [358979] [HailoRT] [info] [hailort_driver.cpp:617] [vdma_buffer_sync] Syncing VDMA buffer: handle=4, direction=TO_DEVICE, offset=2411688, count=22320
[2026-01-20 16:08:39.980] [358979] [HailoRT] [info] [hailort_driver.cpp:617] [vdma_buffer_sync] Syncing VDMA buffer: handle=4, direction=TO_DEVICE, offset=2434008, count=2760
[2026-01-20 16:08:39.980] [358979] [HailoRT] [info] [hailort_driver.cpp:617] [vdma_buffer_sync] Syncing VDMA buffer: handle=4, direction=TO_DEVICE, offset=2436768, count=25072
[2026-01-20 16:08:39.980] [358979] [HailoRT] [info] [hailort_driver.cpp:617] [vdma_buffer_sync] Syncing VDMA buffer: handle=4, direction=TO_DEVICE, offset=2461840, count=3032
[2026-01-20 16:08:39.980] [358979] [HailoRT] [info] [hailort_driver.cpp:617] [vdma_buffer_sync] Syncing VDMA buffer: handle=4, direction=TO_DEVICE, offset=2464872, count=22112
[2026-01-20 16:08:39.980] [358979] [HailoRT] [info] [hailort_driver.cpp:617] [vdma_buffer_sync] Syncing VDMA buffer: handle=4, direction=TO_DEVICE, offset=2486984, count=2696
[2026-01-20 16:08:39.980] [358979] [HailoRT] [info] [hailort_driver.cpp:617] [vdma_buffer_sync] Syncing VDMA buffer: handle=4, direction=TO_DEVICE, offset=2489680, count=25040
[2026-01-20 16:08:39.980] [358979] [HailoRT] [info] [hailort_driver.cpp:617] [vdma_buffer_sync] Syncing VDMA buffer: handle=4, direction=TO_DEVICE, offset=2514720, count=3136
[2026-01-20 16:08:39.980] [358979] [HailoRT] [info] [hailort_driver.cpp:617] [vdma_buffer_sync] Syncing VDMA buffer: handle=4, direction=TO_DEVICE, offset=2517856, count=24704
[2026-01-20 16:08:39.980] [358979] [HailoRT] [info] [hailort_driver.cpp:617] [vdma_buffer_sync] Syncing VDMA buffer: handle=4, direction=TO_DEVICE, offset=2542560, count=23736
[2026-01-20 16:08:39.980] [358979] [HailoRT] [info] [hailort_driver.cpp:617] [vdma_buffer_sync] Syncing VDMA buffer: handle=4, direction=TO_DEVICE, offset=2566296, count=2896
[2026-01-20 16:08:39.981] [358979] [HailoRT] [info] [hailort_driver.cpp:617] [vdma_buffer_sync] Syncing VDMA buffer: handle=4, direction=TO_DEVICE, offset=2569192, count=24736
[2026-01-20 16:08:39.981] [358979] [HailoRT] [info] [hailort_driver.cpp:617] [vdma_buffer_sync] Syncing VDMA buffer: handle=4, direction=TO_DEVICE, offset=2593928, count=3064
[2026-01-20 16:08:39.981] [358979] [HailoRT] [info] [hailort_driver.cpp:649] [descriptors_list_program] Programming descriptor list: desc_handle=36864, buffer_handle=4, buffer_size=294016, buffer_offset=0, channel_index=0, starting_desc=4498
[2026-01-20 16:08:39.981] [358979] [HailoRT] [info] [config_buffer.cpp:171] [program_descriptors] ConfigBuffer::program_descriptors: Channel 0:0. Programming 575 descriptors. Offset: 294016
[2026-01-20 16:08:39.981] [358979] [HailoRT] [info] [context_switch_actions.cpp:251] [write_to_config_buffer] WriteDataCcwAction: Writing Config Data. Total Size: 186480 bytes. Stream Index: 0
[2026-01-20 16:08:39.981] [358979] [HailoRT] [info] [hailort_driver.cpp:617] [vdma_buffer_sync] Syncing VDMA buffer: handle=4, direction=TO_DEVICE, offset=2597376, count=4104
[2026-01-20 16:08:39.981] [358979] [HailoRT] [info] [hailort_driver.cpp:617] [vdma_buffer_sync] Syncing VDMA buffer: handle=4, direction=TO_DEVICE, offset=2601480, count=28584
[2026-01-20 16:08:39.981] [358979] [HailoRT] [info] [hailort_driver.cpp:617] [vdma_buffer_sync] Syncing VDMA buffer: handle=4, direction=TO_DEVICE, offset=2630064, count=3664
[2026-01-20 16:08:39.981] [358979] [HailoRT] [info] [hailort_driver.cpp:617] [vdma_buffer_sync] Syncing VDMA buffer: handle=4, direction=TO_DEVICE, offset=2633728, count=30224
[2026-01-20 16:08:39.981] [358979] [HailoRT] [info] [hailort_driver.cpp:617] [vdma_buffer_sync] Syncing VDMA buffer: handle=4, direction=TO_DEVICE, offset=2663952, count=28696
[2026-01-20 16:08:39.981] [358979] [HailoRT] [info] [hailort_driver.cpp:617] [vdma_buffer_sync] Syncing VDMA buffer: handle=4, direction=TO_DEVICE, offset=2692648, count=25440
[2026-01-20 16:08:39.981] [358979] [HailoRT] [info] [hailort_driver.cpp:617] [vdma_buffer_sync] Syncing VDMA buffer: handle=4, direction=TO_DEVICE, offset=2718088, count=29112
[2026-01-20 16:08:39.981] [358979] [HailoRT] [info] [hailort_driver.cpp:617] [vdma_buffer_sync] Syncing VDMA buffer: handle=4, direction=TO_DEVICE, offset=2747200, count=3824
[2026-01-20 16:08:39.981] [358979] [HailoRT] [info] [hailort_driver.cpp:617] [vdma_buffer_sync] Syncing VDMA buffer: handle=4, direction=TO_DEVICE, offset=2751024, count=3848
[2026-01-20 16:08:39.981] [358979] [HailoRT] [info] [hailort_driver.cpp:617] [vdma_buffer_sync] Syncing VDMA buffer: handle=4, direction=TO_DEVICE, offset=2754872, count=28984
[2026-01-20 16:08:39.981] [358979] [HailoRT] [info] [hailort_driver.cpp:649] [descriptors_list_program] Programming descriptor list: desc_handle=36864, buffer_handle=4, buffer_size=186480, buffer_offset=0, channel_index=0, starting_desc=5073
[2026-01-20 16:08:39.981] [358979] [HailoRT] [info] [config_buffer.cpp:171] [program_descriptors] ConfigBuffer::program_descriptors: Channel 0:0. Programming 365 descriptors. Offset: 186480
[2026-01-20 16:08:39.981] [358979] [HailoRT] [info] [context_switch_actions.cpp:251] [write_to_config_buffer] WriteDataCcwAction: Writing Config Data. Total Size: 118192 bytes. Stream Index: 0
[2026-01-20 16:08:39.981] [358979] [HailoRT] [info] [hailort_driver.cpp:617] [vdma_buffer_sync] Syncing VDMA buffer: handle=4, direction=TO_DEVICE, offset=2784256, count=26144
[2026-01-20 16:08:39.981] [358979] [HailoRT] [info] [hailort_driver.cpp:617] [vdma_buffer_sync] Syncing VDMA buffer: handle=4, direction=TO_DEVICE, offset=2810400, count=4104
[2026-01-20 16:08:39.981] [358979] [HailoRT] [info] [hailort_driver.cpp:617] [vdma_buffer_sync] Syncing VDMA buffer: handle=4, direction=TO_DEVICE, offset=2814504, count=31088
[2026-01-20 16:08:39.981] [358979] [HailoRT] [info] [hailort_driver.cpp:617] [vdma_buffer_sync] Syncing VDMA buffer: handle=4, direction=TO_DEVICE, offset=2845592, count=4104
[2026-01-20 16:08:39.981] [358979] [HailoRT] [info] [hailort_driver.cpp:617] [vdma_buffer_sync] Syncing VDMA buffer: handle=4, direction=TO_DEVICE, offset=2849696, count=4104
[2026-01-20 16:08:39.981] [358979] [HailoRT] [info] [hailort_driver.cpp:617] [vdma_buffer_sync] Syncing VDMA buffer: handle=4, direction=TO_DEVICE, offset=2853800, count=24040
[2026-01-20 16:08:39.981] [358979] [HailoRT] [info] [hailort_driver.cpp:617] [vdma_buffer_sync] Syncing VDMA buffer: handle=4, direction=TO_DEVICE, offset=2877840, count=24608
[2026-01-20 16:08:39.981] [358979] [HailoRT] [info] [hailort_driver.cpp:649] [descriptors_list_program] Programming descriptor list: desc_handle=36864, buffer_handle=4, buffer_size=118192, buffer_offset=0, channel_index=0, starting_desc=5438
[2026-01-20 16:08:39.981] [358979] [HailoRT] [info] [config_buffer.cpp:171] [program_descriptors] ConfigBuffer::program_descriptors: Channel 0:0. Programming 231 descriptors. Offset: 118192
[2026-01-20 16:08:39.981] [358979] [HailoRT] [info] [context_switch_actions.cpp:251] [write_to_config_buffer] WriteDataCcwAction: Writing Config Data. Total Size: 291840 bytes. Stream Index: 0
[2026-01-20 16:08:39.981] [358979] [HailoRT] [info] [hailort_driver.cpp:617] [vdma_buffer_sync] Syncing VDMA buffer: handle=4, direction=TO_DEVICE, offset=2902528, count=17216
[2026-01-20 16:08:39.981] [358979] [HailoRT] [info] [hailort_driver.cpp:617] [vdma_buffer_sync] Syncing VDMA buffer: handle=4, direction=TO_DEVICE, offset=2919744, count=17296
[2026-01-20 16:08:39.981] [358979] [HailoRT] [info] [hailort_driver.cpp:617] [vdma_buffer_sync] Syncing VDMA buffer: handle=4, direction=TO_DEVICE, offset=2937040, count=16824
[2026-01-20 16:08:39.981] [358979] [HailoRT] [info] [hailort_driver.cpp:617] [vdma_buffer_sync] Syncing VDMA buffer: handle=4, direction=TO_DEVICE, offset=2953864, count=17136
[2026-01-20 16:08:39.981] [358979] [HailoRT] [info] [hailort_driver.cpp:617] [vdma_buffer_sync] Syncing VDMA buffer: handle=4, direction=TO_DEVICE, offset=2971000, count=17168
[2026-01-20 16:08:39.981] [358979] [HailoRT] [info] [hailort_driver.cpp:617] [vdma_buffer_sync] Syncing VDMA buffer: handle=4, direction=TO_DEVICE, offset=2988168, count=17160
[2026-01-20 16:08:39.981] [358979] [HailoRT] [info] [hailort_driver.cpp:617] [vdma_buffer_sync] Syncing VDMA buffer: handle=4, direction=TO_DEVICE, offset=3005328, count=17136
[2026-01-20 16:08:39.981] [358979] [HailoRT] [info] [hailort_driver.cpp:617] [vdma_buffer_sync] Syncing VDMA buffer: handle=4, direction=TO_DEVICE, offset=3022464, count=17248
[2026-01-20 16:08:39.981] [358979] [HailoRT] [info] [hailort_driver.cpp:617] [vdma_buffer_sync] Syncing VDMA buffer: handle=4, direction=TO_DEVICE, offset=3039712, count=17256
[2026-01-20 16:08:39.981] [358979] [HailoRT] [info] [hailort_driver.cpp:617] [vdma_buffer_sync] Syncing VDMA buffer: handle=4, direction=TO_DEVICE, offset=3056968, count=17192
[2026-01-20 16:08:39.981] [358979] [HailoRT] [info] [hailort_driver.cpp:617] [vdma_buffer_sync] Syncing VDMA buffer: handle=4, direction=TO_DEVICE, offset=3074160, count=17152
[2026-01-20 16:08:39.981] [358979] [HailoRT] [info] [hailort_driver.cpp:617] [vdma_buffer_sync] Syncing VDMA buffer: handle=4, direction=TO_DEVICE, offset=3091312, count=17168
[2026-01-20 16:08:39.981] [358979] [HailoRT] [info] [hailort_driver.cpp:617] [vdma_buffer_sync] Syncing VDMA buffer: handle=4, direction=TO_DEVICE, offset=3108480, count=17152
[2026-01-20 16:08:39.981] [358979] [HailoRT] [info] [hailort_driver.cpp:617] [vdma_buffer_sync] Syncing VDMA buffer: handle=4, direction=TO_DEVICE, offset=3125632, count=17088
[2026-01-20 16:08:39.981] [358979] [HailoRT] [info] [hailort_driver.cpp:617] [vdma_buffer_sync] Syncing VDMA buffer: handle=4, direction=TO_DEVICE, offset=3142720, count=17144
[2026-01-20 16:08:39.981] [358979] [HailoRT] [info] [hailort_driver.cpp:617] [vdma_buffer_sync] Syncing VDMA buffer: handle=4, direction=TO_DEVICE, offset=3159864, count=17256
[2026-01-20 16:08:39.981] [358979] [HailoRT] [info] [hailort_driver.cpp:617] [vdma_buffer_sync] Syncing VDMA buffer: handle=4, direction=TO_DEVICE, offset=3177120, count=17248
[2026-01-20 16:08:39.981] [358979] [HailoRT] [info] [hailort_driver.cpp:649] [descriptors_list_program] Programming descriptor list: desc_handle=36864, buffer_handle=4, buffer_size=291840, buffer_offset=0, channel_index=0, starting_desc=5669
[2026-01-20 16:08:39.981] [358979] [HailoRT] [info] [config_buffer.cpp:171] [program_descriptors] ConfigBuffer::program_descriptors: Channel 0:0. Programming 570 descriptors. Offset: 291840
[2026-01-20 16:08:39.981] [358979] [HailoRT] [info] [context_switch_actions.cpp:251] [write_to_config_buffer] WriteDataCcwAction: Writing Config Data. Total Size: 136512 bytes. Stream Index: 0
[2026-01-20 16:08:39.981] [358979] [HailoRT] [info] [hailort_driver.cpp:617] [vdma_buffer_sync] Syncing VDMA buffer: handle=4, direction=TO_DEVICE, offset=3194368, count=29936
[2026-01-20 16:08:39.981] [358979] [HailoRT] [info] [hailort_driver.cpp:617] [vdma_buffer_sync] Syncing VDMA buffer: handle=4, direction=TO_DEVICE, offset=3224304, count=23896
[2026-01-20 16:08:39.981] [358979] [HailoRT] [info] [hailort_driver.cpp:617] [vdma_buffer_sync] Syncing VDMA buffer: handle=4, direction=TO_DEVICE, offset=3248200, count=23560
[2026-01-20 16:08:39.981] [358979] [HailoRT] [info] [hailort_driver.cpp:617] [vdma_buffer_sync] Syncing VDMA buffer: handle=4, direction=TO_DEVICE, offset=3271760, count=2848
[2026-01-20 16:08:39.981] [358979] [HailoRT] [info] [hailort_driver.cpp:617] [vdma_buffer_sync] Syncing VDMA buffer: handle=4, direction=TO_DEVICE, offset=3274608, count=24944
[2026-01-20 16:08:39.981] [358979] [HailoRT] [info] [hailort_driver.cpp:617] [vdma_buffer_sync] Syncing VDMA buffer: handle=4, direction=TO_DEVICE, offset=3299552, count=3112
[2026-01-20 16:08:39.981] [358979] [HailoRT] [info] [hailort_driver.cpp:617] [vdma_buffer_sync] Syncing VDMA buffer: handle=4, direction=TO_DEVICE, offset=3302664, count=22456
[2026-01-20 16:08:39.981] [358979] [HailoRT] [info] [hailort_driver.cpp:617] [vdma_buffer_sync] Syncing VDMA buffer: handle=4, direction=TO_DEVICE, offset=3325120, count=2776
[2026-01-20 16:08:39.981] [358979] [HailoRT] [info] [hailort_driver.cpp:617] [vdma_buffer_sync] Syncing VDMA buffer: handle=4, direction=TO_DEVICE, offset=3327896, count=2984
[2026-01-20 16:08:39.981] [358979] [HailoRT] [info] [hailort_driver.cpp:649] [descriptors_list_program] Programming descriptor list: desc_handle=36864, buffer_handle=4, buffer_size=136512, buffer_offset=0, channel_index=0, starting_desc=6239
[2026-01-20 16:08:39.981] [358979] [HailoRT] [info] [config_buffer.cpp:171] [program_descriptors] ConfigBuffer::program_descriptors: Channel 0:0. Programming 267 descriptors. Offset: 136512
[2026-01-20 16:08:39.981] [358979] [HailoRT] [info] [context_switch_actions.cpp:251] [write_to_config_buffer] WriteDataCcwAction: Writing Config Data. Total Size: 109824 bytes. Stream Index: 0
[2026-01-20 16:08:39.982] [358979] [HailoRT] [info] [hailort_driver.cpp:617] [vdma_buffer_sync] Syncing VDMA buffer: handle=4, direction=TO_DEVICE, offset=3331072, count=29280
[2026-01-20 16:08:39.982] [358979] [HailoRT] [info] [hailort_driver.cpp:617] [vdma_buffer_sync] Syncing VDMA buffer: handle=4, direction=TO_DEVICE, offset=3360352, count=28896
[2026-01-20 16:08:39.982] [358979] [HailoRT] [info] [hailort_driver.cpp:617] [vdma_buffer_sync] Syncing VDMA buffer: handle=4, direction=TO_DEVICE, offset=3389248, count=3768
[2026-01-20 16:08:39.982] [358979] [HailoRT] [info] [hailort_driver.cpp:617] [vdma_buffer_sync] Syncing VDMA buffer: handle=4, direction=TO_DEVICE, offset=3393016, count=24160
[2026-01-20 16:08:39.982] [358979] [HailoRT] [info] [hailort_driver.cpp:617] [vdma_buffer_sync] Syncing VDMA buffer: handle=4, direction=TO_DEVICE, offset=3417176, count=23720
[2026-01-20 16:08:39.982] [358979] [HailoRT] [info] [hailort_driver.cpp:649] [descriptors_list_program] Programming descriptor list: desc_handle=36864, buffer_handle=4, buffer_size=109824, buffer_offset=0, channel_index=0, starting_desc=6506
[2026-01-20 16:08:39.982] [358979] [HailoRT] [info] [config_buffer.cpp:171] [program_descriptors] ConfigBuffer::program_descriptors: Channel 0:0. Programming 215 descriptors. Offset: 109824
[2026-01-20 16:08:39.982] [358979] [HailoRT] [info] [context_switch_actions.cpp:251] [write_to_config_buffer] WriteDataCcwAction: Writing Config Data. Total Size: 100040 bytes. Stream Index: 1
[2026-01-20 16:08:39.982] [358979] [HailoRT] [info] [hailort_driver.cpp:617] [vdma_buffer_sync] Syncing VDMA buffer: handle=5, direction=TO_DEVICE, offset=2943488, count=18320
[2026-01-20 16:08:39.982] [358979] [HailoRT] [info] [hailort_driver.cpp:617] [vdma_buffer_sync] Syncing VDMA buffer: handle=5, direction=TO_DEVICE, offset=2961808, count=9192
[2026-01-20 16:08:39.982] [358979] [HailoRT] [info] [hailort_driver.cpp:617] [vdma_buffer_sync] Syncing VDMA buffer: handle=5, direction=TO_DEVICE, offset=2971000, count=18040
[2026-01-20 16:08:39.982] [358979] [HailoRT] [info] [hailort_driver.cpp:617] [vdma_buffer_sync] Syncing VDMA buffer: handle=5, direction=TO_DEVICE, offset=2989040, count=9032
[2026-01-20 16:08:39.982] [358979] [HailoRT] [info] [hailort_driver.cpp:617] [vdma_buffer_sync] Syncing VDMA buffer: handle=5, direction=TO_DEVICE, offset=2998072, count=17936
[2026-01-20 16:08:39.982] [358979] [HailoRT] [info] [hailort_driver.cpp:617] [vdma_buffer_sync] Syncing VDMA buffer: handle=5, direction=TO_DEVICE, offset=3016008, count=18320
[2026-01-20 16:08:39.982] [358979] [HailoRT] [info] [hailort_driver.cpp:617] [vdma_buffer_sync] Syncing VDMA buffer: handle=5, direction=TO_DEVICE, offset=3034328, count=9200
[2026-01-20 16:08:39.982] [358979] [HailoRT] [info] [hailort_driver.cpp:649] [descriptors_list_program] Programming descriptor list: desc_handle=40960, buffer_handle=5, buffer_size=100040, buffer_offset=0, channel_index=1, starting_desc=5749
[2026-01-20 16:08:39.982] [358979] [HailoRT] [info] [config_buffer.cpp:171] [program_descriptors] ConfigBuffer::program_descriptors: Channel 0:1. Programming 196 descriptors. Offset: 100040
[2026-01-20 16:08:39.982] [358979] [HailoRT] [info] [context_switch_actions.cpp:251] [write_to_config_buffer] WriteDataCcwAction: Writing Config Data. Total Size: 135456 bytes. Stream Index: 0
[2026-01-20 16:08:39.982] [358979] [HailoRT] [info] [hailort_driver.cpp:617] [vdma_buffer_sync] Syncing VDMA buffer: handle=4, direction=TO_DEVICE, offset=3441152, count=30384
[2026-01-20 16:08:39.982] [358979] [HailoRT] [info] [hailort_driver.cpp:617] [vdma_buffer_sync] Syncing VDMA buffer: handle=4, direction=TO_DEVICE, offset=3471536, count=29672
[2026-01-20 16:08:39.982] [358979] [HailoRT] [info] [hailort_driver.cpp:617] [vdma_buffer_sync] Syncing VDMA buffer: handle=4, direction=TO_DEVICE, offset=3501208, count=3760
[2026-01-20 16:08:39.982] [358979] [HailoRT] [info] [hailort_driver.cpp:617] [vdma_buffer_sync] Syncing VDMA buffer: handle=4, direction=TO_DEVICE, offset=3504968, count=3368
[2026-01-20 16:08:39.982] [358979] [HailoRT] [info] [hailort_driver.cpp:617] [vdma_buffer_sync] Syncing VDMA buffer: handle=4, direction=TO_DEVICE, offset=3508336, count=30680
[2026-01-20 16:08:39.982] [358979] [HailoRT] [info] [hailort_driver.cpp:617] [vdma_buffer_sync] Syncing VDMA buffer: handle=4, direction=TO_DEVICE, offset=3539016, count=2928
[2026-01-20 16:08:39.982] [358979] [HailoRT] [info] [hailort_driver.cpp:617] [vdma_buffer_sync] Syncing VDMA buffer: handle=4, direction=TO_DEVICE, offset=3541944, count=2992
[2026-01-20 16:08:39.982] [358979] [HailoRT] [info] [hailort_driver.cpp:617] [vdma_buffer_sync] Syncing VDMA buffer: handle=4, direction=TO_DEVICE, offset=3544936, count=2920
[2026-01-20 16:08:39.982] [358979] [HailoRT] [info] [hailort_driver.cpp:617] [vdma_buffer_sync] Syncing VDMA buffer: handle=4, direction=TO_DEVICE, offset=3547856, count=25576
[2026-01-20 16:08:39.982] [358979] [HailoRT] [info] [hailort_driver.cpp:617] [vdma_buffer_sync] Syncing VDMA buffer: handle=4, direction=TO_DEVICE, offset=3573432, count=3176
[2026-01-20 16:08:39.982] [358979] [HailoRT] [info] [hailort_driver.cpp:649] [descriptors_list_program] Programming descriptor list: desc_handle=36864, buffer_handle=4, buffer_size=135456, buffer_offset=0, channel_index=0, starting_desc=6721
[2026-01-20 16:08:39.982] [358979] [HailoRT] [info] [config_buffer.cpp:171] [program_descriptors] ConfigBuffer::program_descriptors: Channel 0:0. Programming 265 descriptors. Offset: 135456
[2026-01-20 16:08:39.982] [358979] [HailoRT] [info] [context_switch_actions.cpp:251] [write_to_config_buffer] WriteDataCcwAction: Writing Config Data. Total Size: 213456 bytes. Stream Index: 0
[2026-01-20 16:08:39.982] [358979] [HailoRT] [info] [hailort_driver.cpp:617] [vdma_buffer_sync] Syncing VDMA buffer: handle=4, direction=TO_DEVICE, offset=3576832, count=28968
[2026-01-20 16:08:39.982] [358979] [HailoRT] [info] [hailort_driver.cpp:617] [vdma_buffer_sync] Syncing VDMA buffer: handle=4, direction=TO_DEVICE, offset=3605800, count=3720
[2026-01-20 16:08:39.982] [358979] [HailoRT] [info] [hailort_driver.cpp:617] [vdma_buffer_sync] Syncing VDMA buffer: handle=4, direction=TO_DEVICE, offset=3609520, count=30696
[2026-01-20 16:08:39.982] [358979] [HailoRT] [info] [hailort_driver.cpp:617] [vdma_buffer_sync] Syncing VDMA buffer: handle=4, direction=TO_DEVICE, offset=3640216, count=4104
[2026-01-20 16:08:39.982] [358979] [HailoRT] [info] [hailort_driver.cpp:617] [vdma_buffer_sync] Syncing VDMA buffer: handle=4, direction=TO_DEVICE, offset=3644320, count=28152
[2026-01-20 16:08:39.982] [358979] [HailoRT] [info] [hailort_driver.cpp:617] [vdma_buffer_sync] Syncing VDMA buffer: handle=4, direction=TO_DEVICE, offset=3672472, count=3672
[2026-01-20 16:08:39.982] [358979] [HailoRT] [info] [hailort_driver.cpp:617] [vdma_buffer_sync] Syncing VDMA buffer: handle=4, direction=TO_DEVICE, offset=3676144, count=29264
[2026-01-20 16:08:39.982] [358979] [HailoRT] [info] [hailort_driver.cpp:617] [vdma_buffer_sync] Syncing VDMA buffer: handle=4, direction=TO_DEVICE, offset=3705408, count=23992
[2026-01-20 16:08:39.982] [358979] [HailoRT] [info] [hailort_driver.cpp:617] [vdma_buffer_sync] Syncing VDMA buffer: handle=4, direction=TO_DEVICE, offset=3729400, count=2968
[2026-01-20 16:08:39.982] [358979] [HailoRT] [info] [hailort_driver.cpp:617] [vdma_buffer_sync] Syncing VDMA buffer: handle=4, direction=TO_DEVICE, offset=3732368, count=25096
[2026-01-20 16:08:39.982] [358979] [HailoRT] [info] [hailort_driver.cpp:617] [vdma_buffer_sync] Syncing VDMA buffer: handle=4, direction=TO_DEVICE, offset=3757464, count=3024
[2026-01-20 16:08:39.982] [358979] [HailoRT] [info] [hailort_driver.cpp:617] [vdma_buffer_sync] Syncing VDMA buffer: handle=4, direction=TO_DEVICE, offset=3760488, count=23856
[2026-01-20 16:08:39.982] [358979] [HailoRT] [info] [hailort_driver.cpp:617] [vdma_buffer_sync] Syncing VDMA buffer: handle=4, direction=TO_DEVICE, offset=3784344, count=2912
[2026-01-20 16:08:39.982] [358979] [HailoRT] [info] [hailort_driver.cpp:617] [vdma_buffer_sync] Syncing VDMA buffer: handle=4, direction=TO_DEVICE, offset=3787256, count=3032
[2026-01-20 16:08:39.982] [358979] [HailoRT] [info] [hailort_driver.cpp:649] [descriptors_list_program] Programming descriptor list: desc_handle=36864, buffer_handle=4, buffer_size=213456, buffer_offset=0, channel_index=0, starting_desc=6986
[2026-01-20 16:08:39.982] [358979] [HailoRT] [info] [config_buffer.cpp:171] [program_descriptors] ConfigBuffer::program_descriptors: Channel 0:0. Programming 417 descriptors. Offset: 213456
[2026-01-20 16:08:39.982] [358979] [HailoRT] [info] [context_switch_actions.cpp:251] [write_to_config_buffer] WriteDataCcwAction: Writing Config Data. Total Size: 354728 bytes. Stream Index: 1
[2026-01-20 16:08:39.982] [358979] [HailoRT] [info] [hailort_driver.cpp:617] [vdma_buffer_sync] Syncing VDMA buffer: handle=5, direction=TO_DEVICE, offset=3043840, count=23904
[2026-01-20 16:08:39.982] [358979] [HailoRT] [info] [hailort_driver.cpp:617] [vdma_buffer_sync] Syncing VDMA buffer: handle=5, direction=TO_DEVICE, offset=3067744, count=23272
[2026-01-20 16:08:39.982] [358979] [HailoRT] [info] [hailort_driver.cpp:617] [vdma_buffer_sync] Syncing VDMA buffer: handle=5, direction=TO_DEVICE, offset=3091016, count=23384
[2026-01-20 16:08:39.982] [358979] [HailoRT] [info] [hailort_driver.cpp:617] [vdma_buffer_sync] Syncing VDMA buffer: handle=5, direction=TO_DEVICE, offset=3114400, count=23784
[2026-01-20 16:08:39.982] [358979] [HailoRT] [info] [hailort_driver.cpp:617] [vdma_buffer_sync] Syncing VDMA buffer: handle=5, direction=TO_DEVICE, offset=3138184, count=23936
[2026-01-20 16:08:39.982] [358979] [HailoRT] [info] [hailort_driver.cpp:617] [vdma_buffer_sync] Syncing VDMA buffer: handle=5, direction=TO_DEVICE, offset=3162120, count=23728
[2026-01-20 16:08:39.982] [358979] [HailoRT] [info] [hailort_driver.cpp:617] [vdma_buffer_sync] Syncing VDMA buffer: handle=5, direction=TO_DEVICE, offset=3185848, count=24328
[2026-01-20 16:08:39.982] [358979] [HailoRT] [info] [hailort_driver.cpp:617] [vdma_buffer_sync] Syncing VDMA buffer: handle=5, direction=TO_DEVICE, offset=3210176, count=23736
[2026-01-20 16:08:39.982] [358979] [HailoRT] [info] [hailort_driver.cpp:617] [vdma_buffer_sync] Syncing VDMA buffer: handle=5, direction=TO_DEVICE, offset=3233912, count=23456
[2026-01-20 16:08:39.982] [358979] [HailoRT] [info] [hailort_driver.cpp:617] [vdma_buffer_sync] Syncing VDMA buffer: handle=5, direction=TO_DEVICE, offset=3257368, count=23584
[2026-01-20 16:08:39.983] [358979] [HailoRT] [info] [hailort_driver.cpp:617] [vdma_buffer_sync] Syncing VDMA buffer: handle=5, direction=TO_DEVICE, offset=3280952, count=23632
[2026-01-20 16:08:39.983] [358979] [HailoRT] [info] [hailort_driver.cpp:617] [vdma_buffer_sync] Syncing VDMA buffer: handle=5, direction=TO_DEVICE, offset=3304584, count=21432
[2026-01-20 16:08:39.983] [358979] [HailoRT] [info] [hailort_driver.cpp:617] [vdma_buffer_sync] Syncing VDMA buffer: handle=5, direction=TO_DEVICE, offset=3326016, count=10752
[2026-01-20 16:08:39.983] [358979] [HailoRT] [info] [hailort_driver.cpp:617] [vdma_buffer_sync] Syncing VDMA buffer: handle=5, direction=TO_DEVICE, offset=3336768, count=20904
[2026-01-20 16:08:39.983] [358979] [HailoRT] [info] [hailort_driver.cpp:617] [vdma_buffer_sync] Syncing VDMA buffer: handle=5, direction=TO_DEVICE, offset=3357672, count=10472
[2026-01-20 16:08:39.983] [358979] [HailoRT] [info] [hailort_driver.cpp:617] [vdma_buffer_sync] Syncing VDMA buffer: handle=5, direction=TO_DEVICE, offset=3368144, count=20280
[2026-01-20 16:08:39.983] [358979] [HailoRT] [info] [hailort_driver.cpp:617] [vdma_buffer_sync] Syncing VDMA buffer: handle=5, direction=TO_DEVICE, offset=3388424, count=10144
[2026-01-20 16:08:39.983] [358979] [HailoRT] [info] [hailort_driver.cpp:649] [descriptors_list_program] Programming descriptor list: desc_handle=40960, buffer_handle=5, buffer_size=354728, buffer_offset=0, channel_index=1, starting_desc=5945
[2026-01-20 16:08:39.983] [358979] [HailoRT] [info] [config_buffer.cpp:171] [program_descriptors] ConfigBuffer::program_descriptors: Channel 0:1. Programming 693 descriptors. Offset: 354728
[2026-01-20 16:08:39.983] [358979] [HailoRT] [info] [context_switch_actions.cpp:251] [write_to_config_buffer] WriteDataCcwAction: Writing Config Data. Total Size: 465600 bytes. Stream Index: 1
[2026-01-20 16:08:39.983] [358979] [HailoRT] [info] [hailort_driver.cpp:617] [vdma_buffer_sync] Syncing VDMA buffer: handle=5, direction=TO_DEVICE, offset=3398656, count=17280
[2026-01-20 16:08:39.983] [358979] [HailoRT] [info] [hailort_driver.cpp:617] [vdma_buffer_sync] Syncing VDMA buffer: handle=5, direction=TO_DEVICE, offset=3415936, count=17264
[2026-01-20 16:08:39.983] [358979] [HailoRT] [info] [hailort_driver.cpp:617] [vdma_buffer_sync] Syncing VDMA buffer: handle=5, direction=TO_DEVICE, offset=3433200, count=17256
[2026-01-20 16:08:39.983] [358979] [HailoRT] [info] [hailort_driver.cpp:617] [vdma_buffer_sync] Syncing VDMA buffer: handle=5, direction=TO_DEVICE, offset=3450456, count=17320
[2026-01-20 16:08:39.983] [358979] [HailoRT] [info] [hailort_driver.cpp:617] [vdma_buffer_sync] Syncing VDMA buffer: handle=5, direction=TO_DEVICE, offset=3467776, count=17280
[2026-01-20 16:08:39.983] [358979] [HailoRT] [info] [hailort_driver.cpp:617] [vdma_buffer_sync] Syncing VDMA buffer: handle=5, direction=TO_DEVICE, offset=3485056, count=17304
[2026-01-20 16:08:39.983] [358979] [HailoRT] [info] [hailort_driver.cpp:617] [vdma_buffer_sync] Syncing VDMA buffer: handle=5, direction=TO_DEVICE, offset=3502360, count=17216
[2026-01-20 16:08:39.983] [358979] [HailoRT] [info] [hailort_driver.cpp:617] [vdma_buffer_sync] Syncing VDMA buffer: handle=5, direction=TO_DEVICE, offset=3519576, count=17136
[2026-01-20 16:08:39.983] [358979] [HailoRT] [info] [hailort_driver.cpp:617] [vdma_buffer_sync] Syncing VDMA buffer: handle=5, direction=TO_DEVICE, offset=3536712, count=17256
[2026-01-20 16:08:39.983] [358979] [HailoRT] [info] [hailort_driver.cpp:617] [vdma_buffer_sync] Syncing VDMA buffer: handle=5, direction=TO_DEVICE, offset=3553968, count=17288
[2026-01-20 16:08:39.983] [358979] [HailoRT] [info] [hailort_driver.cpp:617] [vdma_buffer_sync] Syncing VDMA buffer: handle=5, direction=TO_DEVICE, offset=3571256, count=17240
[2026-01-20 16:08:39.983] [358979] [HailoRT] [info] [hailort_driver.cpp:617] [vdma_buffer_sync] Syncing VDMA buffer: handle=5, direction=TO_DEVICE, offset=3588496, count=17328
[2026-01-20 16:08:39.983] [358979] [HailoRT] [info] [hailort_driver.cpp:617] [vdma_buffer_sync] Syncing VDMA buffer: handle=5, direction=TO_DEVICE, offset=3605824, count=17328
[2026-01-20 16:08:39.983] [358979] [HailoRT] [info] [hailort_driver.cpp:617] [vdma_buffer_sync] Syncing VDMA buffer: handle=5, direction=TO_DEVICE, offset=3623152, count=17240
[2026-01-20 16:08:39.983] [358979] [HailoRT] [info] [hailort_driver.cpp:617] [vdma_buffer_sync] Syncing VDMA buffer: handle=5, direction=TO_DEVICE, offset=3640392, count=17144
[2026-01-20 16:08:39.983] [358979] [HailoRT] [info] [hailort_driver.cpp:617] [vdma_buffer_sync] Syncing VDMA buffer: handle=5, direction=TO_DEVICE, offset=3657536, count=16760
[2026-01-20 16:08:39.983] [358979] [HailoRT] [info] [hailort_driver.cpp:617] [vdma_buffer_sync] Syncing VDMA buffer: handle=5, direction=TO_DEVICE, offset=3674296, count=17224
[2026-01-20 16:08:39.983] [358979] [HailoRT] [info] [hailort_driver.cpp:617] [vdma_buffer_sync] Syncing VDMA buffer: handle=5, direction=TO_DEVICE, offset=3691520, count=17312
[2026-01-20 16:08:39.983] [358979] [HailoRT] [info] [hailort_driver.cpp:617] [vdma_buffer_sync] Syncing VDMA buffer: handle=5, direction=TO_DEVICE, offset=3708832, count=17256
[2026-01-20 16:08:39.983] [358979] [HailoRT] [info] [hailort_driver.cpp:617] [vdma_buffer_sync] Syncing VDMA buffer: handle=5, direction=TO_DEVICE, offset=3726088, count=17288
[2026-01-20 16:08:39.983] [358979] [HailoRT] [info] [hailort_driver.cpp:617] [vdma_buffer_sync] Syncing VDMA buffer: handle=5, direction=TO_DEVICE, offset=3743376, count=17272
[2026-01-20 16:08:39.983] [358979] [HailoRT] [info] [hailort_driver.cpp:617] [vdma_buffer_sync] Syncing VDMA buffer: handle=5, direction=TO_DEVICE, offset=3760648, count=17280
[2026-01-20 16:08:39.983] [358979] [HailoRT] [info] [hailort_driver.cpp:617] [vdma_buffer_sync] Syncing VDMA buffer: handle=5, direction=TO_DEVICE, offset=3777928, count=17336
[2026-01-20 16:08:39.983] [358979] [HailoRT] [info] [hailort_driver.cpp:617] [vdma_buffer_sync] Syncing VDMA buffer: handle=5, direction=TO_DEVICE, offset=3795264, count=17304
[2026-01-20 16:08:39.983] [358979] [HailoRT] [info] [hailort_driver.cpp:617] [vdma_buffer_sync] Syncing VDMA buffer: handle=5, direction=TO_DEVICE, offset=3812568, count=17240
[2026-01-20 16:08:39.983] [358979] [HailoRT] [info] [hailort_driver.cpp:617] [vdma_buffer_sync] Syncing VDMA buffer: handle=5, direction=TO_DEVICE, offset=3829808, count=17264
[2026-01-20 16:08:39.983] [358979] [HailoRT] [info] [hailort_driver.cpp:617] [vdma_buffer_sync] Syncing VDMA buffer: handle=5, direction=TO_DEVICE, offset=3847072, count=17184
[2026-01-20 16:08:39.983] [358979] [HailoRT] [info] [hailort_driver.cpp:649] [descriptors_list_program] Programming descriptor list: desc_handle=40960, buffer_handle=5, buffer_size=465600, buffer_offset=0, channel_index=1, starting_desc=6638
[2026-01-20 16:08:39.983] [358979] [HailoRT] [info] [config_buffer.cpp:171] [program_descriptors] ConfigBuffer::program_descriptors: Channel 0:1. Programming 910 descriptors. Offset: 465600
[2026-01-20 16:08:39.983] [358979] [HailoRT] [info] [context_switch_actions.cpp:251] [write_to_config_buffer] WriteDataCcwAction: Writing Config Data. Total Size: 27032 bytes. Stream Index: 1
[2026-01-20 16:08:39.983] [358979] [HailoRT] [info] [hailort_driver.cpp:617] [vdma_buffer_sync] Syncing VDMA buffer: handle=5, direction=TO_DEVICE, offset=3864576, count=24032
[2026-01-20 16:08:39.983] [358979] [HailoRT] [info] [hailort_driver.cpp:617] [vdma_buffer_sync] Syncing VDMA buffer: handle=5, direction=TO_DEVICE, offset=3888608, count=3000
[2026-01-20 16:08:39.983] [358979] [HailoRT] [info] [hailort_driver.cpp:649] [descriptors_list_program] Programming descriptor list: desc_handle=40960, buffer_handle=5, buffer_size=27032, buffer_offset=0, channel_index=1, starting_desc=7548
[2026-01-20 16:08:39.983] [358979] [HailoRT] [info] [config_buffer.cpp:171] [program_descriptors] ConfigBuffer::program_descriptors: Channel 0:1. Programming 53 descriptors. Offset: 27032
[2026-01-20 16:08:39.983] [358979] [HailoRT] [info] [context_switch_actions.cpp:251] [write_to_config_buffer] WriteDataCcwAction: Writing Config Data. Total Size: 291224 bytes. Stream Index: 1
[2026-01-20 16:08:39.983] [358979] [HailoRT] [info] [hailort_driver.cpp:617] [vdma_buffer_sync] Syncing VDMA buffer: handle=5, direction=TO_DEVICE, offset=3891712, count=21088
[2026-01-20 16:08:39.983] [358979] [HailoRT] [info] [hailort_driver.cpp:617] [vdma_buffer_sync] Syncing VDMA buffer: handle=5, direction=TO_DEVICE, offset=3912800, count=20848
[2026-01-20 16:08:39.983] [358979] [HailoRT] [info] [hailort_driver.cpp:617] [vdma_buffer_sync] Syncing VDMA buffer: handle=5, direction=TO_DEVICE, offset=3933648, count=20992
[2026-01-20 16:08:39.983] [358979] [HailoRT] [info] [hailort_driver.cpp:617] [vdma_buffer_sync] Syncing VDMA buffer: handle=5, direction=TO_DEVICE, offset=3954640, count=21056
[2026-01-20 16:08:39.983] [358979] [HailoRT] [info] [hailort_driver.cpp:617] [vdma_buffer_sync] Syncing VDMA buffer: handle=5, direction=TO_DEVICE, offset=3975696, count=20512
[2026-01-20 16:08:39.983] [358979] [HailoRT] [info] [hailort_driver.cpp:617] [vdma_buffer_sync] Syncing VDMA buffer: handle=5, direction=TO_DEVICE, offset=3996208, count=20744
[2026-01-20 16:08:39.983] [358979] [HailoRT] [info] [hailort_driver.cpp:617] [vdma_buffer_sync] Syncing VDMA buffer: handle=5, direction=TO_DEVICE, offset=4016952, count=20672
[2026-01-20 16:08:39.983] [358979] [HailoRT] [info] [hailort_driver.cpp:617] [vdma_buffer_sync] Syncing VDMA buffer: handle=5, direction=TO_DEVICE, offset=4037624, count=20856
[2026-01-20 16:08:39.983] [358979] [HailoRT] [info] [hailort_driver.cpp:617] [vdma_buffer_sync] Syncing VDMA buffer: handle=5, direction=TO_DEVICE, offset=4058480, count=21088
[2026-01-20 16:08:39.983] [358979] [HailoRT] [info] [hailort_driver.cpp:617] [vdma_buffer_sync] Syncing VDMA buffer: handle=5, direction=TO_DEVICE, offset=4079568, count=20504
[2026-01-20 16:08:39.983] [358979] [HailoRT] [info] [hailort_driver.cpp:617] [vdma_buffer_sync] Syncing VDMA buffer: handle=5, direction=TO_DEVICE, offset=4100072, count=20504
[2026-01-20 16:08:39.983] [358979] [HailoRT] [info] [hailort_driver.cpp:617] [vdma_buffer_sync] Syncing VDMA buffer: handle=5, direction=TO_DEVICE, offset=4120576, count=20928
[2026-01-20 16:08:39.983] [358979] [HailoRT] [info] [hailort_driver.cpp:617] [vdma_buffer_sync] Syncing VDMA buffer: handle=5, direction=TO_DEVICE, offset=4141504, count=20592
[2026-01-20 16:08:39.983] [358979] [HailoRT] [info] [hailort_driver.cpp:617] [vdma_buffer_sync] Syncing VDMA buffer: handle=5, direction=TO_DEVICE, offset=4162096, count=20840
[2026-01-20 16:08:39.983] [358979] [HailoRT] [info] [hailort_driver.cpp:649] [descriptors_list_program] Programming descriptor list: desc_handle=40960, buffer_handle=5, buffer_size=291224, buffer_offset=0, channel_index=1, starting_desc=7601
[2026-01-20 16:08:39.983] [358979] [HailoRT] [info] [config_buffer.cpp:171] [program_descriptors] ConfigBuffer::program_descriptors: Channel 0:1. Programming 569 descriptors. Offset: 291224
[2026-01-20 16:08:39.983] [358979] [HailoRT] [info] [context_switch_actions.cpp:251] [write_to_config_buffer] WriteDataCcwAction: Writing Config Data. Total Size: 328464 bytes. Stream Index: 0
[2026-01-20 16:08:39.984] [358979] [HailoRT] [info] [hailort_driver.cpp:617] [vdma_buffer_sync] Syncing VDMA buffer: handle=4, direction=TO_DEVICE, offset=3790336, count=20048
[2026-01-20 16:08:39.984] [358979] [HailoRT] [info] [hailort_driver.cpp:617] [vdma_buffer_sync] Syncing VDMA buffer: handle=4, direction=TO_DEVICE, offset=3810384, count=10032
[2026-01-20 16:08:39.984] [358979] [HailoRT] [info] [hailort_driver.cpp:617] [vdma_buffer_sync] Syncing VDMA buffer: handle=4, direction=TO_DEVICE, offset=3820416, count=10400
[2026-01-20 16:08:39.984] [358979] [HailoRT] [info] [hailort_driver.cpp:617] [vdma_buffer_sync] Syncing VDMA buffer: handle=4, direction=TO_DEVICE, offset=3830816, count=17032
[2026-01-20 16:08:39.984] [358979] [HailoRT] [info] [hailort_driver.cpp:617] [vdma_buffer_sync] Syncing VDMA buffer: handle=4, direction=TO_DEVICE, offset=3847848, count=8536
[2026-01-20 16:08:39.984] [358979] [HailoRT] [info] [hailort_driver.cpp:617] [vdma_buffer_sync] Syncing VDMA buffer: handle=4, direction=TO_DEVICE, offset=3856384, count=20904
[2026-01-20 16:08:39.984] [358979] [HailoRT] [info] [hailort_driver.cpp:617] [vdma_buffer_sync] Syncing VDMA buffer: handle=4, direction=TO_DEVICE, offset=3877288, count=10488
[2026-01-20 16:08:39.984] [358979] [HailoRT] [info] [hailort_driver.cpp:617] [vdma_buffer_sync] Syncing VDMA buffer: handle=4, direction=TO_DEVICE, offset=3887776, count=20296
[2026-01-20 16:08:39.984] [358979] [HailoRT] [info] [hailort_driver.cpp:617] [vdma_buffer_sync] Syncing VDMA buffer: handle=4, direction=TO_DEVICE, offset=3908072, count=10144
[2026-01-20 16:08:39.984] [358979] [HailoRT] [info] [hailort_driver.cpp:617] [vdma_buffer_sync] Syncing VDMA buffer: handle=4, direction=TO_DEVICE, offset=3918216, count=29920
[2026-01-20 16:08:39.984] [358979] [HailoRT] [info] [hailort_driver.cpp:617] [vdma_buffer_sync] Syncing VDMA buffer: handle=4, direction=TO_DEVICE, offset=3948136, count=4104
[2026-01-20 16:08:39.984] [358979] [HailoRT] [info] [hailort_driver.cpp:617] [vdma_buffer_sync] Syncing VDMA buffer: handle=4, direction=TO_DEVICE, offset=3952240, count=31424
[2026-01-20 16:08:39.984] [358979] [HailoRT] [info] [hailort_driver.cpp:617] [vdma_buffer_sync] Syncing VDMA buffer: handle=4, direction=TO_DEVICE, offset=3983664, count=4104
[2026-01-20 16:08:39.984] [358979] [HailoRT] [info] [hailort_driver.cpp:617] [vdma_buffer_sync] Syncing VDMA buffer: handle=4, direction=TO_DEVICE, offset=3987768, count=29912
[2026-01-20 16:08:39.984] [358979] [HailoRT] [info] [hailort_driver.cpp:617] [vdma_buffer_sync] Syncing VDMA buffer: handle=4, direction=TO_DEVICE, offset=4017680, count=3808
[2026-01-20 16:08:39.984] [358979] [HailoRT] [info] [hailort_driver.cpp:617] [vdma_buffer_sync] Syncing VDMA buffer: handle=4, direction=TO_DEVICE, offset=4021488, count=27464
[2026-01-20 16:08:39.984] [358979] [HailoRT] [info] [hailort_driver.cpp:617] [vdma_buffer_sync] Syncing VDMA buffer: handle=4, direction=TO_DEVICE, offset=4048952, count=3560
[2026-01-20 16:08:39.984] [358979] [HailoRT] [info] [hailort_driver.cpp:617] [vdma_buffer_sync] Syncing VDMA buffer: handle=4, direction=TO_DEVICE, offset=4052512, count=28200
[2026-01-20 16:08:39.984] [358979] [HailoRT] [info] [hailort_driver.cpp:617] [vdma_buffer_sync] Syncing VDMA buffer: handle=4, direction=TO_DEVICE, offset=4080712, count=3648
[2026-01-20 16:08:39.984] [358979] [HailoRT] [info] [hailort_driver.cpp:617] [vdma_buffer_sync] Syncing VDMA buffer: handle=4, direction=TO_DEVICE, offset=4084360, count=30336
[2026-01-20 16:08:39.984] [358979] [HailoRT] [info] [hailort_driver.cpp:617] [vdma_buffer_sync] Syncing VDMA buffer: handle=4, direction=TO_DEVICE, offset=4114696, count=4104
[2026-01-20 16:08:39.984] [358979] [HailoRT] [info] [hailort_driver.cpp:649] [descriptors_list_program] Programming descriptor list: desc_handle=36864, buffer_handle=4, buffer_size=328464, buffer_offset=0, channel_index=0, starting_desc=7403
[2026-01-20 16:08:39.984] [358979] [HailoRT] [info] [config_buffer.cpp:171] [program_descriptors] ConfigBuffer::program_descriptors: Channel 0:0. Programming 642 descriptors. Offset: 328464
[2026-01-20 16:08:39.984] [358979] [HailoRT] [info] [context_switch_actions.cpp:251] [write_to_config_buffer] WriteDataCcwAction: Writing Config Data. Total Size: 131640 bytes. Stream Index: 1
[2026-01-20 16:08:39.984] [358979] [HailoRT] [info] [hailort_driver.cpp:617] [vdma_buffer_sync] Syncing VDMA buffer: handle=5, direction=TO_DEVICE, offset=4183040, count=20840
[2026-01-20 16:08:39.984] [358979] [HailoRT] [info] [hailort_driver.cpp:617] [vdma_buffer_sync] Syncing VDMA buffer: handle=5, direction=TO_DEVICE, offset=4203880, count=23592
[2026-01-20 16:08:39.984] [358979] [HailoRT] [info] [hailort_driver.cpp:617] [vdma_buffer_sync] Syncing VDMA buffer: handle=5, direction=TO_DEVICE, offset=4227472, count=24336
[2026-01-20 16:08:39.984] [358979] [HailoRT] [info] [hailort_driver.cpp:617] [vdma_buffer_sync] Syncing VDMA buffer: handle=5, direction=TO_DEVICE, offset=4251808, count=24368
[2026-01-20 16:08:39.984] [358979] [HailoRT] [info] [hailort_driver.cpp:617] [vdma_buffer_sync] Syncing VDMA buffer: handle=5, direction=TO_DEVICE, offset=4276176, count=18168
[2026-01-20 16:08:39.984] [358979] [HailoRT] [info] [hailort_driver.cpp:617] [vdma_buffer_sync] Syncing VDMA buffer: handle=5, direction=TO_DEVICE, offset=4294344, count=3032
[2026-01-20 16:08:39.984] [358979] [HailoRT] [info] [hailort_driver.cpp:617] [vdma_buffer_sync] Syncing VDMA buffer: handle=5, direction=TO_DEVICE, offset=4297376, count=17304
[2026-01-20 16:08:39.984] [358979] [HailoRT] [info] [hailort_driver.cpp:649] [descriptors_list_program] Programming descriptor list: desc_handle=40960, buffer_handle=5, buffer_size=131640, buffer_offset=0, channel_index=1, starting_desc=8170
[2026-01-20 16:08:39.984] [358979] [HailoRT] [info] [config_buffer.cpp:171] [program_descriptors] ConfigBuffer::program_descriptors: Channel 0:1. Programming 258 descriptors. Offset: 131640
[2026-01-20 16:08:39.984] [358979] [HailoRT] [info] [context_switch_actions.cpp:251] [write_to_config_buffer] WriteDataCcwAction: Writing Config Data. Total Size: 230560 bytes. Stream Index: 0
[2026-01-20 16:08:39.984] [358979] [HailoRT] [info] [hailort_driver.cpp:617] [vdma_buffer_sync] Syncing VDMA buffer: handle=4, direction=TO_DEVICE, offset=4119040, count=17168
[2026-01-20 16:08:39.984] [358979] [HailoRT] [info] [hailort_driver.cpp:617] [vdma_buffer_sync] Syncing VDMA buffer: handle=4, direction=TO_DEVICE, offset=4136208, count=17184
[2026-01-20 16:08:39.984] [358979] [HailoRT] [info] [hailort_driver.cpp:617] [vdma_buffer_sync] Syncing VDMA buffer: handle=4, direction=TO_DEVICE, offset=4153392, count=24480
[2026-01-20 16:08:39.984] [358979] [HailoRT] [info] [hailort_driver.cpp:617] [vdma_buffer_sync] Syncing VDMA buffer: handle=4, direction=TO_DEVICE, offset=4177872, count=31752
[2026-01-20 16:08:39.984] [358979] [HailoRT] [info] [hailort_driver.cpp:617] [vdma_buffer_sync] Syncing VDMA buffer: handle=4, direction=TO_DEVICE, offset=4209624, count=24440
[2026-01-20 16:08:39.984] [358979] [HailoRT] [info] [hailort_driver.cpp:617] [vdma_buffer_sync] Syncing VDMA buffer: handle=4, direction=TO_DEVICE, offset=4234064, count=29192
[2026-01-20 16:08:39.984] [358979] [HailoRT] [info] [hailort_driver.cpp:617] [vdma_buffer_sync] Syncing VDMA buffer: handle=4, direction=TO_DEVICE, offset=4263256, count=3728
[2026-01-20 16:08:39.984] [358979] [HailoRT] [info] [hailort_driver.cpp:617] [vdma_buffer_sync] Syncing VDMA buffer: handle=4, direction=TO_DEVICE, offset=4266984, count=23656
[2026-01-20 16:08:39.984] [358979] [HailoRT] [info] [hailort_driver.cpp:617] [vdma_buffer_sync] Syncing VDMA buffer: handle=4, direction=TO_DEVICE, offset=4290640, count=31560
[2026-01-20 16:08:39.984] [358979] [HailoRT] [info] [hailort_driver.cpp:617] [vdma_buffer_sync] Syncing VDMA buffer: handle=4, direction=TO_DEVICE, offset=4322200, count=24488
[2026-01-20 16:08:39.984] [358979] [HailoRT] [info] [hailort_driver.cpp:617] [vdma_buffer_sync] Syncing VDMA buffer: handle=4, direction=TO_DEVICE, offset=4346688, count=2912
[2026-01-20 16:08:39.984] [358979] [HailoRT] [info] [hailort_driver.cpp:649] [descriptors_list_program] Programming descriptor list: desc_handle=36864, buffer_handle=4, buffer_size=230560, buffer_offset=0, channel_index=0, starting_desc=8045
[2026-01-20 16:08:39.984] [358979] [HailoRT] [info] [config_buffer.cpp:171] [program_descriptors] ConfigBuffer::program_descriptors: Channel 0:0. Programming 451 descriptors. Offset: 230560
[2026-01-20 16:08:39.984] [358979] [HailoRT] [info] [context_switch_actions.cpp:251] [write_to_config_buffer] WriteDataCcwAction: Writing Config Data. Total Size: 9344 bytes. Stream Index: 1
[2026-01-20 16:08:39.984] [358979] [HailoRT] [info] [hailort_driver.cpp:617] [vdma_buffer_sync] Syncing VDMA buffer: handle=5, direction=TO_DEVICE, offset=4315136, count=9328
[2026-01-20 16:08:39.984] [358979] [HailoRT] [info] [hailort_driver.cpp:617] [vdma_buffer_sync] Syncing VDMA buffer: handle=5, direction=TO_DEVICE, offset=4324464, count=16
[2026-01-20 16:08:39.984] [358979] [HailoRT] [info] [hailort_driver.cpp:649] [descriptors_list_program] Programming descriptor list: desc_handle=40960, buffer_handle=5, buffer_size=9344, buffer_offset=0, channel_index=1, starting_desc=8428
[2026-01-20 16:08:39.984] [358979] [HailoRT] [info] [config_buffer.cpp:171] [program_descriptors] ConfigBuffer::program_descriptors: Channel 0:1. Programming 19 descriptors. Offset: 9344
[2026-01-20 16:08:39.984] [358979] [HailoRT] [info] [context_switch_actions.cpp:251] [write_to_config_buffer] WriteDataCcwAction: Writing Config Data. Total Size: 127464 bytes. Stream Index: 0
[2026-01-20 16:08:39.984] [358979] [HailoRT] [info] [hailort_driver.cpp:617] [vdma_buffer_sync] Syncing VDMA buffer: handle=4, direction=TO_DEVICE, offset=4349952, count=3704
[2026-01-20 16:08:39.984] [358979] [HailoRT] [info] [hailort_driver.cpp:617] [vdma_buffer_sync] Syncing VDMA buffer: handle=4, direction=TO_DEVICE, offset=4353656, count=28792
[2026-01-20 16:08:39.984] [358979] [HailoRT] [info] [hailort_driver.cpp:617] [vdma_buffer_sync] Syncing VDMA buffer: handle=4, direction=TO_DEVICE, offset=4382448, count=28888
[2026-01-20 16:08:39.984] [358979] [HailoRT] [info] [hailort_driver.cpp:617] [vdma_buffer_sync] Syncing VDMA buffer: handle=4, direction=TO_DEVICE, offset=4411336, count=3712
[2026-01-20 16:08:39.984] [358979] [HailoRT] [info] [hailort_driver.cpp:617] [vdma_buffer_sync] Syncing VDMA buffer: handle=4, direction=TO_DEVICE, offset=4415048, count=27640
[2026-01-20 16:08:39.984] [358979] [HailoRT] [info] [hailort_driver.cpp:617] [vdma_buffer_sync] Syncing VDMA buffer: handle=4, direction=TO_DEVICE, offset=4442688, count=4104
[2026-01-20 16:08:39.984] [358979] [HailoRT] [info] [hailort_driver.cpp:617] [vdma_buffer_sync] Syncing VDMA buffer: handle=4, direction=TO_DEVICE, offset=4446792, count=24576
[2026-01-20 16:08:39.984] [358979] [HailoRT] [info] [hailort_driver.cpp:617] [vdma_buffer_sync] Syncing VDMA buffer: handle=4, direction=TO_DEVICE, offset=4471368, count=2440
[2026-01-20 16:08:39.984] [358979] [HailoRT] [info] [hailort_driver.cpp:617] [vdma_buffer_sync] Syncing VDMA buffer: handle=4, direction=TO_DEVICE, offset=4473808, count=312
[2026-01-20 16:08:39.984] [358979] [HailoRT] [info] [hailort_driver.cpp:617] [vdma_buffer_sync] Syncing VDMA buffer: handle=4, direction=TO_DEVICE, offset=4474120, count=2288
[2026-01-20 16:08:39.984] [358979] [HailoRT] [info] [hailort_driver.cpp:617] [vdma_buffer_sync] Syncing VDMA buffer: handle=4, direction=TO_DEVICE, offset=4476408, count=248
[2026-01-20 16:08:39.984] [358979] [HailoRT] [info] [hailort_driver.cpp:617] [vdma_buffer_sync] Syncing VDMA buffer: handle=4, direction=TO_DEVICE, offset=4476656, count=248
[2026-01-20 16:08:39.985] [358979] [HailoRT] [info] [hailort_driver.cpp:617] [vdma_buffer_sync] Syncing VDMA buffer: handle=4, direction=TO_DEVICE, offset=4476904, count=248
[2026-01-20 16:08:39.985] [358979] [HailoRT] [info] [hailort_driver.cpp:617] [vdma_buffer_sync] Syncing VDMA buffer: handle=4, direction=TO_DEVICE, offset=4477152, count=248
[2026-01-20 16:08:39.985] [358979] [HailoRT] [info] [hailort_driver.cpp:617] [vdma_buffer_sync] Syncing VDMA buffer: handle=4, direction=TO_DEVICE, offset=4477400, count=16
[2026-01-20 16:08:39.985] [358979] [HailoRT] [info] [hailort_driver.cpp:649] [descriptors_list_program] Programming descriptor list: desc_handle=36864, buffer_handle=4, buffer_size=127464, buffer_offset=0, channel_index=0, starting_desc=8496
[2026-01-20 16:08:39.985] [358979] [HailoRT] [info] [config_buffer.cpp:171] [program_descriptors] ConfigBuffer::program_descriptors: Channel 0:0. Programming 249 descriptors. Offset: 127464
[2026-01-20 16:08:39.989] [358979] [HailoRT] [info] [hailort_driver.cpp:649] [descriptors_list_program] Programming descriptor list: desc_handle=53248, buffer_handle=6, buffer_size=5292032, buffer_offset=0, channel_index=0, starting_desc=0
[2026-01-20 16:08:39.993] [358979] [HailoRT] [info] [hailort_driver.cpp:649] [descriptors_list_program] Programming descriptor list: desc_handle=57344, buffer_handle=7, buffer_size=5067264, buffer_offset=0, channel_index=1, starting_desc=0
[2026-01-20 16:08:39.993] [358979] [HailoRT] [info] [hailort_driver.cpp:476] [fw_control] Sending FW Control: opcode=0x00000048 (HAILO_CONTROL_OPCODE_GET_HW_CONSTS), len=20, cpu_id=1
[2026-01-20 16:08:39.993] [358979] [HailoRT] [info] [context_switch_actions.cpp:251] [write_to_config_buffer] WriteDataCcwAction: Writing Config Data. Total Size: 1755096 bytes. Stream Index: 1
[2026-01-20 16:08:39.993] [358979] [HailoRT] [info] [hailort_driver.cpp:617] [vdma_buffer_sync] Syncing VDMA buffer: handle=7, direction=TO_DEVICE, offset=0, count=256
[2026-01-20 16:08:39.993] [358979] [HailoRT] [info] [hailort_driver.cpp:617] [vdma_buffer_sync] Syncing VDMA buffer: handle=7, direction=TO_DEVICE, offset=256, count=72
[2026-01-20 16:08:39.993] [358979] [HailoRT] [info] [hailort_driver.cpp:617] [vdma_buffer_sync] Syncing VDMA buffer: handle=7, direction=TO_DEVICE, offset=328, count=17056
[2026-01-20 16:08:39.993] [358979] [HailoRT] [info] [hailort_driver.cpp:617] [vdma_buffer_sync] Syncing VDMA buffer: handle=7, direction=TO_DEVICE, offset=17384, count=72
[2026-01-20 16:08:39.993] [358979] [HailoRT] [info] [hailort_driver.cpp:617] [vdma_buffer_sync] Syncing VDMA buffer: handle=7, direction=TO_DEVICE, offset=17456, count=19328
[2026-01-20 16:08:39.993] [358979] [HailoRT] [info] [hailort_driver.cpp:617] [vdma_buffer_sync] Syncing VDMA buffer: handle=7, direction=TO_DEVICE, offset=36784, count=72
[2026-01-20 16:08:39.993] [358979] [HailoRT] [info] [hailort_driver.cpp:617] [vdma_buffer_sync] Syncing VDMA buffer: handle=7, direction=TO_DEVICE, offset=36856, count=20904
[2026-01-20 16:08:39.993] [358979] [HailoRT] [info] [hailort_driver.cpp:617] [vdma_buffer_sync] Syncing VDMA buffer: handle=7, direction=TO_DEVICE, offset=57760, count=72
[2026-01-20 16:08:39.993] [358979] [HailoRT] [info] [hailort_driver.cpp:617] [vdma_buffer_sync] Syncing VDMA buffer: handle=7, direction=TO_DEVICE, offset=57832, count=20992
[2026-01-20 16:08:39.993] [358979] [HailoRT] [info] [hailort_driver.cpp:617] [vdma_buffer_sync] Syncing VDMA buffer: handle=7, direction=TO_DEVICE, offset=78824, count=10200
[2026-01-20 16:08:39.993] [358979] [HailoRT] [info] [hailort_driver.cpp:617] [vdma_buffer_sync] Syncing VDMA buffer: handle=7, direction=TO_DEVICE, offset=89024, count=10048
[2026-01-20 16:08:39.993] [358979] [HailoRT] [info] [hailort_driver.cpp:617] [vdma_buffer_sync] Syncing VDMA buffer: handle=7, direction=TO_DEVICE, offset=99072, count=10184
[2026-01-20 16:08:39.994] [358979] [HailoRT] [info] [hailort_driver.cpp:617] [vdma_buffer_sync] Syncing VDMA buffer: handle=7, direction=TO_DEVICE, offset=109256, count=10008
[2026-01-20 16:08:39.994] [358979] [HailoRT] [info] [hailort_driver.cpp:617] [vdma_buffer_sync] Syncing VDMA buffer: handle=7, direction=TO_DEVICE, offset=119264, count=9936
[2026-01-20 16:08:39.994] [358979] [HailoRT] [info] [hailort_driver.cpp:617] [vdma_buffer_sync] Syncing VDMA buffer: handle=7, direction=TO_DEVICE, offset=129200, count=6776
[2026-01-20 16:08:39.994] [358979] [HailoRT] [info] [hailort_driver.cpp:617] [vdma_buffer_sync] Syncing VDMA buffer: handle=7, direction=TO_DEVICE, offset=135976, count=6752
[2026-01-20 16:08:39.994] [358979] [HailoRT] [info] [hailort_driver.cpp:617] [vdma_buffer_sync] Syncing VDMA buffer: handle=7, direction=TO_DEVICE, offset=142728, count=6928
[2026-01-20 16:08:39.994] [358979] [HailoRT] [info] [hailort_driver.cpp:617] [vdma_buffer_sync] Syncing VDMA buffer: handle=7, direction=TO_DEVICE, offset=149656, count=7032
[2026-01-20 16:08:39.994] [358979] [HailoRT] [info] [hailort_driver.cpp:617] [vdma_buffer_sync] Syncing VDMA buffer: handle=7, direction=TO_DEVICE, offset=156688, count=16440
[2026-01-20 16:08:39.994] [358979] [HailoRT] [info] [hailort_driver.cpp:617] [vdma_buffer_sync] Syncing VDMA buffer: handle=7, direction=TO_DEVICE, offset=173128, count=17776
[2026-01-20 16:08:39.994] [358979] [HailoRT] [info] [hailort_driver.cpp:617] [vdma_buffer_sync] Syncing VDMA buffer: handle=7, direction=TO_DEVICE, offset=190904, count=14624
[2026-01-20 16:08:39.994] [358979] [HailoRT] [info] [hailort_driver.cpp:617] [vdma_buffer_sync] Syncing VDMA buffer: handle=7, direction=TO_DEVICE, offset=205528, count=14960
[2026-01-20 16:08:39.994] [358979] [HailoRT] [info] [hailort_driver.cpp:617] [vdma_buffer_sync] Syncing VDMA buffer: handle=7, direction=TO_DEVICE, offset=220488, count=14160
[2026-01-20 16:08:39.994] [358979] [HailoRT] [info] [hailort_driver.cpp:617] [vdma_buffer_sync] Syncing VDMA buffer: handle=7, direction=TO_DEVICE, offset=234648, count=16656
[2026-01-20 16:08:39.994] [358979] [HailoRT] [info] [hailort_driver.cpp:617] [vdma_buffer_sync] Syncing VDMA buffer: handle=7, direction=TO_DEVICE, offset=251304, count=15232
[2026-01-20 16:08:39.994] [358979] [HailoRT] [info] [hailort_driver.cpp:617] [vdma_buffer_sync] Syncing VDMA buffer: handle=7, direction=TO_DEVICE, offset=266536, count=7480
[2026-01-20 16:08:39.994] [358979] [HailoRT] [info] [hailort_driver.cpp:617] [vdma_buffer_sync] Syncing VDMA buffer: handle=7, direction=TO_DEVICE, offset=274016, count=8296
[2026-01-20 16:08:39.994] [358979] [HailoRT] [info] [hailort_driver.cpp:617] [vdma_buffer_sync] Syncing VDMA buffer: handle=7, direction=TO_DEVICE, offset=282312, count=18040
[2026-01-20 16:08:39.994] [358979] [HailoRT] [info] [hailort_driver.cpp:617] [vdma_buffer_sync] Syncing VDMA buffer: handle=7, direction=TO_DEVICE, offset=300352, count=18032
[2026-01-20 16:08:39.994] [358979] [HailoRT] [info] [hailort_driver.cpp:617] [vdma_buffer_sync] Syncing VDMA buffer: handle=7, direction=TO_DEVICE, offset=318384, count=18016
[2026-01-20 16:08:39.994] [358979] [HailoRT] [info] [hailort_driver.cpp:617] [vdma_buffer_sync] Syncing VDMA buffer: handle=7, direction=TO_DEVICE, offset=336400, count=17992
[2026-01-20 16:08:39.994] [358979] [HailoRT] [info] [hailort_driver.cpp:617] [vdma_buffer_sync] Syncing VDMA buffer: handle=7, direction=TO_DEVICE, offset=354392, count=18240
[2026-01-20 16:08:39.994] [358979] [HailoRT] [info] [hailort_driver.cpp:617] [vdma_buffer_sync] Syncing VDMA buffer: handle=7, direction=TO_DEVICE, offset=372632, count=18112
[2026-01-20 16:08:39.994] [358979] [HailoRT] [info] [hailort_driver.cpp:617] [vdma_buffer_sync] Syncing VDMA buffer: handle=7, direction=TO_DEVICE, offset=390744, count=18264
[2026-01-20 16:08:39.994] [358979] [HailoRT] [info] [hailort_driver.cpp:617] [vdma_buffer_sync] Syncing VDMA buffer: handle=7, direction=TO_DEVICE, offset=409008, count=18448
[2026-01-20 16:08:39.994] [358979] [HailoRT] [info] [hailort_driver.cpp:617] [vdma_buffer_sync] Syncing VDMA buffer: handle=7, direction=TO_DEVICE, offset=427456, count=18136
[2026-01-20 16:08:39.994] [358979] [HailoRT] [info] [hailort_driver.cpp:617] [vdma_buffer_sync] Syncing VDMA buffer: handle=7, direction=TO_DEVICE, offset=445592, count=18168
[2026-01-20 16:08:39.994] [358979] [HailoRT] [info] [hailort_driver.cpp:617] [vdma_buffer_sync] Syncing VDMA buffer: handle=7, direction=TO_DEVICE, offset=463760, count=22840
[2026-01-20 16:08:39.994] [358979] [HailoRT] [info] [hailort_driver.cpp:617] [vdma_buffer_sync] Syncing VDMA buffer: handle=7, direction=TO_DEVICE, offset=486600, count=5720
[2026-01-20 16:08:39.994] [358979] [HailoRT] [info] [hailort_driver.cpp:617] [vdma_buffer_sync] Syncing VDMA buffer: handle=7, direction=TO_DEVICE, offset=492320, count=23240
[2026-01-20 16:08:39.994] [358979] [HailoRT] [info] [hailort_driver.cpp:617] [vdma_buffer_sync] Syncing VDMA buffer: handle=7, direction=TO_DEVICE, offset=515560, count=22864
[2026-01-20 16:08:39.994] [358979] [HailoRT] [info] [hailort_driver.cpp:617] [vdma_buffer_sync] Syncing VDMA buffer: handle=7, direction=TO_DEVICE, offset=538424, count=5720
[2026-01-20 16:08:39.994] [358979] [HailoRT] [info] [hailort_driver.cpp:617] [vdma_buffer_sync] Syncing VDMA buffer: handle=7, direction=TO_DEVICE, offset=544144, count=23040
[2026-01-20 16:08:39.994] [358979] [HailoRT] [info] [hailort_driver.cpp:617] [vdma_buffer_sync] Syncing VDMA buffer: handle=7, direction=TO_DEVICE, offset=567184, count=22272
[2026-01-20 16:08:39.994] [358979] [HailoRT] [info] [hailort_driver.cpp:617] [vdma_buffer_sync] Syncing VDMA buffer: handle=7, direction=TO_DEVICE, offset=589456, count=5584
[2026-01-20 16:08:39.994] [358979] [HailoRT] [info] [hailort_driver.cpp:617] [vdma_buffer_sync] Syncing VDMA buffer: handle=7, direction=TO_DEVICE, offset=595040, count=21544
[2026-01-20 16:08:39.994] [358979] [HailoRT] [info] [hailort_driver.cpp:617] [vdma_buffer_sync] Syncing VDMA buffer: handle=7, direction=TO_DEVICE, offset=616584, count=22376
[2026-01-20 16:08:39.994] [358979] [HailoRT] [info] [hailort_driver.cpp:617] [vdma_buffer_sync] Syncing VDMA buffer: handle=7, direction=TO_DEVICE, offset=638960, count=5592
[2026-01-20 16:08:39.994] [358979] [HailoRT] [info] [hailort_driver.cpp:617] [vdma_buffer_sync] Syncing VDMA buffer: handle=7, direction=TO_DEVICE, offset=644552, count=22856
[2026-01-20 16:08:39.994] [358979] [HailoRT] [info] [hailort_driver.cpp:617] [vdma_buffer_sync] Syncing VDMA buffer: handle=7, direction=TO_DEVICE, offset=667408, count=5736
[2026-01-20 16:08:39.994] [358979] [HailoRT] [info] [hailort_driver.cpp:617] [vdma_buffer_sync] Syncing VDMA buffer: handle=7, direction=TO_DEVICE, offset=673144, count=23128
[2026-01-20 16:08:39.994] [358979] [HailoRT] [info] [hailort_driver.cpp:617] [vdma_buffer_sync] Syncing VDMA buffer: handle=7, direction=TO_DEVICE, offset=696272, count=22384
[2026-01-20 16:08:39.994] [358979] [HailoRT] [info] [hailort_driver.cpp:617] [vdma_buffer_sync] Syncing VDMA buffer: handle=7, direction=TO_DEVICE, offset=718656, count=5584
[2026-01-20 16:08:39.994] [358979] [HailoRT] [info] [hailort_driver.cpp:617] [vdma_buffer_sync] Syncing VDMA buffer: handle=7, direction=TO_DEVICE, offset=724240, count=22760
[2026-01-20 16:08:39.995] [358979] [HailoRT] [info] [hailort_driver.cpp:617] [vdma_buffer_sync] Syncing VDMA buffer: handle=7, direction=TO_DEVICE, offset=747000, count=22640
[2026-01-20 16:08:39.995] [358979] [HailoRT] [info] [hailort_driver.cpp:617] [vdma_buffer_sync] Syncing VDMA buffer: handle=7, direction=TO_DEVICE, offset=769640, count=5680
[2026-01-20 16:08:39.995] [358979] [HailoRT] [info] [hailort_driver.cpp:617] [vdma_buffer_sync] Syncing VDMA buffer: handle=7, direction=TO_DEVICE, offset=775320, count=23240
[2026-01-20 16:08:39.995] [358979] [HailoRT] [info] [hailort_driver.cpp:617] [vdma_buffer_sync] Syncing VDMA buffer: handle=7, direction=TO_DEVICE, offset=798560, count=22696
[2026-01-20 16:08:39.995] [358979] [HailoRT] [info] [hailort_driver.cpp:617] [vdma_buffer_sync] Syncing VDMA buffer: handle=7, direction=TO_DEVICE, offset=821256, count=5664
[2026-01-20 16:08:39.995] [358979] [HailoRT] [info] [hailort_driver.cpp:617] [vdma_buffer_sync] Syncing VDMA buffer: handle=7, direction=TO_DEVICE, offset=826920, count=18536
[2026-01-20 16:08:39.995] [358979] [HailoRT] [info] [hailort_driver.cpp:617] [vdma_buffer_sync] Syncing VDMA buffer: handle=7, direction=TO_DEVICE, offset=845456, count=25944
[2026-01-20 16:08:39.995] [358979] [HailoRT] [info] [hailort_driver.cpp:617] [vdma_buffer_sync] Syncing VDMA buffer: handle=7, direction=TO_DEVICE, offset=871400, count=25680
[2026-01-20 16:08:39.995] [358979] [HailoRT] [info] [hailort_driver.cpp:617] [vdma_buffer_sync] Syncing VDMA buffer: handle=7, direction=TO_DEVICE, offset=897080, count=25480
[2026-01-20 16:08:39.995] [358979] [HailoRT] [info] [hailort_driver.cpp:617] [vdma_buffer_sync] Syncing VDMA buffer: handle=7, direction=TO_DEVICE, offset=922560, count=25160
[2026-01-20 16:08:39.995] [358979] [HailoRT] [info] [hailort_driver.cpp:617] [vdma_buffer_sync] Syncing VDMA buffer: handle=7, direction=TO_DEVICE, offset=947720, count=25288
[2026-01-20 16:08:39.995] [358979] [HailoRT] [info] [hailort_driver.cpp:617] [vdma_buffer_sync] Syncing VDMA buffer: handle=7, direction=TO_DEVICE, offset=973008, count=26048
[2026-01-20 16:08:39.995] [358979] [HailoRT] [info] [hailort_driver.cpp:617] [vdma_buffer_sync] Syncing VDMA buffer: handle=7, direction=TO_DEVICE, offset=999056, count=25464
[2026-01-20 16:08:39.995] [358979] [HailoRT] [info] [hailort_driver.cpp:617] [vdma_buffer_sync] Syncing VDMA buffer: handle=7, direction=TO_DEVICE, offset=1024520, count=6576
[2026-01-20 16:08:39.995] [358979] [HailoRT] [info] [hailort_driver.cpp:617] [vdma_buffer_sync] Syncing VDMA buffer: handle=7, direction=TO_DEVICE, offset=1031096, count=25544
[2026-01-20 16:08:39.995] [358979] [HailoRT] [info] [hailort_driver.cpp:617] [vdma_buffer_sync] Syncing VDMA buffer: handle=7, direction=TO_DEVICE, offset=1056640, count=6632
[2026-01-20 16:08:39.995] [358979] [HailoRT] [info] [hailort_driver.cpp:617] [vdma_buffer_sync] Syncing VDMA buffer: handle=7, direction=TO_DEVICE, offset=1063272, count=6464
[2026-01-20 16:08:39.995] [358979] [HailoRT] [info] [hailort_driver.cpp:617] [vdma_buffer_sync] Syncing VDMA buffer: handle=7, direction=TO_DEVICE, offset=1069736, count=25680
[2026-01-20 16:08:39.995] [358979] [HailoRT] [info] [hailort_driver.cpp:617] [vdma_buffer_sync] Syncing VDMA buffer: handle=7, direction=TO_DEVICE, offset=1095416, count=24976
[2026-01-20 16:08:39.995] [358979] [HailoRT] [info] [hailort_driver.cpp:617] [vdma_buffer_sync] Syncing VDMA buffer: handle=7, direction=TO_DEVICE, offset=1120392, count=6400
[2026-01-20 16:08:39.995] [358979] [HailoRT] [info] [hailort_driver.cpp:617] [vdma_buffer_sync] Syncing VDMA buffer: handle=7, direction=TO_DEVICE, offset=1126792, count=24640
[2026-01-20 16:08:39.995] [358979] [HailoRT] [info] [hailort_driver.cpp:617] [vdma_buffer_sync] Syncing VDMA buffer: handle=7, direction=TO_DEVICE, offset=1151432, count=25304
[2026-01-20 16:08:39.995] [358979] [HailoRT] [info] [hailort_driver.cpp:617] [vdma_buffer_sync] Syncing VDMA buffer: handle=7, direction=TO_DEVICE, offset=1176736, count=25392
[2026-01-20 16:08:39.995] [358979] [HailoRT] [info] [hailort_driver.cpp:617] [vdma_buffer_sync] Syncing VDMA buffer: handle=7, direction=TO_DEVICE, offset=1202128, count=26056
[2026-01-20 16:08:39.995] [358979] [HailoRT] [info] [hailort_driver.cpp:617] [vdma_buffer_sync] Syncing VDMA buffer: handle=7, direction=TO_DEVICE, offset=1228184, count=26264
[2026-01-20 16:08:39.995] [358979] [HailoRT] [info] [hailort_driver.cpp:617] [vdma_buffer_sync] Syncing VDMA buffer: handle=7, direction=TO_DEVICE, offset=1254448, count=25672
[2026-01-20 16:08:39.995] [358979] [HailoRT] [info] [hailort_driver.cpp:617] [vdma_buffer_sync] Syncing VDMA buffer: handle=7, direction=TO_DEVICE, offset=1280120, count=24952
[2026-01-20 16:08:39.995] [358979] [HailoRT] [info] [hailort_driver.cpp:617] [vdma_buffer_sync] Syncing VDMA buffer: handle=7, direction=TO_DEVICE, offset=1305072, count=25176
[2026-01-20 16:08:39.995] [358979] [HailoRT] [info] [hailort_driver.cpp:617] [vdma_buffer_sync] Syncing VDMA buffer: handle=7, direction=TO_DEVICE, offset=1330248, count=25680
[2026-01-20 16:08:39.995] [358979] [HailoRT] [info] [hailort_driver.cpp:617] [vdma_buffer_sync] Syncing VDMA buffer: handle=7, direction=TO_DEVICE, offset=1355928, count=24752
[2026-01-20 16:08:39.995] [358979] [HailoRT] [info] [hailort_driver.cpp:617] [vdma_buffer_sync] Syncing VDMA buffer: handle=7, direction=TO_DEVICE, offset=1380680, count=24488
[2026-01-20 16:08:39.995] [358979] [HailoRT] [info] [hailort_driver.cpp:617] [vdma_buffer_sync] Syncing VDMA buffer: handle=7, direction=TO_DEVICE, offset=1405168, count=25848
[2026-01-20 16:08:39.995] [358979] [HailoRT] [info] [hailort_driver.cpp:617] [vdma_buffer_sync] Syncing VDMA buffer: handle=7, direction=TO_DEVICE, offset=1431016, count=27688
[2026-01-20 16:08:39.995] [358979] [HailoRT] [info] [hailort_driver.cpp:617] [vdma_buffer_sync] Syncing VDMA buffer: handle=7, direction=TO_DEVICE, offset=1458704, count=26296
[2026-01-20 16:08:39.995] [358979] [HailoRT] [info] [hailort_driver.cpp:617] [vdma_buffer_sync] Syncing VDMA buffer: handle=7, direction=TO_DEVICE, offset=1485000, count=24744
[2026-01-20 16:08:39.995] [358979] [HailoRT] [info] [hailort_driver.cpp:617] [vdma_buffer_sync] Syncing VDMA buffer: handle=7, direction=TO_DEVICE, offset=1509744, count=24864
[2026-01-20 16:08:39.995] [358979] [HailoRT] [info] [hailort_driver.cpp:617] [vdma_buffer_sync] Syncing VDMA buffer: handle=7, direction=TO_DEVICE, offset=1534608, count=23128
[2026-01-20 16:08:39.995] [358979] [HailoRT] [info] [hailort_driver.cpp:617] [vdma_buffer_sync] Syncing VDMA buffer: handle=7, direction=TO_DEVICE, offset=1557736, count=22848
[2026-01-20 16:08:39.995] [358979] [HailoRT] [info] [hailort_driver.cpp:617] [vdma_buffer_sync] Syncing VDMA buffer: handle=7, direction=TO_DEVICE, offset=1580584, count=22832
[2026-01-20 16:08:39.995] [358979] [HailoRT] [info] [hailort_driver.cpp:617] [vdma_buffer_sync] Syncing VDMA buffer: handle=7, direction=TO_DEVICE, offset=1603416, count=17336
[2026-01-20 16:08:39.995] [358979] [HailoRT] [info] [hailort_driver.cpp:617] [vdma_buffer_sync] Syncing VDMA buffer: handle=7, direction=TO_DEVICE, offset=1620752, count=22288
[2026-01-20 16:08:39.996] [358979] [HailoRT] [info] [hailort_driver.cpp:617] [vdma_buffer_sync] Syncing VDMA buffer: handle=7, direction=TO_DEVICE, offset=1643040, count=19168
[2026-01-20 16:08:39.996] [358979] [HailoRT] [info] [hailort_driver.cpp:617] [vdma_buffer_sync] Syncing VDMA buffer: handle=7, direction=TO_DEVICE, offset=1662208, count=22776
[2026-01-20 16:08:39.996] [358979] [HailoRT] [info] [hailort_driver.cpp:617] [vdma_buffer_sync] Syncing VDMA buffer: handle=7, direction=TO_DEVICE, offset=1684984, count=25352
[2026-01-20 16:08:39.996] [358979] [HailoRT] [info] [hailort_driver.cpp:617] [vdma_buffer_sync] Syncing VDMA buffer: handle=7, direction=TO_DEVICE, offset=1710336, count=15600
[2026-01-20 16:08:39.996] [358979] [HailoRT] [info] [hailort_driver.cpp:617] [vdma_buffer_sync] Syncing VDMA buffer: handle=7, direction=TO_DEVICE, offset=1725936, count=16
[2026-01-20 16:08:39.996] [358979] [HailoRT] [info] [hailort_driver.cpp:617] [vdma_buffer_sync] Syncing VDMA buffer: handle=7, direction=TO_DEVICE, offset=1725952, count=19072
[2026-01-20 16:08:39.996] [358979] [HailoRT] [info] [hailort_driver.cpp:617] [vdma_buffer_sync] Syncing VDMA buffer: handle=7, direction=TO_DEVICE, offset=1745024, count=16
[2026-01-20 16:08:39.996] [358979] [HailoRT] [info] [hailort_driver.cpp:617] [vdma_buffer_sync] Syncing VDMA buffer: handle=7, direction=TO_DEVICE, offset=1745040, count=10040
[2026-01-20 16:08:39.996] [358979] [HailoRT] [info] [hailort_driver.cpp:617] [vdma_buffer_sync] Syncing VDMA buffer: handle=7, direction=TO_DEVICE, offset=1755080, count=16
[2026-01-20 16:08:39.996] [358979] [HailoRT] [info] [hailort_driver.cpp:649] [descriptors_list_program] Programming descriptor list: desc_handle=57344, buffer_handle=7, buffer_size=1755096, buffer_offset=0, channel_index=1, starting_desc=0
[2026-01-20 16:08:39.996] [358979] [HailoRT] [info] [config_buffer.cpp:171] [program_descriptors] ConfigBuffer::program_descriptors: Channel 0:1. Programming 3428 descriptors. Offset: 1755096
[2026-01-20 16:08:39.996] [358979] [HailoRT] [info] [context_switch_actions.cpp:251] [write_to_config_buffer] WriteDataCcwAction: Writing Config Data. Total Size: 1418272 bytes. Stream Index: 0
[2026-01-20 16:08:39.996] [358979] [HailoRT] [info] [hailort_driver.cpp:617] [vdma_buffer_sync] Syncing VDMA buffer: handle=6, direction=TO_DEVICE, offset=0, count=256
[2026-01-20 16:08:39.996] [358979] [HailoRT] [info] [hailort_driver.cpp:617] [vdma_buffer_sync] Syncing VDMA buffer: handle=6, direction=TO_DEVICE, offset=256, count=72
[2026-01-20 16:08:39.996] [358979] [HailoRT] [info] [hailort_driver.cpp:617] [vdma_buffer_sync] Syncing VDMA buffer: handle=6, direction=TO_DEVICE, offset=328, count=20640
[2026-01-20 16:08:39.996] [358979] [HailoRT] [info] [hailort_driver.cpp:617] [vdma_buffer_sync] Syncing VDMA buffer: handle=6, direction=TO_DEVICE, offset=20968, count=72
[2026-01-20 16:08:39.996] [358979] [HailoRT] [info] [hailort_driver.cpp:617] [vdma_buffer_sync] Syncing VDMA buffer: handle=6, direction=TO_DEVICE, offset=21040, count=16000
[2026-01-20 16:08:39.996] [358979] [HailoRT] [info] [hailort_driver.cpp:617] [vdma_buffer_sync] Syncing VDMA buffer: handle=6, direction=TO_DEVICE, offset=37040, count=16
[2026-01-20 16:08:39.996] [358979] [HailoRT] [info] [hailort_driver.cpp:617] [vdma_buffer_sync] Syncing VDMA buffer: handle=6, direction=TO_DEVICE, offset=37056, count=72
[2026-01-20 16:08:39.996] [358979] [HailoRT] [info] [hailort_driver.cpp:617] [vdma_buffer_sync] Syncing VDMA buffer: handle=6, direction=TO_DEVICE, offset=37128, count=17560
[2026-01-20 16:08:39.996] [358979] [HailoRT] [info] [hailort_driver.cpp:617] [vdma_buffer_sync] Syncing VDMA buffer: handle=6, direction=TO_DEVICE, offset=54688, count=72
[2026-01-20 16:08:39.996] [358979] [HailoRT] [info] [hailort_driver.cpp:617] [vdma_buffer_sync] Syncing VDMA buffer: handle=6, direction=TO_DEVICE, offset=54760, count=20832
[2026-01-20 16:08:39.996] [358979] [HailoRT] [info] [hailort_driver.cpp:617] [vdma_buffer_sync] Syncing VDMA buffer: handle=6, direction=TO_DEVICE, offset=75592, count=80
[2026-01-20 16:08:39.996] [358979] [HailoRT] [info] [hailort_driver.cpp:617] [vdma_buffer_sync] Syncing VDMA buffer: handle=6, direction=TO_DEVICE, offset=75672, count=104
[2026-01-20 16:08:39.996] [358979] [HailoRT] [info] [hailort_driver.cpp:617] [vdma_buffer_sync] Syncing VDMA buffer: handle=6, direction=TO_DEVICE, offset=75776, count=2408
[2026-01-20 16:08:39.996] [358979] [HailoRT] [info] [hailort_driver.cpp:617] [vdma_buffer_sync] Syncing VDMA buffer: handle=6, direction=TO_DEVICE, offset=78184, count=80
[2026-01-20 16:08:39.996] [358979] [HailoRT] [info] [hailort_driver.cpp:617] [vdma_buffer_sync] Syncing VDMA buffer: handle=6, direction=TO_DEVICE, offset=78264, count=104
[2026-01-20 16:08:39.996] [358979] [HailoRT] [info] [hailort_driver.cpp:617] [vdma_buffer_sync] Syncing VDMA buffer: handle=6, direction=TO_DEVICE, offset=78368, count=2824
[2026-01-20 16:08:39.996] [358979] [HailoRT] [info] [hailort_driver.cpp:617] [vdma_buffer_sync] Syncing VDMA buffer: handle=6, direction=TO_DEVICE, offset=81192, count=6624
[2026-01-20 16:08:39.996] [358979] [HailoRT] [info] [hailort_driver.cpp:617] [vdma_buffer_sync] Syncing VDMA buffer: handle=6, direction=TO_DEVICE, offset=87816, count=6936
[2026-01-20 16:08:39.996] [358979] [HailoRT] [info] [hailort_driver.cpp:617] [vdma_buffer_sync] Syncing VDMA buffer: handle=6, direction=TO_DEVICE, offset=94752, count=6896
[2026-01-20 16:08:39.996] [358979] [HailoRT] [info] [hailort_driver.cpp:617] [vdma_buffer_sync] Syncing VDMA buffer: handle=6, direction=TO_DEVICE, offset=101648, count=6624
[2026-01-20 16:08:39.996] [358979] [HailoRT] [info] [hailort_driver.cpp:617] [vdma_buffer_sync] Syncing VDMA buffer: handle=6, direction=TO_DEVICE, offset=108272, count=2744
[2026-01-20 16:08:39.996] [358979] [HailoRT] [info] [hailort_driver.cpp:617] [vdma_buffer_sync] Syncing VDMA buffer: handle=6, direction=TO_DEVICE, offset=111016, count=2744
[2026-01-20 16:08:39.996] [358979] [HailoRT] [info] [hailort_driver.cpp:617] [vdma_buffer_sync] Syncing VDMA buffer: handle=6, direction=TO_DEVICE, offset=113760, count=2728
[2026-01-20 16:08:39.996] [358979] [HailoRT] [info] [hailort_driver.cpp:617] [vdma_buffer_sync] Syncing VDMA buffer: handle=6, direction=TO_DEVICE, offset=116488, count=2840
[2026-01-20 16:08:39.996] [358979] [HailoRT] [info] [hailort_driver.cpp:617] [vdma_buffer_sync] Syncing VDMA buffer: handle=6, direction=TO_DEVICE, offset=119328, count=2688
[2026-01-20 16:08:39.996] [358979] [HailoRT] [info] [hailort_driver.cpp:617] [vdma_buffer_sync] Syncing VDMA buffer: handle=6, direction=TO_DEVICE, offset=122016, count=2752
[2026-01-20 16:08:39.996] [358979] [HailoRT] [info] [hailort_driver.cpp:617] [vdma_buffer_sync] Syncing VDMA buffer: handle=6, direction=TO_DEVICE, offset=124768, count=2704
[2026-01-20 16:08:39.996] [358979] [HailoRT] [info] [hailort_driver.cpp:617] [vdma_buffer_sync] Syncing VDMA buffer: handle=6, direction=TO_DEVICE, offset=127472, count=2744
[2026-01-20 16:08:39.996] [358979] [HailoRT] [info] [hailort_driver.cpp:617] [vdma_buffer_sync] Syncing VDMA buffer: handle=6, direction=TO_DEVICE, offset=130216, count=4168
[2026-01-20 16:08:39.996] [358979] [HailoRT] [info] [hailort_driver.cpp:617] [vdma_buffer_sync] Syncing VDMA buffer: handle=6, direction=TO_DEVICE, offset=134384, count=2472
[2026-01-20 16:08:39.996] [358979] [HailoRT] [info] [hailort_driver.cpp:617] [vdma_buffer_sync] Syncing VDMA buffer: handle=6, direction=TO_DEVICE, offset=136856, count=15856
[2026-01-20 16:08:39.996] [358979] [HailoRT] [info] [hailort_driver.cpp:617] [vdma_buffer_sync] Syncing VDMA buffer: handle=6, direction=TO_DEVICE, offset=152712, count=15808
[2026-01-20 16:08:39.996] [358979] [HailoRT] [info] [hailort_driver.cpp:617] [vdma_buffer_sync] Syncing VDMA buffer: handle=6, direction=TO_DEVICE, offset=168520, count=16536
[2026-01-20 16:08:39.996] [358979] [HailoRT] [info] [hailort_driver.cpp:617] [vdma_buffer_sync] Syncing VDMA buffer: handle=6, direction=TO_DEVICE, offset=185056, count=16800
[2026-01-20 16:08:39.996] [358979] [HailoRT] [info] [hailort_driver.cpp:617] [vdma_buffer_sync] Syncing VDMA buffer: handle=6, direction=TO_DEVICE, offset=201856, count=16592
[2026-01-20 16:08:39.996] [358979] [HailoRT] [info] [hailort_driver.cpp:617] [vdma_buffer_sync] Syncing VDMA buffer: handle=6, direction=TO_DEVICE, offset=218448, count=16120
[2026-01-20 16:08:39.996] [358979] [HailoRT] [info] [hailort_driver.cpp:617] [vdma_buffer_sync] Syncing VDMA buffer: handle=6, direction=TO_DEVICE, offset=234568, count=7944
[2026-01-20 16:08:39.996] [358979] [HailoRT] [info] [hailort_driver.cpp:617] [vdma_buffer_sync] Syncing VDMA buffer: handle=6, direction=TO_DEVICE, offset=242512, count=7824
[2026-01-20 16:08:39.996] [358979] [HailoRT] [info] [hailort_driver.cpp:617] [vdma_buffer_sync] Syncing VDMA buffer: handle=6, direction=TO_DEVICE, offset=250336, count=15816
[2026-01-20 16:08:39.996] [358979] [HailoRT] [info] [hailort_driver.cpp:617] [vdma_buffer_sync] Syncing VDMA buffer: handle=6, direction=TO_DEVICE, offset=266152, count=15392
[2026-01-20 16:08:39.997] [358979] [HailoRT] [info] [hailort_driver.cpp:617] [vdma_buffer_sync] Syncing VDMA buffer: handle=6, direction=TO_DEVICE, offset=281544, count=15200
[2026-01-20 16:08:39.997] [358979] [HailoRT] [info] [hailort_driver.cpp:617] [vdma_buffer_sync] Syncing VDMA buffer: handle=6, direction=TO_DEVICE, offset=296744, count=15416
[2026-01-20 16:08:39.997] [358979] [HailoRT] [info] [hailort_driver.cpp:617] [vdma_buffer_sync] Syncing VDMA buffer: handle=6, direction=TO_DEVICE, offset=312160, count=15584
[2026-01-20 16:08:39.997] [358979] [HailoRT] [info] [hailort_driver.cpp:617] [vdma_buffer_sync] Syncing VDMA buffer: handle=6, direction=TO_DEVICE, offset=327744, count=25032
[2026-01-20 16:08:39.997] [358979] [HailoRT] [info] [hailort_driver.cpp:617] [vdma_buffer_sync] Syncing VDMA buffer: handle=6, direction=TO_DEVICE, offset=352776, count=24704
[2026-01-20 16:08:39.997] [358979] [HailoRT] [info] [hailort_driver.cpp:617] [vdma_buffer_sync] Syncing VDMA buffer: handle=6, direction=TO_DEVICE, offset=377480, count=6048
[2026-01-20 16:08:39.997] [358979] [HailoRT] [info] [hailort_driver.cpp:617] [vdma_buffer_sync] Syncing VDMA buffer: handle=6, direction=TO_DEVICE, offset=383528, count=23888
[2026-01-20 16:08:39.997] [358979] [HailoRT] [info] [hailort_driver.cpp:617] [vdma_buffer_sync] Syncing VDMA buffer: handle=6, direction=TO_DEVICE, offset=407416, count=24296
[2026-01-20 16:08:39.997] [358979] [HailoRT] [info] [hailort_driver.cpp:617] [vdma_buffer_sync] Syncing VDMA buffer: handle=6, direction=TO_DEVICE, offset=431712, count=5968
[2026-01-20 16:08:39.997] [358979] [HailoRT] [info] [hailort_driver.cpp:617] [vdma_buffer_sync] Syncing VDMA buffer: handle=6, direction=TO_DEVICE, offset=437680, count=24600
[2026-01-20 16:08:39.997] [358979] [HailoRT] [info] [hailort_driver.cpp:617] [vdma_buffer_sync] Syncing VDMA buffer: handle=6, direction=TO_DEVICE, offset=462280, count=25736
[2026-01-20 16:08:39.997] [358979] [HailoRT] [info] [hailort_driver.cpp:617] [vdma_buffer_sync] Syncing VDMA buffer: handle=6, direction=TO_DEVICE, offset=488016, count=6416
[2026-01-20 16:08:39.997] [358979] [HailoRT] [info] [hailort_driver.cpp:617] [vdma_buffer_sync] Syncing VDMA buffer: handle=6, direction=TO_DEVICE, offset=494432, count=25432
[2026-01-20 16:08:39.997] [358979] [HailoRT] [info] [hailort_driver.cpp:617] [vdma_buffer_sync] Syncing VDMA buffer: handle=6, direction=TO_DEVICE, offset=519864, count=25384
[2026-01-20 16:08:39.997] [358979] [HailoRT] [info] [hailort_driver.cpp:617] [vdma_buffer_sync] Syncing VDMA buffer: handle=6, direction=TO_DEVICE, offset=545248, count=6216
[2026-01-20 16:08:39.997] [358979] [HailoRT] [info] [hailort_driver.cpp:617] [vdma_buffer_sync] Syncing VDMA buffer: handle=6, direction=TO_DEVICE, offset=551464, count=26304
[2026-01-20 16:08:39.997] [358979] [HailoRT] [info] [hailort_driver.cpp:617] [vdma_buffer_sync] Syncing VDMA buffer: handle=6, direction=TO_DEVICE, offset=577768, count=24968
[2026-01-20 16:08:39.997] [358979] [HailoRT] [info] [hailort_driver.cpp:617] [vdma_buffer_sync] Syncing VDMA buffer: handle=6, direction=TO_DEVICE, offset=602736, count=6048
[2026-01-20 16:08:39.997] [358979] [HailoRT] [info] [hailort_driver.cpp:617] [vdma_buffer_sync] Syncing VDMA buffer: handle=6, direction=TO_DEVICE, offset=608784, count=24344
[2026-01-20 16:08:39.997] [358979] [HailoRT] [info] [hailort_driver.cpp:617] [vdma_buffer_sync] Syncing VDMA buffer: handle=6, direction=TO_DEVICE, offset=633128, count=25112
[2026-01-20 16:08:39.997] [358979] [HailoRT] [info] [hailort_driver.cpp:617] [vdma_buffer_sync] Syncing VDMA buffer: handle=6, direction=TO_DEVICE, offset=658240, count=6264
[2026-01-20 16:08:39.997] [358979] [HailoRT] [info] [hailort_driver.cpp:617] [vdma_buffer_sync] Syncing VDMA buffer: handle=6, direction=TO_DEVICE, offset=664504, count=25256
[2026-01-20 16:08:39.997] [358979] [HailoRT] [info] [hailort_driver.cpp:617] [vdma_buffer_sync] Syncing VDMA buffer: handle=6, direction=TO_DEVICE, offset=689760, count=25472
[2026-01-20 16:08:39.997] [358979] [HailoRT] [info] [hailort_driver.cpp:617] [vdma_buffer_sync] Syncing VDMA buffer: handle=6, direction=TO_DEVICE, offset=715232, count=6304
[2026-01-20 16:08:39.997] [358979] [HailoRT] [info] [hailort_driver.cpp:617] [vdma_buffer_sync] Syncing VDMA buffer: handle=6, direction=TO_DEVICE, offset=721536, count=25080
[2026-01-20 16:08:39.997] [358979] [HailoRT] [info] [hailort_driver.cpp:617] [vdma_buffer_sync] Syncing VDMA buffer: handle=6, direction=TO_DEVICE, offset=746616, count=25992
[2026-01-20 16:08:39.997] [358979] [HailoRT] [info] [hailort_driver.cpp:617] [vdma_buffer_sync] Syncing VDMA buffer: handle=6, direction=TO_DEVICE, offset=772608, count=6432
[2026-01-20 16:08:39.997] [358979] [HailoRT] [info] [hailort_driver.cpp:617] [vdma_buffer_sync] Syncing VDMA buffer: handle=6, direction=TO_DEVICE, offset=779040, count=24336
[2026-01-20 16:08:39.997] [358979] [HailoRT] [info] [hailort_driver.cpp:617] [vdma_buffer_sync] Syncing VDMA buffer: handle=6, direction=TO_DEVICE, offset=803376, count=6072
[2026-01-20 16:08:39.997] [358979] [HailoRT] [info] [hailort_driver.cpp:617] [vdma_buffer_sync] Syncing VDMA buffer: handle=6, direction=TO_DEVICE, offset=809448, count=25992
[2026-01-20 16:08:39.997] [358979] [HailoRT] [info] [hailort_driver.cpp:617] [vdma_buffer_sync] Syncing VDMA buffer: handle=6, direction=TO_DEVICE, offset=835440, count=26672
[2026-01-20 16:08:39.997] [358979] [HailoRT] [info] [hailort_driver.cpp:617] [vdma_buffer_sync] Syncing VDMA buffer: handle=6, direction=TO_DEVICE, offset=862112, count=24800
[2026-01-20 16:08:39.997] [358979] [HailoRT] [info] [hailort_driver.cpp:617] [vdma_buffer_sync] Syncing VDMA buffer: handle=6, direction=TO_DEVICE, offset=886912, count=24616
[2026-01-20 16:08:39.997] [358979] [HailoRT] [info] [hailort_driver.cpp:617] [vdma_buffer_sync] Syncing VDMA buffer: handle=6, direction=TO_DEVICE, offset=911528, count=6120
[2026-01-20 16:08:39.997] [358979] [HailoRT] [info] [hailort_driver.cpp:617] [vdma_buffer_sync] Syncing VDMA buffer: handle=6, direction=TO_DEVICE, offset=917648, count=25296
[2026-01-20 16:08:39.997] [358979] [HailoRT] [info] [hailort_driver.cpp:617] [vdma_buffer_sync] Syncing VDMA buffer: handle=6, direction=TO_DEVICE, offset=942944, count=26024
[2026-01-20 16:08:39.997] [358979] [HailoRT] [info] [hailort_driver.cpp:617] [vdma_buffer_sync] Syncing VDMA buffer: handle=6, direction=TO_DEVICE, offset=968968, count=6512
[2026-01-20 16:08:39.997] [358979] [HailoRT] [info] [hailort_driver.cpp:617] [vdma_buffer_sync] Syncing VDMA buffer: handle=6, direction=TO_DEVICE, offset=975480, count=25520
[2026-01-20 16:08:39.997] [358979] [HailoRT] [info] [hailort_driver.cpp:617] [vdma_buffer_sync] Syncing VDMA buffer: handle=6, direction=TO_DEVICE, offset=1001000, count=26784
[2026-01-20 16:08:39.997] [358979] [HailoRT] [info] [hailort_driver.cpp:617] [vdma_buffer_sync] Syncing VDMA buffer: handle=6, direction=TO_DEVICE, offset=1027784, count=26376
[2026-01-20 16:08:39.997] [358979] [HailoRT] [info] [hailort_driver.cpp:617] [vdma_buffer_sync] Syncing VDMA buffer: handle=6, direction=TO_DEVICE, offset=1054160, count=6544
[2026-01-20 16:08:39.997] [358979] [HailoRT] [info] [hailort_driver.cpp:617] [vdma_buffer_sync] Syncing VDMA buffer: handle=6, direction=TO_DEVICE, offset=1060704, count=26800
[2026-01-20 16:08:39.997] [358979] [HailoRT] [info] [hailort_driver.cpp:617] [vdma_buffer_sync] Syncing VDMA buffer: handle=6, direction=TO_DEVICE, offset=1087504, count=26632
[2026-01-20 16:08:39.997] [358979] [HailoRT] [info] [hailort_driver.cpp:617] [vdma_buffer_sync] Syncing VDMA buffer: handle=6, direction=TO_DEVICE, offset=1114136, count=6520
[2026-01-20 16:08:39.998] [358979] [HailoRT] [info] [hailort_driver.cpp:617] [vdma_buffer_sync] Syncing VDMA buffer: handle=6, direction=TO_DEVICE, offset=1120656, count=26712
[2026-01-20 16:08:39.998] [358979] [HailoRT] [info] [hailort_driver.cpp:617] [vdma_buffer_sync] Syncing VDMA buffer: handle=6, direction=TO_DEVICE, offset=1147368, count=26224
[2026-01-20 16:08:39.998] [358979] [HailoRT] [info] [hailort_driver.cpp:617] [vdma_buffer_sync] Syncing VDMA buffer: handle=6, direction=TO_DEVICE, offset=1173592, count=6440
[2026-01-20 16:08:39.998] [358979] [HailoRT] [info] [hailort_driver.cpp:617] [vdma_buffer_sync] Syncing VDMA buffer: handle=6, direction=TO_DEVICE, offset=1180032, count=26712
[2026-01-20 16:08:39.998] [358979] [HailoRT] [info] [hailort_driver.cpp:617] [vdma_buffer_sync] Syncing VDMA buffer: handle=6, direction=TO_DEVICE, offset=1206744, count=6528
[2026-01-20 16:08:39.998] [358979] [HailoRT] [info] [hailort_driver.cpp:617] [vdma_buffer_sync] Syncing VDMA buffer: handle=6, direction=TO_DEVICE, offset=1213272, count=22608
[2026-01-20 16:08:39.998] [358979] [HailoRT] [info] [hailort_driver.cpp:617] [vdma_buffer_sync] Syncing VDMA buffer: handle=6, direction=TO_DEVICE, offset=1235880, count=22328
[2026-01-20 16:08:39.998] [358979] [HailoRT] [info] [hailort_driver.cpp:617] [vdma_buffer_sync] Syncing VDMA buffer: handle=6, direction=TO_DEVICE, offset=1258208, count=22416
[2026-01-20 16:08:39.998] [358979] [HailoRT] [info] [hailort_driver.cpp:617] [vdma_buffer_sync] Syncing VDMA buffer: handle=6, direction=TO_DEVICE, offset=1280624, count=22632
[2026-01-20 16:08:39.998] [358979] [HailoRT] [info] [hailort_driver.cpp:617] [vdma_buffer_sync] Syncing VDMA buffer: handle=6, direction=TO_DEVICE, offset=1303256, count=22688
[2026-01-20 16:08:39.998] [358979] [HailoRT] [info] [hailort_driver.cpp:617] [vdma_buffer_sync] Syncing VDMA buffer: handle=6, direction=TO_DEVICE, offset=1325944, count=17168
[2026-01-20 16:08:39.998] [358979] [HailoRT] [info] [hailort_driver.cpp:617] [vdma_buffer_sync] Syncing VDMA buffer: handle=6, direction=TO_DEVICE, offset=1343112, count=23264
[2026-01-20 16:08:39.998] [358979] [HailoRT] [info] [hailort_driver.cpp:617] [vdma_buffer_sync] Syncing VDMA buffer: handle=6, direction=TO_DEVICE, offset=1366376, count=24488
[2026-01-20 16:08:39.998] [358979] [HailoRT] [info] [hailort_driver.cpp:617] [vdma_buffer_sync] Syncing VDMA buffer: handle=6, direction=TO_DEVICE, offset=1390864, count=14264
[2026-01-20 16:08:39.998] [358979] [HailoRT] [info] [hailort_driver.cpp:617] [vdma_buffer_sync] Syncing VDMA buffer: handle=6, direction=TO_DEVICE, offset=1405128, count=16
[2026-01-20 16:08:39.998] [358979] [HailoRT] [info] [hailort_driver.cpp:617] [vdma_buffer_sync] Syncing VDMA buffer: handle=6, direction=TO_DEVICE, offset=1405144, count=13112
[2026-01-20 16:08:39.998] [358979] [HailoRT] [info] [hailort_driver.cpp:617] [vdma_buffer_sync] Syncing VDMA buffer: handle=6, direction=TO_DEVICE, offset=1418256, count=16
[2026-01-20 16:08:39.998] [358979] [HailoRT] [info] [hailort_driver.cpp:649] [descriptors_list_program] Programming descriptor list: desc_handle=53248, buffer_handle=6, buffer_size=1418272, buffer_offset=0, channel_index=0, starting_desc=0
[2026-01-20 16:08:39.998] [358979] [HailoRT] [info] [config_buffer.cpp:171] [program_descriptors] ConfigBuffer::program_descriptors: Channel 0:0. Programming 2771 descriptors. Offset: 1418272
[2026-01-20 16:08:39.998] [358979] [HailoRT] [info] [context_switch_actions.cpp:251] [write_to_config_buffer] WriteDataCcwAction: Writing Config Data. Total Size: 187448 bytes. Stream Index: 1
[2026-01-20 16:08:39.998] [358979] [HailoRT] [info] [hailort_driver.cpp:617] [vdma_buffer_sync] Syncing VDMA buffer: handle=7, direction=TO_DEVICE, offset=1755136, count=14472
[2026-01-20 16:08:39.998] [358979] [HailoRT] [info] [hailort_driver.cpp:617] [vdma_buffer_sync] Syncing VDMA buffer: handle=7, direction=TO_DEVICE, offset=1769608, count=16
[2026-01-20 16:08:39.998] [358979] [HailoRT] [info] [hailort_driver.cpp:617] [vdma_buffer_sync] Syncing VDMA buffer: handle=7, direction=TO_DEVICE, offset=1769624, count=10064
[2026-01-20 16:08:39.998] [358979] [HailoRT] [info] [hailort_driver.cpp:617] [vdma_buffer_sync] Syncing VDMA buffer: handle=7, direction=TO_DEVICE, offset=1779688, count=10016
[2026-01-20 16:08:39.998] [358979] [HailoRT] [info] [hailort_driver.cpp:617] [vdma_buffer_sync] Syncing VDMA buffer: handle=7, direction=TO_DEVICE, offset=1789704, count=25640
[2026-01-20 16:08:39.998] [358979] [HailoRT] [info] [hailort_driver.cpp:617] [vdma_buffer_sync] Syncing VDMA buffer: handle=7, direction=TO_DEVICE, offset=1815344, count=25376
[2026-01-20 16:08:39.998] [358979] [HailoRT] [info] [hailort_driver.cpp:617] [vdma_buffer_sync] Syncing VDMA buffer: handle=7, direction=TO_DEVICE, offset=1840720, count=25528
[2026-01-20 16:08:39.998] [358979] [HailoRT] [info] [hailort_driver.cpp:617] [vdma_buffer_sync] Syncing VDMA buffer: handle=7, direction=TO_DEVICE, offset=1866248, count=24992
[2026-01-20 16:08:39.998] [358979] [HailoRT] [info] [hailort_driver.cpp:617] [vdma_buffer_sync] Syncing VDMA buffer: handle=7, direction=TO_DEVICE, offset=1891240, count=25440
[2026-01-20 16:08:39.998] [358979] [HailoRT] [info] [hailort_driver.cpp:617] [vdma_buffer_sync] Syncing VDMA buffer: handle=7, direction=TO_DEVICE, offset=1916680, count=25904
[2026-01-20 16:08:39.998] [358979] [HailoRT] [info] [hailort_driver.cpp:649] [descriptors_list_program] Programming descriptor list: desc_handle=57344, buffer_handle=7, buffer_size=187448, buffer_offset=0, channel_index=1, starting_desc=3428
[2026-01-20 16:08:39.998] [358979] [HailoRT] [info] [config_buffer.cpp:171] [program_descriptors] ConfigBuffer::program_descriptors: Channel 0:1. Programming 367 descriptors. Offset: 187448
[2026-01-20 16:08:39.998] [358979] [HailoRT] [info] [context_switch_actions.cpp:251] [write_to_config_buffer] WriteDataCcwAction: Writing Config Data. Total Size: 96184 bytes. Stream Index: 0
[2026-01-20 16:08:39.998] [358979] [HailoRT] [info] [hailort_driver.cpp:617] [vdma_buffer_sync] Syncing VDMA buffer: handle=6, direction=TO_DEVICE, offset=1418752, count=17368
[2026-01-20 16:08:39.998] [358979] [HailoRT] [info] [hailort_driver.cpp:617] [vdma_buffer_sync] Syncing VDMA buffer: handle=6, direction=TO_DEVICE, offset=1436120, count=18504
[2026-01-20 16:08:39.998] [358979] [HailoRT] [info] [hailort_driver.cpp:617] [vdma_buffer_sync] Syncing VDMA buffer: handle=6, direction=TO_DEVICE, offset=1454624, count=20920
[2026-01-20 16:08:39.998] [358979] [HailoRT] [info] [hailort_driver.cpp:617] [vdma_buffer_sync] Syncing VDMA buffer: handle=6, direction=TO_DEVICE, offset=1475544, count=22256
[2026-01-20 16:08:39.998] [358979] [HailoRT] [info] [hailort_driver.cpp:617] [vdma_buffer_sync] Syncing VDMA buffer: handle=6, direction=TO_DEVICE, offset=1497800, count=17120
[2026-01-20 16:08:39.998] [358979] [HailoRT] [info] [hailort_driver.cpp:617] [vdma_buffer_sync] Syncing VDMA buffer: handle=6, direction=TO_DEVICE, offset=1514920, count=16
[2026-01-20 16:08:39.998] [358979] [HailoRT] [info] [hailort_driver.cpp:649] [descriptors_list_program] Programming descriptor list: desc_handle=53248, buffer_handle=6, buffer_size=96184, buffer_offset=0, channel_index=0, starting_desc=2771
[2026-01-20 16:08:39.998] [358979] [HailoRT] [info] [config_buffer.cpp:171] [program_descriptors] ConfigBuffer::program_descriptors: Channel 0:0. Programming 188 descriptors. Offset: 96184
[2026-01-20 16:08:39.998] [358979] [HailoRT] [info] [context_switch_actions.cpp:251] [write_to_config_buffer] WriteDataCcwAction: Writing Config Data. Total Size: 217352 bytes. Stream Index: 1
[2026-01-20 16:08:39.998] [358979] [HailoRT] [info] [hailort_driver.cpp:617] [vdma_buffer_sync] Syncing VDMA buffer: handle=7, direction=TO_DEVICE, offset=1943040, count=14176
[2026-01-20 16:08:39.998] [358979] [HailoRT] [info] [hailort_driver.cpp:617] [vdma_buffer_sync] Syncing VDMA buffer: handle=7, direction=TO_DEVICE, offset=1957216, count=23248
[2026-01-20 16:08:39.998] [358979] [HailoRT] [info] [hailort_driver.cpp:617] [vdma_buffer_sync] Syncing VDMA buffer: handle=7, direction=TO_DEVICE, offset=1980464, count=25184
[2026-01-20 16:08:39.998] [358979] [HailoRT] [info] [hailort_driver.cpp:617] [vdma_buffer_sync] Syncing VDMA buffer: handle=7, direction=TO_DEVICE, offset=2005648, count=26232
[2026-01-20 16:08:39.998] [358979] [HailoRT] [info] [hailort_driver.cpp:617] [vdma_buffer_sync] Syncing VDMA buffer: handle=7, direction=TO_DEVICE, offset=2031880, count=27120
[2026-01-20 16:08:39.998] [358979] [HailoRT] [info] [hailort_driver.cpp:617] [vdma_buffer_sync] Syncing VDMA buffer: handle=7, direction=TO_DEVICE, offset=2059000, count=25520
[2026-01-20 16:08:39.998] [358979] [HailoRT] [info] [hailort_driver.cpp:617] [vdma_buffer_sync] Syncing VDMA buffer: handle=7, direction=TO_DEVICE, offset=2084520, count=24856
[2026-01-20 16:08:39.999] [358979] [HailoRT] [info] [hailort_driver.cpp:617] [vdma_buffer_sync] Syncing VDMA buffer: handle=7, direction=TO_DEVICE, offset=2109376, count=25040
[2026-01-20 16:08:39.999] [358979] [HailoRT] [info] [hailort_driver.cpp:617] [vdma_buffer_sync] Syncing VDMA buffer: handle=7, direction=TO_DEVICE, offset=2134416, count=25976
[2026-01-20 16:08:39.999] [358979] [HailoRT] [info] [hailort_driver.cpp:649] [descriptors_list_program] Programming descriptor list: desc_handle=57344, buffer_handle=7, buffer_size=217352, buffer_offset=0, channel_index=1, starting_desc=3795
[2026-01-20 16:08:39.999] [358979] [HailoRT] [info] [config_buffer.cpp:171] [program_descriptors] ConfigBuffer::program_descriptors: Channel 0:1. Programming 425 descriptors. Offset: 217352
[2026-01-20 16:08:39.999] [358979] [HailoRT] [info] [context_switch_actions.cpp:251] [write_to_config_buffer] WriteDataCcwAction: Writing Config Data. Total Size: 18192 bytes. Stream Index: 1
[2026-01-20 16:08:39.999] [358979] [HailoRT] [info] [hailort_driver.cpp:617] [vdma_buffer_sync] Syncing VDMA buffer: handle=7, direction=TO_DEVICE, offset=2160640, count=2072
[2026-01-20 16:08:39.999] [358979] [HailoRT] [info] [hailort_driver.cpp:617] [vdma_buffer_sync] Syncing VDMA buffer: handle=7, direction=TO_DEVICE, offset=2162712, count=8072
[2026-01-20 16:08:39.999] [358979] [HailoRT] [info] [hailort_driver.cpp:617] [vdma_buffer_sync] Syncing VDMA buffer: handle=7, direction=TO_DEVICE, offset=2170784, count=8048
[2026-01-20 16:08:39.999] [358979] [HailoRT] [info] [hailort_driver.cpp:649] [descriptors_list_program] Programming descriptor list: desc_handle=57344, buffer_handle=7, buffer_size=18192, buffer_offset=0, channel_index=1, starting_desc=4220
[2026-01-20 16:08:39.999] [358979] [HailoRT] [info] [config_buffer.cpp:171] [program_descriptors] ConfigBuffer::program_descriptors: Channel 0:1. Programming 36 descriptors. Offset: 18192
[2026-01-20 16:08:39.999] [358979] [HailoRT] [info] [context_switch_actions.cpp:251] [write_to_config_buffer] WriteDataCcwAction: Writing Config Data. Total Size: 165256 bytes. Stream Index: 0
[2026-01-20 16:08:39.999] [358979] [HailoRT] [info] [hailort_driver.cpp:617] [vdma_buffer_sync] Syncing VDMA buffer: handle=6, direction=TO_DEVICE, offset=1515008, count=15992
[2026-01-20 16:08:39.999] [358979] [HailoRT] [info] [hailort_driver.cpp:617] [vdma_buffer_sync] Syncing VDMA buffer: handle=6, direction=TO_DEVICE, offset=1531000, count=8096
[2026-01-20 16:08:39.999] [358979] [HailoRT] [info] [hailort_driver.cpp:617] [vdma_buffer_sync] Syncing VDMA buffer: handle=6, direction=TO_DEVICE, offset=1539096, count=25608
[2026-01-20 16:08:39.999] [358979] [HailoRT] [info] [hailort_driver.cpp:617] [vdma_buffer_sync] Syncing VDMA buffer: handle=6, direction=TO_DEVICE, offset=1564704, count=25952
[2026-01-20 16:08:39.999] [358979] [HailoRT] [info] [hailort_driver.cpp:617] [vdma_buffer_sync] Syncing VDMA buffer: handle=6, direction=TO_DEVICE, offset=1590656, count=25448
[2026-01-20 16:08:39.999] [358979] [HailoRT] [info] [hailort_driver.cpp:617] [vdma_buffer_sync] Syncing VDMA buffer: handle=6, direction=TO_DEVICE, offset=1616104, count=25568
[2026-01-20 16:08:39.999] [358979] [HailoRT] [info] [hailort_driver.cpp:617] [vdma_buffer_sync] Syncing VDMA buffer: handle=6, direction=TO_DEVICE, offset=1641672, count=6352
[2026-01-20 16:08:39.999] [358979] [HailoRT] [info] [hailort_driver.cpp:617] [vdma_buffer_sync] Syncing VDMA buffer: handle=6, direction=TO_DEVICE, offset=1648024, count=25768
[2026-01-20 16:08:39.999] [358979] [HailoRT] [info] [hailort_driver.cpp:617] [vdma_buffer_sync] Syncing VDMA buffer: handle=6, direction=TO_DEVICE, offset=1673792, count=6472
[2026-01-20 16:08:39.999] [358979] [HailoRT] [info] [hailort_driver.cpp:649] [descriptors_list_program] Programming descriptor list: desc_handle=53248, buffer_handle=6, buffer_size=165256, buffer_offset=0, channel_index=0, starting_desc=2959
[2026-01-20 16:08:39.999] [358979] [HailoRT] [info] [config_buffer.cpp:171] [program_descriptors] ConfigBuffer::program_descriptors: Channel 0:0. Programming 323 descriptors. Offset: 165256
[2026-01-20 16:08:39.999] [358979] [HailoRT] [info] [context_switch_actions.cpp:251] [write_to_config_buffer] WriteDataCcwAction: Writing Config Data. Total Size: 8096 bytes. Stream Index: 1
[2026-01-20 16:08:39.999] [358979] [HailoRT] [info] [hailort_driver.cpp:617] [vdma_buffer_sync] Syncing VDMA buffer: handle=7, direction=TO_DEVICE, offset=2179072, count=8096
[2026-01-20 16:08:39.999] [358979] [HailoRT] [info] [hailort_driver.cpp:649] [descriptors_list_program] Programming descriptor list: desc_handle=57344, buffer_handle=7, buffer_size=8096, buffer_offset=0, channel_index=1, starting_desc=4256
[2026-01-20 16:08:39.999] [358979] [HailoRT] [info] [config_buffer.cpp:171] [program_descriptors] ConfigBuffer::program_descriptors: Channel 0:1. Programming 16 descriptors. Offset: 8096
[2026-01-20 16:08:39.999] [358979] [HailoRT] [info] [context_switch_actions.cpp:251] [write_to_config_buffer] WriteDataCcwAction: Writing Config Data. Total Size: 180768 bytes. Stream Index: 0
[2026-01-20 16:08:39.999] [358979] [HailoRT] [info] [hailort_driver.cpp:617] [vdma_buffer_sync] Syncing VDMA buffer: handle=6, direction=TO_DEVICE, offset=1680384, count=22840
[2026-01-20 16:08:39.999] [358979] [HailoRT] [info] [hailort_driver.cpp:617] [vdma_buffer_sync] Syncing VDMA buffer: handle=6, direction=TO_DEVICE, offset=1703224, count=22928
[2026-01-20 16:08:39.999] [358979] [HailoRT] [info] [hailort_driver.cpp:617] [vdma_buffer_sync] Syncing VDMA buffer: handle=6, direction=TO_DEVICE, offset=1726152, count=22464
[2026-01-20 16:08:39.999] [358979] [HailoRT] [info] [hailort_driver.cpp:617] [vdma_buffer_sync] Syncing VDMA buffer: handle=6, direction=TO_DEVICE, offset=1748616, count=22552
[2026-01-20 16:08:39.999] [358979] [HailoRT] [info] [hailort_driver.cpp:617] [vdma_buffer_sync] Syncing VDMA buffer: handle=6, direction=TO_DEVICE, offset=1771168, count=22168
[2026-01-20 16:08:39.999] [358979] [HailoRT] [info] [hailort_driver.cpp:617] [vdma_buffer_sync] Syncing VDMA buffer: handle=6, direction=TO_DEVICE, offset=1793336, count=22320
[2026-01-20 16:08:39.999] [358979] [HailoRT] [info] [hailort_driver.cpp:617] [vdma_buffer_sync] Syncing VDMA buffer: handle=6, direction=TO_DEVICE, offset=1815656, count=22680
[2026-01-20 16:08:39.999] [358979] [HailoRT] [info] [hailort_driver.cpp:617] [vdma_buffer_sync] Syncing VDMA buffer: handle=6, direction=TO_DEVICE, offset=1838336, count=22816
[2026-01-20 16:08:39.999] [358979] [HailoRT] [info] [hailort_driver.cpp:649] [descriptors_list_program] Programming descriptor list: desc_handle=53248, buffer_handle=6, buffer_size=180768, buffer_offset=0, channel_index=0, starting_desc=3282
[2026-01-20 16:08:39.999] [358979] [HailoRT] [info] [config_buffer.cpp:171] [program_descriptors] ConfigBuffer::program_descriptors: Channel 0:0. Programming 354 descriptors. Offset: 180768
[2026-01-20 16:08:39.999] [358979] [HailoRT] [info] [context_switch_actions.cpp:251] [write_to_config_buffer] WriteDataCcwAction: Writing Config Data. Total Size: 354840 bytes. Stream Index: 1
[2026-01-20 16:08:39.999] [358979] [HailoRT] [info] [hailort_driver.cpp:617] [vdma_buffer_sync] Syncing VDMA buffer: handle=7, direction=TO_DEVICE, offset=2187264, count=18296
[2026-01-20 16:08:39.999] [358979] [HailoRT] [info] [hailort_driver.cpp:617] [vdma_buffer_sync] Syncing VDMA buffer: handle=7, direction=TO_DEVICE, offset=2205560, count=14416
[2026-01-20 16:08:39.999] [358979] [HailoRT] [info] [hailort_driver.cpp:617] [vdma_buffer_sync] Syncing VDMA buffer: handle=7, direction=TO_DEVICE, offset=2219976, count=14264
[2026-01-20 16:08:39.999] [358979] [HailoRT] [info] [hailort_driver.cpp:617] [vdma_buffer_sync] Syncing VDMA buffer: handle=7, direction=TO_DEVICE, offset=2234240, count=14680
[2026-01-20 16:08:39.999] [358979] [HailoRT] [info] [hailort_driver.cpp:617] [vdma_buffer_sync] Syncing VDMA buffer: handle=7, direction=TO_DEVICE, offset=2248920, count=14360
[2026-01-20 16:08:39.999] [358979] [HailoRT] [info] [hailort_driver.cpp:617] [vdma_buffer_sync] Syncing VDMA buffer: handle=7, direction=TO_DEVICE, offset=2263280, count=18624
[2026-01-20 16:08:39.999] [358979] [HailoRT] [info] [hailort_driver.cpp:617] [vdma_buffer_sync] Syncing VDMA buffer: handle=7, direction=TO_DEVICE, offset=2281904, count=18608
[2026-01-20 16:08:39.999] [358979] [HailoRT] [info] [hailort_driver.cpp:617] [vdma_buffer_sync] Syncing VDMA buffer: handle=7, direction=TO_DEVICE, offset=2300512, count=18432
[2026-01-20 16:08:39.999] [358979] [HailoRT] [info] [hailort_driver.cpp:617] [vdma_buffer_sync] Syncing VDMA buffer: handle=7, direction=TO_DEVICE, offset=2318944, count=18336
[2026-01-20 16:08:39.999] [358979] [HailoRT] [info] [hailort_driver.cpp:617] [vdma_buffer_sync] Syncing VDMA buffer: handle=7, direction=TO_DEVICE, offset=2337280, count=26624
[2026-01-20 16:08:39.999] [358979] [HailoRT] [info] [hailort_driver.cpp:617] [vdma_buffer_sync] Syncing VDMA buffer: handle=7, direction=TO_DEVICE, offset=2363904, count=25400
[2026-01-20 16:08:39.999] [358979] [HailoRT] [info] [hailort_driver.cpp:617] [vdma_buffer_sync] Syncing VDMA buffer: handle=7, direction=TO_DEVICE, offset=2389304, count=24696
[2026-01-20 16:08:39.999] [358979] [HailoRT] [info] [hailort_driver.cpp:617] [vdma_buffer_sync] Syncing VDMA buffer: handle=7, direction=TO_DEVICE, offset=2414000, count=24856
[2026-01-20 16:08:39.999] [358979] [HailoRT] [info] [hailort_driver.cpp:617] [vdma_buffer_sync] Syncing VDMA buffer: handle=7, direction=TO_DEVICE, offset=2438856, count=26112
[2026-01-20 16:08:40.000] [358979] [HailoRT] [info] [hailort_driver.cpp:617] [vdma_buffer_sync] Syncing VDMA buffer: handle=7, direction=TO_DEVICE, offset=2464968, count=26160
[2026-01-20 16:08:40.000] [358979] [HailoRT] [info] [hailort_driver.cpp:617] [vdma_buffer_sync] Syncing VDMA buffer: handle=7, direction=TO_DEVICE, offset=2491128, count=25480
[2026-01-20 16:08:40.000] [358979] [HailoRT] [info] [hailort_driver.cpp:617] [vdma_buffer_sync] Syncing VDMA buffer: handle=7, direction=TO_DEVICE, offset=2516608, count=25496
[2026-01-20 16:08:40.000] [358979] [HailoRT] [info] [hailort_driver.cpp:649] [descriptors_list_program] Programming descriptor list: desc_handle=57344, buffer_handle=7, buffer_size=354840, buffer_offset=0, channel_index=1, starting_desc=4272
[2026-01-20 16:08:40.000] [358979] [HailoRT] [info] [config_buffer.cpp:171] [program_descriptors] ConfigBuffer::program_descriptors: Channel 0:1. Programming 694 descriptors. Offset: 354840
[2026-01-20 16:08:40.000] [358979] [HailoRT] [info] [context_switch_actions.cpp:251] [write_to_config_buffer] WriteDataCcwAction: Writing Config Data. Total Size: 294960 bytes. Stream Index: 0
[2026-01-20 16:08:40.000] [358979] [HailoRT] [info] [hailort_driver.cpp:617] [vdma_buffer_sync] Syncing VDMA buffer: handle=6, direction=TO_DEVICE, offset=1861632, count=22520
[2026-01-20 16:08:40.000] [358979] [HailoRT] [info] [hailort_driver.cpp:617] [vdma_buffer_sync] Syncing VDMA buffer: handle=6, direction=TO_DEVICE, offset=1884152, count=22840
[2026-01-20 16:08:40.000] [358979] [HailoRT] [info] [hailort_driver.cpp:617] [vdma_buffer_sync] Syncing VDMA buffer: handle=6, direction=TO_DEVICE, offset=1906992, count=22984
[2026-01-20 16:08:40.000] [358979] [HailoRT] [info] [hailort_driver.cpp:617] [vdma_buffer_sync] Syncing VDMA buffer: handle=6, direction=TO_DEVICE, offset=1929976, count=22776
[2026-01-20 16:08:40.000] [358979] [HailoRT] [info] [hailort_driver.cpp:617] [vdma_buffer_sync] Syncing VDMA buffer: handle=6, direction=TO_DEVICE, offset=1952752, count=22824
[2026-01-20 16:08:40.000] [358979] [HailoRT] [info] [hailort_driver.cpp:617] [vdma_buffer_sync] Syncing VDMA buffer: handle=6, direction=TO_DEVICE, offset=1975576, count=22696
[2026-01-20 16:08:40.000] [358979] [HailoRT] [info] [hailort_driver.cpp:617] [vdma_buffer_sync] Syncing VDMA buffer: handle=6, direction=TO_DEVICE, offset=1998272, count=22712
[2026-01-20 16:08:40.000] [358979] [HailoRT] [info] [hailort_driver.cpp:617] [vdma_buffer_sync] Syncing VDMA buffer: handle=6, direction=TO_DEVICE, offset=2020984, count=22192
[2026-01-20 16:08:40.000] [358979] [HailoRT] [info] [hailort_driver.cpp:617] [vdma_buffer_sync] Syncing VDMA buffer: handle=6, direction=TO_DEVICE, offset=2043176, count=22288
[2026-01-20 16:08:40.000] [358979] [HailoRT] [info] [hailort_driver.cpp:617] [vdma_buffer_sync] Syncing VDMA buffer: handle=6, direction=TO_DEVICE, offset=2065464, count=22856
[2026-01-20 16:08:40.000] [358979] [HailoRT] [info] [hailort_driver.cpp:617] [vdma_buffer_sync] Syncing VDMA buffer: handle=6, direction=TO_DEVICE, offset=2088320, count=22904
[2026-01-20 16:08:40.000] [358979] [HailoRT] [info] [hailort_driver.cpp:617] [vdma_buffer_sync] Syncing VDMA buffer: handle=6, direction=TO_DEVICE, offset=2111224, count=22656
[2026-01-20 16:08:40.000] [358979] [HailoRT] [info] [hailort_driver.cpp:617] [vdma_buffer_sync] Syncing VDMA buffer: handle=6, direction=TO_DEVICE, offset=2133880, count=22712
[2026-01-20 16:08:40.000] [358979] [HailoRT] [info] [hailort_driver.cpp:649] [descriptors_list_program] Programming descriptor list: desc_handle=53248, buffer_handle=6, buffer_size=294960, buffer_offset=0, channel_index=0, starting_desc=3636
[2026-01-20 16:08:40.000] [358979] [HailoRT] [info] [config_buffer.cpp:171] [program_descriptors] ConfigBuffer::program_descriptors: Channel 0:0. Programming 577 descriptors. Offset: 294960
[2026-01-20 16:08:40.000] [358979] [HailoRT] [info] [context_switch_actions.cpp:251] [write_to_config_buffer] WriteDataCcwAction: Writing Config Data. Total Size: 22352 bytes. Stream Index: 0
[2026-01-20 16:08:40.000] [358979] [HailoRT] [info] [hailort_driver.cpp:617] [vdma_buffer_sync] Syncing VDMA buffer: handle=6, direction=TO_DEVICE, offset=2157056, count=22352
[2026-01-20 16:08:40.000] [358979] [HailoRT] [info] [hailort_driver.cpp:649] [descriptors_list_program] Programming descriptor list: desc_handle=53248, buffer_handle=6, buffer_size=22352, buffer_offset=0, channel_index=0, starting_desc=4213
[2026-01-20 16:08:40.000] [358979] [HailoRT] [info] [config_buffer.cpp:171] [program_descriptors] ConfigBuffer::program_descriptors: Channel 0:0. Programming 44 descriptors. Offset: 22352
[2026-01-20 16:08:40.000] [358979] [HailoRT] [info] [context_switch_actions.cpp:251] [write_to_config_buffer] WriteDataCcwAction: Writing Config Data. Total Size: 49008 bytes. Stream Index: 1
[2026-01-20 16:08:40.000] [358979] [HailoRT] [info] [hailort_driver.cpp:617] [vdma_buffer_sync] Syncing VDMA buffer: handle=7, direction=TO_DEVICE, offset=2542592, count=6984
[2026-01-20 16:08:40.000] [358979] [HailoRT] [info] [hailort_driver.cpp:617] [vdma_buffer_sync] Syncing VDMA buffer: handle=7, direction=TO_DEVICE, offset=2549576, count=6768
[2026-01-20 16:08:40.000] [358979] [HailoRT] [info] [hailort_driver.cpp:617] [vdma_buffer_sync] Syncing VDMA buffer: handle=7, direction=TO_DEVICE, offset=2556344, count=9408
[2026-01-20 16:08:40.000] [358979] [HailoRT] [info] [hailort_driver.cpp:617] [vdma_buffer_sync] Syncing VDMA buffer: handle=7, direction=TO_DEVICE, offset=2565752, count=9288
[2026-01-20 16:08:40.000] [358979] [HailoRT] [info] [hailort_driver.cpp:617] [vdma_buffer_sync] Syncing VDMA buffer: handle=7, direction=TO_DEVICE, offset=2575040, count=16560
[2026-01-20 16:08:40.000] [358979] [HailoRT] [info] [hailort_driver.cpp:649] [descriptors_list_program] Programming descriptor list: desc_handle=57344, buffer_handle=7, buffer_size=49008, buffer_offset=0, channel_index=1, starting_desc=4966
[2026-01-20 16:08:40.000] [358979] [HailoRT] [info] [config_buffer.cpp:171] [program_descriptors] ConfigBuffer::program_descriptors: Channel 0:1. Programming 96 descriptors. Offset: 49008
[2026-01-20 16:08:40.000] [358979] [HailoRT] [info] [context_switch_actions.cpp:251] [write_to_config_buffer] WriteDataCcwAction: Writing Config Data. Total Size: 24184 bytes. Stream Index: 0
[2026-01-20 16:08:40.000] [358979] [HailoRT] [info] [hailort_driver.cpp:617] [vdma_buffer_sync] Syncing VDMA buffer: handle=6, direction=TO_DEVICE, offset=2179584, count=24184
[2026-01-20 16:08:40.000] [358979] [HailoRT] [info] [hailort_driver.cpp:649] [descriptors_list_program] Programming descriptor list: desc_handle=53248, buffer_handle=6, buffer_size=24184, buffer_offset=0, channel_index=0, starting_desc=4257
[2026-01-20 16:08:40.000] [358979] [HailoRT] [info] [config_buffer.cpp:171] [program_descriptors] ConfigBuffer::program_descriptors: Channel 0:0. Programming 48 descriptors. Offset: 24184
[2026-01-20 16:08:40.000] [358979] [HailoRT] [info] [context_switch_actions.cpp:251] [write_to_config_buffer] WriteDataCcwAction: Writing Config Data. Total Size: 186560 bytes. Stream Index: 0
[2026-01-20 16:08:40.000] [358979] [HailoRT] [info] [hailort_driver.cpp:617] [vdma_buffer_sync] Syncing VDMA buffer: handle=6, direction=TO_DEVICE, offset=2204160, count=8440
[2026-01-20 16:08:40.000] [358979] [HailoRT] [info] [hailort_driver.cpp:617] [vdma_buffer_sync] Syncing VDMA buffer: handle=6, direction=TO_DEVICE, offset=2212600, count=20688
[2026-01-20 16:08:40.000] [358979] [HailoRT] [info] [hailort_driver.cpp:617] [vdma_buffer_sync] Syncing VDMA buffer: handle=6, direction=TO_DEVICE, offset=2233288, count=20408
[2026-01-20 16:08:40.000] [358979] [HailoRT] [info] [hailort_driver.cpp:617] [vdma_buffer_sync] Syncing VDMA buffer: handle=6, direction=TO_DEVICE, offset=2253696, count=19648
[2026-01-20 16:08:40.000] [358979] [HailoRT] [info] [hailort_driver.cpp:617] [vdma_buffer_sync] Syncing VDMA buffer: handle=6, direction=TO_DEVICE, offset=2273344, count=20056
[2026-01-20 16:08:40.000] [358979] [HailoRT] [info] [hailort_driver.cpp:617] [vdma_buffer_sync] Syncing VDMA buffer: handle=6, direction=TO_DEVICE, offset=2293400, count=24336
[2026-01-20 16:08:40.000] [358979] [HailoRT] [info] [hailort_driver.cpp:617] [vdma_buffer_sync] Syncing VDMA buffer: handle=6, direction=TO_DEVICE, offset=2317736, count=24432
[2026-01-20 16:08:40.000] [358979] [HailoRT] [info] [hailort_driver.cpp:617] [vdma_buffer_sync] Syncing VDMA buffer: handle=6, direction=TO_DEVICE, offset=2342168, count=24368
[2026-01-20 16:08:40.000] [358979] [HailoRT] [info] [hailort_driver.cpp:617] [vdma_buffer_sync] Syncing VDMA buffer: handle=6, direction=TO_DEVICE, offset=2366536, count=24184
[2026-01-20 16:08:40.000] [358979] [HailoRT] [info] [hailort_driver.cpp:649] [descriptors_list_program] Programming descriptor list: desc_handle=53248, buffer_handle=6, buffer_size=186560, buffer_offset=0, channel_index=0, starting_desc=4305
[2026-01-20 16:08:40.000] [358979] [HailoRT] [info] [config_buffer.cpp:171] [program_descriptors] ConfigBuffer::program_descriptors: Channel 0:0. Programming 365 descriptors. Offset: 186560
[2026-01-20 16:08:40.000] [358979] [HailoRT] [info] [context_switch_actions.cpp:251] [write_to_config_buffer] WriteDataCcwAction: Writing Config Data. Total Size: 13600 bytes. Stream Index: 0
[2026-01-20 16:08:40.000] [358979] [HailoRT] [info] [hailort_driver.cpp:617] [vdma_buffer_sync] Syncing VDMA buffer: handle=6, direction=TO_DEVICE, offset=2391040, count=13600
[2026-01-20 16:08:40.000] [358979] [HailoRT] [info] [hailort_driver.cpp:649] [descriptors_list_program] Programming descriptor list: desc_handle=53248, buffer_handle=6, buffer_size=13600, buffer_offset=0, channel_index=0, starting_desc=4670
[2026-01-20 16:08:40.000] [358979] [HailoRT] [info] [config_buffer.cpp:171] [program_descriptors] ConfigBuffer::program_descriptors: Channel 0:0. Programming 27 descriptors. Offset: 13600
[2026-01-20 16:08:40.000] [358979] [HailoRT] [info] [context_switch_actions.cpp:251] [write_to_config_buffer] WriteDataCcwAction: Writing Config Data. Total Size: 246776 bytes. Stream Index: 0
[2026-01-20 16:08:40.000] [358979] [HailoRT] [info] [hailort_driver.cpp:617] [vdma_buffer_sync] Syncing VDMA buffer: handle=6, direction=TO_DEVICE, offset=2404864, count=12968
[2026-01-20 16:08:40.000] [358979] [HailoRT] [info] [hailort_driver.cpp:617] [vdma_buffer_sync] Syncing VDMA buffer: handle=6, direction=TO_DEVICE, offset=2417832, count=18928
[2026-01-20 16:08:40.000] [358979] [HailoRT] [info] [hailort_driver.cpp:617] [vdma_buffer_sync] Syncing VDMA buffer: handle=6, direction=TO_DEVICE, offset=2436760, count=18824
[2026-01-20 16:08:40.001] [358979] [HailoRT] [info] [hailort_driver.cpp:617] [vdma_buffer_sync] Syncing VDMA buffer: handle=6, direction=TO_DEVICE, offset=2455584, count=24728
[2026-01-20 16:08:40.001] [358979] [HailoRT] [info] [hailort_driver.cpp:617] [vdma_buffer_sync] Syncing VDMA buffer: handle=6, direction=TO_DEVICE, offset=2480312, count=24800
[2026-01-20 16:08:40.001] [358979] [HailoRT] [info] [hailort_driver.cpp:617] [vdma_buffer_sync] Syncing VDMA buffer: handle=6, direction=TO_DEVICE, offset=2505112, count=25144
[2026-01-20 16:08:40.001] [358979] [HailoRT] [info] [hailort_driver.cpp:617] [vdma_buffer_sync] Syncing VDMA buffer: handle=6, direction=TO_DEVICE, offset=2530256, count=25200
[2026-01-20 16:08:40.001] [358979] [HailoRT] [info] [hailort_driver.cpp:617] [vdma_buffer_sync] Syncing VDMA buffer: handle=6, direction=TO_DEVICE, offset=2555456, count=24008
[2026-01-20 16:08:40.001] [358979] [HailoRT] [info] [hailort_driver.cpp:617] [vdma_buffer_sync] Syncing VDMA buffer: handle=6, direction=TO_DEVICE, offset=2579464, count=24024
[2026-01-20 16:08:40.001] [358979] [HailoRT] [info] [hailort_driver.cpp:617] [vdma_buffer_sync] Syncing VDMA buffer: handle=6, direction=TO_DEVICE, offset=2603488, count=24168
[2026-01-20 16:08:40.001] [358979] [HailoRT] [info] [hailort_driver.cpp:617] [vdma_buffer_sync] Syncing VDMA buffer: handle=6, direction=TO_DEVICE, offset=2627656, count=23984
[2026-01-20 16:08:40.001] [358979] [HailoRT] [info] [hailort_driver.cpp:649] [descriptors_list_program] Programming descriptor list: desc_handle=53248, buffer_handle=6, buffer_size=246776, buffer_offset=0, channel_index=0, starting_desc=4697
[2026-01-20 16:08:40.001] [358979] [HailoRT] [info] [config_buffer.cpp:171] [program_descriptors] ConfigBuffer::program_descriptors: Channel 0:0. Programming 482 descriptors. Offset: 246776
[2026-01-20 16:08:40.001] [358979] [HailoRT] [info] [context_switch_actions.cpp:251] [write_to_config_buffer] WriteDataCcwAction: Writing Config Data. Total Size: 211312 bytes. Stream Index: 0
[2026-01-20 16:08:40.001] [358979] [HailoRT] [info] [hailort_driver.cpp:617] [vdma_buffer_sync] Syncing VDMA buffer: handle=6, direction=TO_DEVICE, offset=2651648, count=19384
[2026-01-20 16:08:40.001] [358979] [HailoRT] [info] [hailort_driver.cpp:617] [vdma_buffer_sync] Syncing VDMA buffer: handle=6, direction=TO_DEVICE, offset=2671032, count=19352
[2026-01-20 16:08:40.001] [358979] [HailoRT] [info] [hailort_driver.cpp:617] [vdma_buffer_sync] Syncing VDMA buffer: handle=6, direction=TO_DEVICE, offset=2690384, count=19200
[2026-01-20 16:08:40.001] [358979] [HailoRT] [info] [hailort_driver.cpp:617] [vdma_buffer_sync] Syncing VDMA buffer: handle=6, direction=TO_DEVICE, offset=2709584, count=19136
[2026-01-20 16:08:40.001] [358979] [HailoRT] [info] [hailort_driver.cpp:617] [vdma_buffer_sync] Syncing VDMA buffer: handle=6, direction=TO_DEVICE, offset=2728720, count=19016
[2026-01-20 16:08:40.001] [358979] [HailoRT] [info] [hailort_driver.cpp:617] [vdma_buffer_sync] Syncing VDMA buffer: handle=6, direction=TO_DEVICE, offset=2747736, count=18912
[2026-01-20 16:08:40.001] [358979] [HailoRT] [info] [hailort_driver.cpp:617] [vdma_buffer_sync] Syncing VDMA buffer: handle=6, direction=TO_DEVICE, offset=2766648, count=20088
[2026-01-20 16:08:40.001] [358979] [HailoRT] [info] [hailort_driver.cpp:617] [vdma_buffer_sync] Syncing VDMA buffer: handle=6, direction=TO_DEVICE, offset=2786736, count=20152
[2026-01-20 16:08:40.001] [358979] [HailoRT] [info] [hailort_driver.cpp:617] [vdma_buffer_sync] Syncing VDMA buffer: handle=6, direction=TO_DEVICE, offset=2806888, count=19592
[2026-01-20 16:08:40.001] [358979] [HailoRT] [info] [hailort_driver.cpp:617] [vdma_buffer_sync] Syncing VDMA buffer: handle=6, direction=TO_DEVICE, offset=2826480, count=18240
[2026-01-20 16:08:40.001] [358979] [HailoRT] [info] [hailort_driver.cpp:617] [vdma_buffer_sync] Syncing VDMA buffer: handle=6, direction=TO_DEVICE, offset=2844720, count=18240
[2026-01-20 16:08:40.001] [358979] [HailoRT] [info] [hailort_driver.cpp:649] [descriptors_list_program] Programming descriptor list: desc_handle=53248, buffer_handle=6, buffer_size=211312, buffer_offset=0, channel_index=0, starting_desc=5179
[2026-01-20 16:08:40.001] [358979] [HailoRT] [info] [config_buffer.cpp:171] [program_descriptors] ConfigBuffer::program_descriptors: Channel 0:0. Programming 413 descriptors. Offset: 211312
[2026-01-20 16:08:40.001] [358979] [HailoRT] [info] [context_switch_actions.cpp:251] [write_to_config_buffer] WriteDataCcwAction: Writing Config Data. Total Size: 19848 bytes. Stream Index: 0
[2026-01-20 16:08:40.001] [358979] [HailoRT] [info] [hailort_driver.cpp:617] [vdma_buffer_sync] Syncing VDMA buffer: handle=6, direction=TO_DEVICE, offset=2863104, count=19848
[2026-01-20 16:08:40.001] [358979] [HailoRT] [info] [hailort_driver.cpp:649] [descriptors_list_program] Programming descriptor list: desc_handle=53248, buffer_handle=6, buffer_size=19848, buffer_offset=0, channel_index=0, starting_desc=5592
[2026-01-20 16:08:40.001] [358979] [HailoRT] [info] [config_buffer.cpp:171] [program_descriptors] ConfigBuffer::program_descriptors: Channel 0:0. Programming 39 descriptors. Offset: 19848
[2026-01-20 16:08:40.001] [358979] [HailoRT] [info] [context_switch_actions.cpp:251] [write_to_config_buffer] WriteDataCcwAction: Writing Config Data. Total Size: 281760 bytes. Stream Index: 0
[2026-01-20 16:08:40.001] [358979] [HailoRT] [info] [hailort_driver.cpp:617] [vdma_buffer_sync] Syncing VDMA buffer: handle=6, direction=TO_DEVICE, offset=2883072, count=15544
[2026-01-20 16:08:40.001] [358979] [HailoRT] [info] [hailort_driver.cpp:617] [vdma_buffer_sync] Syncing VDMA buffer: handle=6, direction=TO_DEVICE, offset=2898616, count=15120
[2026-01-20 16:08:40.001] [358979] [HailoRT] [info] [hailort_driver.cpp:617] [vdma_buffer_sync] Syncing VDMA buffer: handle=6, direction=TO_DEVICE, offset=2913736, count=24488
[2026-01-20 16:08:40.001] [358979] [HailoRT] [info] [hailort_driver.cpp:617] [vdma_buffer_sync] Syncing VDMA buffer: handle=6, direction=TO_DEVICE, offset=2938224, count=24576
[2026-01-20 16:08:40.001] [358979] [HailoRT] [info] [hailort_driver.cpp:617] [vdma_buffer_sync] Syncing VDMA buffer: handle=6, direction=TO_DEVICE, offset=2962800, count=24864
[2026-01-20 16:08:40.001] [358979] [HailoRT] [info] [hailort_driver.cpp:617] [vdma_buffer_sync] Syncing VDMA buffer: handle=6, direction=TO_DEVICE, offset=2987664, count=24848
[2026-01-20 16:08:40.001] [358979] [HailoRT] [info] [hailort_driver.cpp:617] [vdma_buffer_sync] Syncing VDMA buffer: handle=6, direction=TO_DEVICE, offset=3012512, count=24656
[2026-01-20 16:08:40.001] [358979] [HailoRT] [info] [hailort_driver.cpp:617] [vdma_buffer_sync] Syncing VDMA buffer: handle=6, direction=TO_DEVICE, offset=3037168, count=25024
[2026-01-20 16:08:40.001] [358979] [HailoRT] [info] [hailort_driver.cpp:617] [vdma_buffer_sync] Syncing VDMA buffer: handle=6, direction=TO_DEVICE, offset=3062192, count=20288
[2026-01-20 16:08:40.001] [358979] [HailoRT] [info] [hailort_driver.cpp:617] [vdma_buffer_sync] Syncing VDMA buffer: handle=6, direction=TO_DEVICE, offset=3082480, count=20616
[2026-01-20 16:08:40.001] [358979] [HailoRT] [info] [hailort_driver.cpp:617] [vdma_buffer_sync] Syncing VDMA buffer: handle=6, direction=TO_DEVICE, offset=3103096, count=20704
[2026-01-20 16:08:40.001] [358979] [HailoRT] [info] [hailort_driver.cpp:617] [vdma_buffer_sync] Syncing VDMA buffer: handle=6, direction=TO_DEVICE, offset=3123800, count=20472
[2026-01-20 16:08:40.001] [358979] [HailoRT] [info] [hailort_driver.cpp:617] [vdma_buffer_sync] Syncing VDMA buffer: handle=6, direction=TO_DEVICE, offset=3144272, count=20560
[2026-01-20 16:08:40.001] [358979] [HailoRT] [info] [hailort_driver.cpp:649] [descriptors_list_program] Programming descriptor list: desc_handle=53248, buffer_handle=6, buffer_size=281760, buffer_offset=0, channel_index=0, starting_desc=5631
[2026-01-20 16:08:40.001] [358979] [HailoRT] [info] [config_buffer.cpp:171] [program_descriptors] ConfigBuffer::program_descriptors: Channel 0:0. Programming 551 descriptors. Offset: 281760
[2026-01-20 16:08:40.001] [358979] [HailoRT] [info] [context_switch_actions.cpp:251] [write_to_config_buffer] WriteDataCcwAction: Writing Config Data. Total Size: 91424 bytes. Stream Index: 0
[2026-01-20 16:08:40.001] [358979] [HailoRT] [info] [hailort_driver.cpp:617] [vdma_buffer_sync] Syncing VDMA buffer: handle=6, direction=TO_DEVICE, offset=3165184, count=22728
[2026-01-20 16:08:40.001] [358979] [HailoRT] [info] [hailort_driver.cpp:617] [vdma_buffer_sync] Syncing VDMA buffer: handle=6, direction=TO_DEVICE, offset=3187912, count=22792
[2026-01-20 16:08:40.001] [358979] [HailoRT] [info] [hailort_driver.cpp:617] [vdma_buffer_sync] Syncing VDMA buffer: handle=6, direction=TO_DEVICE, offset=3210704, count=22896
[2026-01-20 16:08:40.001] [358979] [HailoRT] [info] [hailort_driver.cpp:617] [vdma_buffer_sync] Syncing VDMA buffer: handle=6, direction=TO_DEVICE, offset=3233600, count=23008
[2026-01-20 16:08:40.001] [358979] [HailoRT] [info] [hailort_driver.cpp:649] [descriptors_list_program] Programming descriptor list: desc_handle=53248, buffer_handle=6, buffer_size=91424, buffer_offset=0, channel_index=0, starting_desc=6182
[2026-01-20 16:08:40.001] [358979] [HailoRT] [info] [config_buffer.cpp:171] [program_descriptors] ConfigBuffer::program_descriptors: Channel 0:0. Programming 179 descriptors. Offset: 91424
[2026-01-20 16:08:40.002] [358979] [HailoRT] [info] [context_switch_actions.cpp:251] [write_to_config_buffer] WriteDataCcwAction: Writing Config Data. Total Size: 50672 bytes. Stream Index: 1
[2026-01-20 16:08:40.002] [358979] [HailoRT] [info] [hailort_driver.cpp:617] [vdma_buffer_sync] Syncing VDMA buffer: handle=7, direction=TO_DEVICE, offset=2591744, count=25520
[2026-01-20 16:08:40.002] [358979] [HailoRT] [info] [hailort_driver.cpp:617] [vdma_buffer_sync] Syncing VDMA buffer: handle=7, direction=TO_DEVICE, offset=2617264, count=25152
[2026-01-20 16:08:40.002] [358979] [HailoRT] [info] [hailort_driver.cpp:649] [descriptors_list_program] Programming descriptor list: desc_handle=57344, buffer_handle=7, buffer_size=50672, buffer_offset=0, channel_index=1, starting_desc=5062
[2026-01-20 16:08:40.002] [358979] [HailoRT] [info] [config_buffer.cpp:171] [program_descriptors] ConfigBuffer::program_descriptors: Channel 0:1. Programming 99 descriptors. Offset: 50672
[2026-01-20 16:08:40.002] [358979] [HailoRT] [info] [context_switch_actions.cpp:251] [write_to_config_buffer] WriteDataCcwAction: Writing Config Data. Total Size: 65984 bytes. Stream Index: 1
[2026-01-20 16:08:40.002] [358979] [HailoRT] [info] [hailort_driver.cpp:617] [vdma_buffer_sync] Syncing VDMA buffer: handle=7, direction=TO_DEVICE, offset=2642432, count=20112
[2026-01-20 16:08:40.002] [358979] [HailoRT] [info] [hailort_driver.cpp:617] [vdma_buffer_sync] Syncing VDMA buffer: handle=7, direction=TO_DEVICE, offset=2662544, count=20312
[2026-01-20 16:08:40.002] [358979] [HailoRT] [info] [hailort_driver.cpp:617] [vdma_buffer_sync] Syncing VDMA buffer: handle=7, direction=TO_DEVICE, offset=2682856, count=25560
[2026-01-20 16:08:40.002] [358979] [HailoRT] [info] [hailort_driver.cpp:649] [descriptors_list_program] Programming descriptor list: desc_handle=57344, buffer_handle=7, buffer_size=65984, buffer_offset=0, channel_index=1, starting_desc=5161
[2026-01-20 16:08:40.002] [358979] [HailoRT] [info] [config_buffer.cpp:171] [program_descriptors] ConfigBuffer::program_descriptors: Channel 0:1. Programming 129 descriptors. Offset: 65984
[2026-01-20 16:08:40.002] [358979] [HailoRT] [info] [context_switch_actions.cpp:251] [write_to_config_buffer] WriteDataCcwAction: Writing Config Data. Total Size: 61736 bytes. Stream Index: 0
[2026-01-20 16:08:40.002] [358979] [HailoRT] [info] [hailort_driver.cpp:617] [vdma_buffer_sync] Syncing VDMA buffer: handle=6, direction=TO_DEVICE, offset=3256832, count=8360
[2026-01-20 16:08:40.002] [358979] [HailoRT] [info] [hailort_driver.cpp:617] [vdma_buffer_sync] Syncing VDMA buffer: handle=6, direction=TO_DEVICE, offset=3265192, count=2296
[2026-01-20 16:08:40.002] [358979] [HailoRT] [info] [hailort_driver.cpp:617] [vdma_buffer_sync] Syncing VDMA buffer: handle=6, direction=TO_DEVICE, offset=3267488, count=2264
[2026-01-20 16:08:40.002] [358979] [HailoRT] [info] [hailort_driver.cpp:617] [vdma_buffer_sync] Syncing VDMA buffer: handle=6, direction=TO_DEVICE, offset=3269752, count=24480
[2026-01-20 16:08:40.002] [358979] [HailoRT] [info] [hailort_driver.cpp:617] [vdma_buffer_sync] Syncing VDMA buffer: handle=6, direction=TO_DEVICE, offset=3294232, count=24336
[2026-01-20 16:08:40.002] [358979] [HailoRT] [info] [hailort_driver.cpp:649] [descriptors_list_program] Programming descriptor list: desc_handle=53248, buffer_handle=6, buffer_size=61736, buffer_offset=0, channel_index=0, starting_desc=6361
[2026-01-20 16:08:40.002] [358979] [HailoRT] [info] [config_buffer.cpp:171] [program_descriptors] ConfigBuffer::program_descriptors: Channel 0:0. Programming 121 descriptors. Offset: 61736
[2026-01-20 16:08:40.002] [358979] [HailoRT] [info] [context_switch_actions.cpp:251] [write_to_config_buffer] WriteDataCcwAction: Writing Config Data. Total Size: 108296 bytes. Stream Index: 0
[2026-01-20 16:08:40.002] [358979] [HailoRT] [info] [hailort_driver.cpp:617] [vdma_buffer_sync] Syncing VDMA buffer: handle=6, direction=TO_DEVICE, offset=3318784, count=4448
[2026-01-20 16:08:40.002] [358979] [HailoRT] [info] [hailort_driver.cpp:617] [vdma_buffer_sync] Syncing VDMA buffer: handle=6, direction=TO_DEVICE, offset=3323232, count=2400
[2026-01-20 16:08:40.002] [358979] [HailoRT] [info] [hailort_driver.cpp:617] [vdma_buffer_sync] Syncing VDMA buffer: handle=6, direction=TO_DEVICE, offset=3325632, count=13744
[2026-01-20 16:08:40.002] [358979] [HailoRT] [info] [hailort_driver.cpp:617] [vdma_buffer_sync] Syncing VDMA buffer: handle=6, direction=TO_DEVICE, offset=3339376, count=21664
[2026-01-20 16:08:40.002] [358979] [HailoRT] [info] [hailort_driver.cpp:617] [vdma_buffer_sync] Syncing VDMA buffer: handle=6, direction=TO_DEVICE, offset=3361040, count=21096
[2026-01-20 16:08:40.002] [358979] [HailoRT] [info] [hailort_driver.cpp:617] [vdma_buffer_sync] Syncing VDMA buffer: handle=6, direction=TO_DEVICE, offset=3382136, count=21440
[2026-01-20 16:08:40.002] [358979] [HailoRT] [info] [hailort_driver.cpp:617] [vdma_buffer_sync] Syncing VDMA buffer: handle=6, direction=TO_DEVICE, offset=3403576, count=23504
[2026-01-20 16:08:40.002] [358979] [HailoRT] [info] [hailort_driver.cpp:649] [descriptors_list_program] Programming descriptor list: desc_handle=53248, buffer_handle=6, buffer_size=108296, buffer_offset=0, channel_index=0, starting_desc=6482
[2026-01-20 16:08:40.002] [358979] [HailoRT] [info] [config_buffer.cpp:171] [program_descriptors] ConfigBuffer::program_descriptors: Channel 0:0. Programming 212 descriptors. Offset: 108296
[2026-01-20 16:08:40.002] [358979] [HailoRT] [info] [context_switch_actions.cpp:251] [write_to_config_buffer] WriteDataCcwAction: Writing Config Data. Total Size: 25152 bytes. Stream Index: 1
[2026-01-20 16:08:40.002] [358979] [HailoRT] [info] [hailort_driver.cpp:617] [vdma_buffer_sync] Syncing VDMA buffer: handle=7, direction=TO_DEVICE, offset=2708480, count=25152
[2026-01-20 16:08:40.002] [358979] [HailoRT] [info] [hailort_driver.cpp:649] [descriptors_list_program] Programming descriptor list: desc_handle=57344, buffer_handle=7, buffer_size=25152, buffer_offset=0, channel_index=1, starting_desc=5290
[2026-01-20 16:08:40.002] [358979] [HailoRT] [info] [config_buffer.cpp:171] [program_descriptors] ConfigBuffer::program_descriptors: Channel 0:1. Programming 50 descriptors. Offset: 25152
[2026-01-20 16:08:40.002] [358979] [HailoRT] [info] [context_switch_actions.cpp:251] [write_to_config_buffer] WriteDataCcwAction: Writing Config Data. Total Size: 293032 bytes. Stream Index: 1
[2026-01-20 16:08:40.002] [358979] [HailoRT] [info] [hailort_driver.cpp:617] [vdma_buffer_sync] Syncing VDMA buffer: handle=7, direction=TO_DEVICE, offset=2734080, count=18024
[2026-01-20 16:08:40.002] [358979] [HailoRT] [info] [hailort_driver.cpp:617] [vdma_buffer_sync] Syncing VDMA buffer: handle=7, direction=TO_DEVICE, offset=2752104, count=18000
[2026-01-20 16:08:40.002] [358979] [HailoRT] [info] [hailort_driver.cpp:617] [vdma_buffer_sync] Syncing VDMA buffer: handle=7, direction=TO_DEVICE, offset=2770104, count=18160
[2026-01-20 16:08:40.002] [358979] [HailoRT] [info] [hailort_driver.cpp:617] [vdma_buffer_sync] Syncing VDMA buffer: handle=7, direction=TO_DEVICE, offset=2788264, count=18496
[2026-01-20 16:08:40.002] [358979] [HailoRT] [info] [hailort_driver.cpp:617] [vdma_buffer_sync] Syncing VDMA buffer: handle=7, direction=TO_DEVICE, offset=2806760, count=18376
[2026-01-20 16:08:40.002] [358979] [HailoRT] [info] [hailort_driver.cpp:617] [vdma_buffer_sync] Syncing VDMA buffer: handle=7, direction=TO_DEVICE, offset=2825136, count=18264
[2026-01-20 16:08:40.002] [358979] [HailoRT] [info] [hailort_driver.cpp:617] [vdma_buffer_sync] Syncing VDMA buffer: handle=7, direction=TO_DEVICE, offset=2843400, count=18280
[2026-01-20 16:08:40.002] [358979] [HailoRT] [info] [hailort_driver.cpp:617] [vdma_buffer_sync] Syncing VDMA buffer: handle=7, direction=TO_DEVICE, offset=2861680, count=18328
[2026-01-20 16:08:40.002] [358979] [HailoRT] [info] [hailort_driver.cpp:617] [vdma_buffer_sync] Syncing VDMA buffer: handle=7, direction=TO_DEVICE, offset=2880008, count=25944
[2026-01-20 16:08:40.002] [358979] [HailoRT] [info] [hailort_driver.cpp:617] [vdma_buffer_sync] Syncing VDMA buffer: handle=7, direction=TO_DEVICE, offset=2905952, count=6744
[2026-01-20 16:08:40.002] [358979] [HailoRT] [info] [hailort_driver.cpp:617] [vdma_buffer_sync] Syncing VDMA buffer: handle=7, direction=TO_DEVICE, offset=2912696, count=6584
[2026-01-20 16:08:40.002] [358979] [HailoRT] [info] [hailort_driver.cpp:617] [vdma_buffer_sync] Syncing VDMA buffer: handle=7, direction=TO_DEVICE, offset=2919280, count=24904
[2026-01-20 16:08:40.002] [358979] [HailoRT] [info] [hailort_driver.cpp:617] [vdma_buffer_sync] Syncing VDMA buffer: handle=7, direction=TO_DEVICE, offset=2944184, count=25816
[2026-01-20 16:08:40.002] [358979] [HailoRT] [info] [hailort_driver.cpp:617] [vdma_buffer_sync] Syncing VDMA buffer: handle=7, direction=TO_DEVICE, offset=2970000, count=6696
[2026-01-20 16:08:40.002] [358979] [HailoRT] [info] [hailort_driver.cpp:617] [vdma_buffer_sync] Syncing VDMA buffer: handle=7, direction=TO_DEVICE, offset=2976696, count=25280
[2026-01-20 16:08:40.002] [358979] [HailoRT] [info] [hailort_driver.cpp:617] [vdma_buffer_sync] Syncing VDMA buffer: handle=7, direction=TO_DEVICE, offset=3001976, count=25136
[2026-01-20 16:08:40.002] [358979] [HailoRT] [info] [hailort_driver.cpp:649] [descriptors_list_program] Programming descriptor list: desc_handle=57344, buffer_handle=7, buffer_size=293032, buffer_offset=0, channel_index=1, starting_desc=5340
[2026-01-20 16:08:40.002] [358979] [HailoRT] [info] [config_buffer.cpp:171] [program_descriptors] ConfigBuffer::program_descriptors: Channel 0:1. Programming 573 descriptors. Offset: 293032
[2026-01-20 16:08:40.002] [358979] [HailoRT] [info] [context_switch_actions.cpp:251] [write_to_config_buffer] WriteDataCcwAction: Writing Config Data. Total Size: 10184 bytes. Stream Index: 1
[2026-01-20 16:08:40.002] [358979] [HailoRT] [info] [hailort_driver.cpp:617] [vdma_buffer_sync] Syncing VDMA buffer: handle=7, direction=TO_DEVICE, offset=3027456, count=2088
[2026-01-20 16:08:40.002] [358979] [HailoRT] [info] [hailort_driver.cpp:617] [vdma_buffer_sync] Syncing VDMA buffer: handle=7, direction=TO_DEVICE, offset=3029544, count=8096
[2026-01-20 16:08:40.002] [358979] [HailoRT] [info] [hailort_driver.cpp:649] [descriptors_list_program] Programming descriptor list: desc_handle=57344, buffer_handle=7, buffer_size=10184, buffer_offset=0, channel_index=1, starting_desc=5913
[2026-01-20 16:08:40.002] [358979] [HailoRT] [info] [config_buffer.cpp:171] [program_descriptors] ConfigBuffer::program_descriptors: Channel 0:1. Programming 20 descriptors. Offset: 10184
[2026-01-20 16:08:40.002] [358979] [HailoRT] [info] [context_switch_actions.cpp:251] [write_to_config_buffer] WriteDataCcwAction: Writing Config Data. Total Size: 2088 bytes. Stream Index: 1
[2026-01-20 16:08:40.002] [358979] [HailoRT] [info] [hailort_driver.cpp:617] [vdma_buffer_sync] Syncing VDMA buffer: handle=7, direction=TO_DEVICE, offset=3037696, count=2088
[2026-01-20 16:08:40.002] [358979] [HailoRT] [info] [hailort_driver.cpp:649] [descriptors_list_program] Programming descriptor list: desc_handle=57344, buffer_handle=7, buffer_size=2088, buffer_offset=0, channel_index=1, starting_desc=5933
[2026-01-20 16:08:40.002] [358979] [HailoRT] [info] [config_buffer.cpp:171] [program_descriptors] ConfigBuffer::program_descriptors: Channel 0:1. Programming 5 descriptors. Offset: 2088
[2026-01-20 16:08:40.002] [358979] [HailoRT] [info] [context_switch_actions.cpp:251] [write_to_config_buffer] WriteDataCcwAction: Writing Config Data. Total Size: 2072 bytes. Stream Index: 1
[2026-01-20 16:08:40.002] [358979] [HailoRT] [info] [hailort_driver.cpp:617] [vdma_buffer_sync] Syncing VDMA buffer: handle=7, direction=TO_DEVICE, offset=3040256, count=2072
[2026-01-20 16:08:40.002] [358979] [HailoRT] [info] [hailort_driver.cpp:649] [descriptors_list_program] Programming descriptor list: desc_handle=57344, buffer_handle=7, buffer_size=2072, buffer_offset=0, channel_index=1, starting_desc=5938
[2026-01-20 16:08:40.003] [358979] [HailoRT] [info] [config_buffer.cpp:171] [program_descriptors] ConfigBuffer::program_descriptors: Channel 0:1. Programming 5 descriptors. Offset: 2072
[2026-01-20 16:08:40.003] [358979] [HailoRT] [info] [context_switch_actions.cpp:251] [write_to_config_buffer] WriteDataCcwAction: Writing Config Data. Total Size: 7168 bytes. Stream Index: 1
[2026-01-20 16:08:40.003] [358979] [HailoRT] [info] [hailort_driver.cpp:617] [vdma_buffer_sync] Syncing VDMA buffer: handle=7, direction=TO_DEVICE, offset=3042816, count=7168
[2026-01-20 16:08:40.003] [358979] [HailoRT] [info] [hailort_driver.cpp:649] [descriptors_list_program] Programming descriptor list: desc_handle=57344, buffer_handle=7, buffer_size=7168, buffer_offset=0, channel_index=1, starting_desc=5943
[2026-01-20 16:08:40.003] [358979] [HailoRT] [info] [config_buffer.cpp:171] [program_descriptors] ConfigBuffer::program_descriptors: Channel 0:1. Programming 14 descriptors. Offset: 7168
[2026-01-20 16:08:40.003] [358979] [HailoRT] [info] [context_switch_actions.cpp:251] [write_to_config_buffer] WriteDataCcwAction: Writing Config Data. Total Size: 25624 bytes. Stream Index: 1
[2026-01-20 16:08:40.003] [358979] [HailoRT] [info] [hailort_driver.cpp:617] [vdma_buffer_sync] Syncing VDMA buffer: handle=7, direction=TO_DEVICE, offset=3049984, count=25624
[2026-01-20 16:08:40.003] [358979] [HailoRT] [info] [hailort_driver.cpp:649] [descriptors_list_program] Programming descriptor list: desc_handle=57344, buffer_handle=7, buffer_size=25624, buffer_offset=0, channel_index=1, starting_desc=5957
[2026-01-20 16:08:40.003] [358979] [HailoRT] [info] [config_buffer.cpp:171] [program_descriptors] ConfigBuffer::program_descriptors: Channel 0:1. Programming 51 descriptors. Offset: 25624
[2026-01-20 16:08:40.003] [358979] [HailoRT] [info] [context_switch_actions.cpp:251] [write_to_config_buffer] WriteDataCcwAction: Writing Config Data. Total Size: 20952 bytes. Stream Index: 1
[2026-01-20 16:08:40.003] [358979] [HailoRT] [info] [hailort_driver.cpp:617] [vdma_buffer_sync] Syncing VDMA buffer: handle=7, direction=TO_DEVICE, offset=3076096, count=7120
[2026-01-20 16:08:40.003] [358979] [HailoRT] [info] [hailort_driver.cpp:617] [vdma_buffer_sync] Syncing VDMA buffer: handle=7, direction=TO_DEVICE, offset=3083216, count=6792
[2026-01-20 16:08:40.003] [358979] [HailoRT] [info] [hailort_driver.cpp:617] [vdma_buffer_sync] Syncing VDMA buffer: handle=7, direction=TO_DEVICE, offset=3090008, count=7040
[2026-01-20 16:08:40.003] [358979] [HailoRT] [info] [hailort_driver.cpp:649] [descriptors_list_program] Programming descriptor list: desc_handle=57344, buffer_handle=7, buffer_size=20952, buffer_offset=0, channel_index=1, starting_desc=6008
[2026-01-20 16:08:40.003] [358979] [HailoRT] [info] [config_buffer.cpp:171] [program_descriptors] ConfigBuffer::program_descriptors: Channel 0:1. Programming 41 descriptors. Offset: 20952
[2026-01-20 16:08:40.003] [358979] [HailoRT] [info] [context_switch_actions.cpp:251] [write_to_config_buffer] WriteDataCcwAction: Writing Config Data. Total Size: 100184 bytes. Stream Index: 1
[2026-01-20 16:08:40.003] [358979] [HailoRT] [info] [hailort_driver.cpp:617] [vdma_buffer_sync] Syncing VDMA buffer: handle=7, direction=TO_DEVICE, offset=3097088, count=19856
[2026-01-20 16:08:40.003] [358979] [HailoRT] [info] [hailort_driver.cpp:617] [vdma_buffer_sync] Syncing VDMA buffer: handle=7, direction=TO_DEVICE, offset=3116944, count=20176
[2026-01-20 16:08:40.003] [358979] [HailoRT] [info] [hailort_driver.cpp:617] [vdma_buffer_sync] Syncing VDMA buffer: handle=7, direction=TO_DEVICE, offset=3137120, count=19640
[2026-01-20 16:08:40.003] [358979] [HailoRT] [info] [hailort_driver.cpp:617] [vdma_buffer_sync] Syncing VDMA buffer: handle=7, direction=TO_DEVICE, offset=3156760, count=20400
[2026-01-20 16:08:40.003] [358979] [HailoRT] [info] [hailort_driver.cpp:617] [vdma_buffer_sync] Syncing VDMA buffer: handle=7, direction=TO_DEVICE, offset=3177160, count=20112
[2026-01-20 16:08:40.003] [358979] [HailoRT] [info] [hailort_driver.cpp:649] [descriptors_list_program] Programming descriptor list: desc_handle=57344, buffer_handle=7, buffer_size=100184, buffer_offset=0, channel_index=1, starting_desc=6049
[2026-01-20 16:08:40.003] [358979] [HailoRT] [info] [config_buffer.cpp:171] [program_descriptors] ConfigBuffer::program_descriptors: Channel 0:1. Programming 196 descriptors. Offset: 100184
[2026-01-20 16:08:40.003] [358979] [HailoRT] [info] [context_switch_actions.cpp:251] [write_to_config_buffer] WriteDataCcwAction: Writing Config Data. Total Size: 15080 bytes. Stream Index: 1
[2026-01-20 16:08:40.003] [358979] [HailoRT] [info] [hailort_driver.cpp:617] [vdma_buffer_sync] Syncing VDMA buffer: handle=7, direction=TO_DEVICE, offset=3197440, count=15080
[2026-01-20 16:08:40.003] [358979] [HailoRT] [info] [hailort_driver.cpp:649] [descriptors_list_program] Programming descriptor list: desc_handle=57344, buffer_handle=7, buffer_size=15080, buffer_offset=0, channel_index=1, starting_desc=6245
[2026-01-20 16:08:40.003] [358979] [HailoRT] [info] [config_buffer.cpp:171] [program_descriptors] ConfigBuffer::program_descriptors: Channel 0:1. Programming 30 descriptors. Offset: 15080
[2026-01-20 16:08:40.003] [358979] [HailoRT] [info] [context_switch_actions.cpp:251] [write_to_config_buffer] WriteDataCcwAction: Writing Config Data. Total Size: 48472 bytes. Stream Index: 0
[2026-01-20 16:08:40.003] [358979] [HailoRT] [info] [hailort_driver.cpp:617] [vdma_buffer_sync] Syncing VDMA buffer: handle=6, direction=TO_DEVICE, offset=3427328, count=24200
[2026-01-20 16:08:40.003] [358979] [HailoRT] [info] [hailort_driver.cpp:617] [vdma_buffer_sync] Syncing VDMA buffer: handle=6, direction=TO_DEVICE, offset=3451528, count=24272
[2026-01-20 16:08:40.003] [358979] [HailoRT] [info] [hailort_driver.cpp:649] [descriptors_list_program] Programming descriptor list: desc_handle=53248, buffer_handle=6, buffer_size=48472, buffer_offset=0, channel_index=0, starting_desc=6694
[2026-01-20 16:08:40.003] [358979] [HailoRT] [info] [config_buffer.cpp:171] [program_descriptors] ConfigBuffer::program_descriptors: Channel 0:0. Programming 95 descriptors. Offset: 48472
[2026-01-20 16:08:40.003] [358979] [HailoRT] [info] [context_switch_actions.cpp:251] [write_to_config_buffer] WriteDataCcwAction: Writing Config Data. Total Size: 247080 bytes. Stream Index: 0
[2026-01-20 16:08:40.003] [358979] [HailoRT] [info] [hailort_driver.cpp:617] [vdma_buffer_sync] Syncing VDMA buffer: handle=6, direction=TO_DEVICE, offset=3475968, count=16352
[2026-01-20 16:08:40.003] [358979] [HailoRT] [info] [hailort_driver.cpp:617] [vdma_buffer_sync] Syncing VDMA buffer: handle=6, direction=TO_DEVICE, offset=3492320, count=25280
[2026-01-20 16:08:40.003] [358979] [HailoRT] [info] [hailort_driver.cpp:617] [vdma_buffer_sync] Syncing VDMA buffer: handle=6, direction=TO_DEVICE, offset=3517600, count=26040
[2026-01-20 16:08:40.003] [358979] [HailoRT] [info] [hailort_driver.cpp:617] [vdma_buffer_sync] Syncing VDMA buffer: handle=6, direction=TO_DEVICE, offset=3543640, count=6592
[2026-01-20 16:08:40.003] [358979] [HailoRT] [info] [hailort_driver.cpp:617] [vdma_buffer_sync] Syncing VDMA buffer: handle=6, direction=TO_DEVICE, offset=3550232, count=24944
[2026-01-20 16:08:40.003] [358979] [HailoRT] [info] [hailort_driver.cpp:617] [vdma_buffer_sync] Syncing VDMA buffer: handle=6, direction=TO_DEVICE, offset=3575176, count=25552
[2026-01-20 16:08:40.003] [358979] [HailoRT] [info] [hailort_driver.cpp:617] [vdma_buffer_sync] Syncing VDMA buffer: handle=6, direction=TO_DEVICE, offset=3600728, count=6568
[2026-01-20 16:08:40.003] [358979] [HailoRT] [info] [hailort_driver.cpp:617] [vdma_buffer_sync] Syncing VDMA buffer: handle=6, direction=TO_DEVICE, offset=3607296, count=25216
[2026-01-20 16:08:40.003] [358979] [HailoRT] [info] [hailort_driver.cpp:617] [vdma_buffer_sync] Syncing VDMA buffer: handle=6, direction=TO_DEVICE, offset=3632512, count=25728
[2026-01-20 16:08:40.003] [358979] [HailoRT] [info] [hailort_driver.cpp:617] [vdma_buffer_sync] Syncing VDMA buffer: handle=6, direction=TO_DEVICE, offset=3658240, count=6544
[2026-01-20 16:08:40.003] [358979] [HailoRT] [info] [hailort_driver.cpp:617] [vdma_buffer_sync] Syncing VDMA buffer: handle=6, direction=TO_DEVICE, offset=3664784, count=25984
[2026-01-20 16:08:40.003] [358979] [HailoRT] [info] [hailort_driver.cpp:617] [vdma_buffer_sync] Syncing VDMA buffer: handle=6, direction=TO_DEVICE, offset=3690768, count=25736
[2026-01-20 16:08:40.003] [358979] [HailoRT] [info] [hailort_driver.cpp:617] [vdma_buffer_sync] Syncing VDMA buffer: handle=6, direction=TO_DEVICE, offset=3716504, count=6544
[2026-01-20 16:08:40.003] [358979] [HailoRT] [info] [hailort_driver.cpp:649] [descriptors_list_program] Programming descriptor list: desc_handle=53248, buffer_handle=6, buffer_size=247080, buffer_offset=0, channel_index=0, starting_desc=6789
[2026-01-20 16:08:40.003] [358979] [HailoRT] [info] [config_buffer.cpp:171] [program_descriptors] ConfigBuffer::program_descriptors: Channel 0:0. Programming 483 descriptors. Offset: 247080
[2026-01-20 16:08:40.003] [358979] [HailoRT] [info] [context_switch_actions.cpp:251] [write_to_config_buffer] WriteDataCcwAction: Writing Config Data. Total Size: 6704 bytes. Stream Index: 0
[2026-01-20 16:08:40.003] [358979] [HailoRT] [info] [hailort_driver.cpp:617] [vdma_buffer_sync] Syncing VDMA buffer: handle=6, direction=TO_DEVICE, offset=3723264, count=6704
[2026-01-20 16:08:40.003] [358979] [HailoRT] [info] [hailort_driver.cpp:649] [descriptors_list_program] Programming descriptor list: desc_handle=53248, buffer_handle=6, buffer_size=6704, buffer_offset=0, channel_index=0, starting_desc=7272
[2026-01-20 16:08:40.003] [358979] [HailoRT] [info] [config_buffer.cpp:171] [program_descriptors] ConfigBuffer::program_descriptors: Channel 0:0. Programming 14 descriptors. Offset: 6704
[2026-01-20 16:08:40.003] [358979] [HailoRT] [info] [context_switch_actions.cpp:251] [write_to_config_buffer] WriteDataCcwAction: Writing Config Data. Total Size: 263016 bytes. Stream Index: 0
[2026-01-20 16:08:40.003] [358979] [HailoRT] [info] [hailort_driver.cpp:617] [vdma_buffer_sync] Syncing VDMA buffer: handle=6, direction=TO_DEVICE, offset=3730432, count=24800
[2026-01-20 16:08:40.003] [358979] [HailoRT] [info] [hailort_driver.cpp:617] [vdma_buffer_sync] Syncing VDMA buffer: handle=6, direction=TO_DEVICE, offset=3755232, count=25088
[2026-01-20 16:08:40.003] [358979] [HailoRT] [info] [hailort_driver.cpp:617] [vdma_buffer_sync] Syncing VDMA buffer: handle=6, direction=TO_DEVICE, offset=3780320, count=21296
[2026-01-20 16:08:40.003] [358979] [HailoRT] [info] [hailort_driver.cpp:617] [vdma_buffer_sync] Syncing VDMA buffer: handle=6, direction=TO_DEVICE, offset=3801616, count=21360
[2026-01-20 16:08:40.003] [358979] [HailoRT] [info] [hailort_driver.cpp:617] [vdma_buffer_sync] Syncing VDMA buffer: handle=6, direction=TO_DEVICE, offset=3822976, count=22096
[2026-01-20 16:08:40.003] [358979] [HailoRT] [info] [hailort_driver.cpp:617] [vdma_buffer_sync] Syncing VDMA buffer: handle=6, direction=TO_DEVICE, offset=3845072, count=22208
[2026-01-20 16:08:40.003] [358979] [HailoRT] [info] [hailort_driver.cpp:617] [vdma_buffer_sync] Syncing VDMA buffer: handle=6, direction=TO_DEVICE, offset=3867280, count=21312
[2026-01-20 16:08:40.004] [358979] [HailoRT] [info] [hailort_driver.cpp:617] [vdma_buffer_sync] Syncing VDMA buffer: handle=6, direction=TO_DEVICE, offset=3888592, count=21368
[2026-01-20 16:08:40.004] [358979] [HailoRT] [info] [hailort_driver.cpp:617] [vdma_buffer_sync] Syncing VDMA buffer: handle=6, direction=TO_DEVICE, offset=3909960, count=20424
[2026-01-20 16:08:40.004] [358979] [HailoRT] [info] [hailort_driver.cpp:617] [vdma_buffer_sync] Syncing VDMA buffer: handle=6, direction=TO_DEVICE, offset=3930384, count=21096
[2026-01-20 16:08:40.004] [358979] [HailoRT] [info] [hailort_driver.cpp:617] [vdma_buffer_sync] Syncing VDMA buffer: handle=6, direction=TO_DEVICE, offset=3951480, count=21376
[2026-01-20 16:08:40.004] [358979] [HailoRT] [info] [hailort_driver.cpp:617] [vdma_buffer_sync] Syncing VDMA buffer: handle=6, direction=TO_DEVICE, offset=3972856, count=20592
[2026-01-20 16:08:40.004] [358979] [HailoRT] [info] [hailort_driver.cpp:649] [descriptors_list_program] Programming descriptor list: desc_handle=53248, buffer_handle=6, buffer_size=263016, buffer_offset=0, channel_index=0, starting_desc=7286
[2026-01-20 16:08:40.004] [358979] [HailoRT] [info] [config_buffer.cpp:171] [program_descriptors] ConfigBuffer::program_descriptors: Channel 0:0. Programming 514 descriptors. Offset: 263016
[2026-01-20 16:08:40.004] [358979] [HailoRT] [info] [context_switch_actions.cpp:251] [write_to_config_buffer] WriteDataCcwAction: Writing Config Data. Total Size: 273992 bytes. Stream Index: 0
[2026-01-20 16:08:40.004] [358979] [HailoRT] [info] [hailort_driver.cpp:617] [vdma_buffer_sync] Syncing VDMA buffer: handle=6, direction=TO_DEVICE, offset=3993600, count=21528
[2026-01-20 16:08:40.004] [358979] [HailoRT] [info] [hailort_driver.cpp:617] [vdma_buffer_sync] Syncing VDMA buffer: handle=6, direction=TO_DEVICE, offset=4015128, count=21504
[2026-01-20 16:08:40.004] [358979] [HailoRT] [info] [hailort_driver.cpp:617] [vdma_buffer_sync] Syncing VDMA buffer: handle=6, direction=TO_DEVICE, offset=4036632, count=25224
[2026-01-20 16:08:40.004] [358979] [HailoRT] [info] [hailort_driver.cpp:617] [vdma_buffer_sync] Syncing VDMA buffer: handle=6, direction=TO_DEVICE, offset=4061856, count=25728
[2026-01-20 16:08:40.004] [358979] [HailoRT] [info] [hailort_driver.cpp:617] [vdma_buffer_sync] Syncing VDMA buffer: handle=6, direction=TO_DEVICE, offset=4087584, count=6584
[2026-01-20 16:08:40.004] [358979] [HailoRT] [info] [hailort_driver.cpp:617] [vdma_buffer_sync] Syncing VDMA buffer: handle=6, direction=TO_DEVICE, offset=4094168, count=26072
[2026-01-20 16:08:40.004] [358979] [HailoRT] [info] [hailort_driver.cpp:617] [vdma_buffer_sync] Syncing VDMA buffer: handle=6, direction=TO_DEVICE, offset=4120240, count=6680
[2026-01-20 16:08:40.004] [358979] [HailoRT] [info] [hailort_driver.cpp:617] [vdma_buffer_sync] Syncing VDMA buffer: handle=6, direction=TO_DEVICE, offset=4126920, count=25752
[2026-01-20 16:08:40.004] [358979] [HailoRT] [info] [hailort_driver.cpp:617] [vdma_buffer_sync] Syncing VDMA buffer: handle=6, direction=TO_DEVICE, offset=4152672, count=25664
[2026-01-20 16:08:40.004] [358979] [HailoRT] [info] [hailort_driver.cpp:617] [vdma_buffer_sync] Syncing VDMA buffer: handle=6, direction=TO_DEVICE, offset=4178336, count=6536
[2026-01-20 16:08:40.004] [358979] [HailoRT] [info] [hailort_driver.cpp:617] [vdma_buffer_sync] Syncing VDMA buffer: handle=6, direction=TO_DEVICE, offset=4184872, count=20976
[2026-01-20 16:08:40.004] [358979] [HailoRT] [info] [hailort_driver.cpp:617] [vdma_buffer_sync] Syncing VDMA buffer: handle=6, direction=TO_DEVICE, offset=4205848, count=21208
[2026-01-20 16:08:40.004] [358979] [HailoRT] [info] [hailort_driver.cpp:617] [vdma_buffer_sync] Syncing VDMA buffer: handle=6, direction=TO_DEVICE, offset=4227056, count=20368
[2026-01-20 16:08:40.004] [358979] [HailoRT] [info] [hailort_driver.cpp:617] [vdma_buffer_sync] Syncing VDMA buffer: handle=6, direction=TO_DEVICE, offset=4247424, count=20168
[2026-01-20 16:08:40.004] [358979] [HailoRT] [info] [hailort_driver.cpp:649] [descriptors_list_program] Programming descriptor list: desc_handle=53248, buffer_handle=6, buffer_size=273992, buffer_offset=0, channel_index=0, starting_desc=7800
[2026-01-20 16:08:40.004] [358979] [HailoRT] [info] [config_buffer.cpp:171] [program_descriptors] ConfigBuffer::program_descriptors: Channel 0:0. Programming 536 descriptors. Offset: 273992
[2026-01-20 16:08:40.004] [358979] [HailoRT] [info] [context_switch_actions.cpp:251] [write_to_config_buffer] WriteDataCcwAction: Writing Config Data. Total Size: 52592 bytes. Stream Index: 1
[2026-01-20 16:08:40.004] [358979] [HailoRT] [info] [hailort_driver.cpp:617] [vdma_buffer_sync] Syncing VDMA buffer: handle=7, direction=TO_DEVICE, offset=3212800, count=7560
[2026-01-20 16:08:40.004] [358979] [HailoRT] [info] [hailort_driver.cpp:617] [vdma_buffer_sync] Syncing VDMA buffer: handle=7, direction=TO_DEVICE, offset=3220360, count=21976
[2026-01-20 16:08:40.004] [358979] [HailoRT] [info] [hailort_driver.cpp:617] [vdma_buffer_sync] Syncing VDMA buffer: handle=7, direction=TO_DEVICE, offset=3242336, count=23056
[2026-01-20 16:08:40.004] [358979] [HailoRT] [info] [hailort_driver.cpp:649] [descriptors_list_program] Programming descriptor list: desc_handle=57344, buffer_handle=7, buffer_size=52592, buffer_offset=0, channel_index=1, starting_desc=6275
[2026-01-20 16:08:40.004] [358979] [HailoRT] [info] [config_buffer.cpp:171] [program_descriptors] ConfigBuffer::program_descriptors: Channel 0:1. Programming 103 descriptors. Offset: 52592
[2026-01-20 16:08:40.004] [358979] [HailoRT] [info] [context_switch_actions.cpp:251] [write_to_config_buffer] WriteDataCcwAction: Writing Config Data. Total Size: 226496 bytes. Stream Index: 0
[2026-01-20 16:08:40.004] [358979] [HailoRT] [info] [hailort_driver.cpp:617] [vdma_buffer_sync] Syncing VDMA buffer: handle=6, direction=TO_DEVICE, offset=4268032, count=12480
[2026-01-20 16:08:40.004] [358979] [HailoRT] [info] [hailort_driver.cpp:617] [vdma_buffer_sync] Syncing VDMA buffer: handle=6, direction=TO_DEVICE, offset=4280512, count=14352
[2026-01-20 16:08:40.004] [358979] [HailoRT] [info] [hailort_driver.cpp:617] [vdma_buffer_sync] Syncing VDMA buffer: handle=6, direction=TO_DEVICE, offset=4294864, count=18176
[2026-01-20 16:08:40.004] [358979] [HailoRT] [info] [hailort_driver.cpp:617] [vdma_buffer_sync] Syncing VDMA buffer: handle=6, direction=TO_DEVICE, offset=4313040, count=17832
[2026-01-20 16:08:40.004] [358979] [HailoRT] [info] [hailort_driver.cpp:617] [vdma_buffer_sync] Syncing VDMA buffer: handle=6, direction=TO_DEVICE, offset=4330872, count=17824
[2026-01-20 16:08:40.004] [358979] [HailoRT] [info] [hailort_driver.cpp:617] [vdma_buffer_sync] Syncing VDMA buffer: handle=6, direction=TO_DEVICE, offset=4348696, count=24952
[2026-01-20 16:08:40.004] [358979] [HailoRT] [info] [hailort_driver.cpp:617] [vdma_buffer_sync] Syncing VDMA buffer: handle=6, direction=TO_DEVICE, offset=4373648, count=24848
[2026-01-20 16:08:40.004] [358979] [HailoRT] [info] [hailort_driver.cpp:617] [vdma_buffer_sync] Syncing VDMA buffer: handle=6, direction=TO_DEVICE, offset=4398496, count=23464
[2026-01-20 16:08:40.004] [358979] [HailoRT] [info] [hailort_driver.cpp:617] [vdma_buffer_sync] Syncing VDMA buffer: handle=6, direction=TO_DEVICE, offset=4421960, count=24216
[2026-01-20 16:08:40.004] [358979] [HailoRT] [info] [hailort_driver.cpp:617] [vdma_buffer_sync] Syncing VDMA buffer: handle=6, direction=TO_DEVICE, offset=4446176, count=24176
[2026-01-20 16:08:40.004] [358979] [HailoRT] [info] [hailort_driver.cpp:617] [vdma_buffer_sync] Syncing VDMA buffer: handle=6, direction=TO_DEVICE, offset=4470352, count=24176
[2026-01-20 16:08:40.004] [358979] [HailoRT] [info] [hailort_driver.cpp:649] [descriptors_list_program] Programming descriptor list: desc_handle=53248, buffer_handle=6, buffer_size=226496, buffer_offset=0, channel_index=0, starting_desc=8336
[2026-01-20 16:08:40.004] [358979] [HailoRT] [info] [config_buffer.cpp:171] [program_descriptors] ConfigBuffer::program_descriptors: Channel 0:0. Programming 443 descriptors. Offset: 226496
[2026-01-20 16:08:40.004] [358979] [HailoRT] [info] [context_switch_actions.cpp:251] [write_to_config_buffer] WriteDataCcwAction: Writing Config Data. Total Size: 21816 bytes. Stream Index: 0
[2026-01-20 16:08:40.004] [358979] [HailoRT] [info] [hailort_driver.cpp:617] [vdma_buffer_sync] Syncing VDMA buffer: handle=6, direction=TO_DEVICE, offset=4494848, count=4400
[2026-01-20 16:08:40.004] [358979] [HailoRT] [info] [hailort_driver.cpp:617] [vdma_buffer_sync] Syncing VDMA buffer: handle=6, direction=TO_DEVICE, offset=4499248, count=8648
[2026-01-20 16:08:40.004] [358979] [HailoRT] [info] [hailort_driver.cpp:617] [vdma_buffer_sync] Syncing VDMA buffer: handle=6, direction=TO_DEVICE, offset=4507896, count=8768
[2026-01-20 16:08:40.004] [358979] [HailoRT] [info] [hailort_driver.cpp:649] [descriptors_list_program] Programming descriptor list: desc_handle=53248, buffer_handle=6, buffer_size=21816, buffer_offset=0, channel_index=0, starting_desc=8779
[2026-01-20 16:08:40.004] [358979] [HailoRT] [info] [config_buffer.cpp:171] [program_descriptors] ConfigBuffer::program_descriptors: Channel 0:0. Programming 43 descriptors. Offset: 21816
[2026-01-20 16:08:40.004] [358979] [HailoRT] [info] [context_switch_actions.cpp:251] [write_to_config_buffer] WriteDataCcwAction: Writing Config Data. Total Size: 25320 bytes. Stream Index: 1
[2026-01-20 16:08:40.005] [358979] [HailoRT] [info] [hailort_driver.cpp:617] [vdma_buffer_sync] Syncing VDMA buffer: handle=7, direction=TO_DEVICE, offset=3265536, count=25320
[2026-01-20 16:08:40.005] [358979] [HailoRT] [info] [hailort_driver.cpp:649] [descriptors_list_program] Programming descriptor list: desc_handle=57344, buffer_handle=7, buffer_size=25320, buffer_offset=0, channel_index=1, starting_desc=6378
[2026-01-20 16:08:40.005] [358979] [HailoRT] [info] [config_buffer.cpp:171] [program_descriptors] ConfigBuffer::program_descriptors: Channel 0:1. Programming 50 descriptors. Offset: 25320
[2026-01-20 16:08:40.005] [358979] [HailoRT] [info] [context_switch_actions.cpp:251] [write_to_config_buffer] WriteDataCcwAction: Writing Config Data. Total Size: 204224 bytes. Stream Index: 1
[2026-01-20 16:08:40.005] [358979] [HailoRT] [info] [hailort_driver.cpp:617] [vdma_buffer_sync] Syncing VDMA buffer: handle=7, direction=TO_DEVICE, offset=3291136, count=22976
[2026-01-20 16:08:40.005] [358979] [HailoRT] [info] [hailort_driver.cpp:617] [vdma_buffer_sync] Syncing VDMA buffer: handle=7, direction=TO_DEVICE, offset=3314112, count=23016
[2026-01-20 16:08:40.005] [358979] [HailoRT] [info] [hailort_driver.cpp:617] [vdma_buffer_sync] Syncing VDMA buffer: handle=7, direction=TO_DEVICE, offset=3337128, count=22264
[2026-01-20 16:08:40.005] [358979] [HailoRT] [info] [hailort_driver.cpp:617] [vdma_buffer_sync] Syncing VDMA buffer: handle=7, direction=TO_DEVICE, offset=3359392, count=22440
[2026-01-20 16:08:40.005] [358979] [HailoRT] [info] [hailort_driver.cpp:617] [vdma_buffer_sync] Syncing VDMA buffer: handle=7, direction=TO_DEVICE, offset=3381832, count=22432
[2026-01-20 16:08:40.005] [358979] [HailoRT] [info] [hailort_driver.cpp:617] [vdma_buffer_sync] Syncing VDMA buffer: handle=7, direction=TO_DEVICE, offset=3404264, count=22960
[2026-01-20 16:08:40.005] [358979] [HailoRT] [info] [hailort_driver.cpp:617] [vdma_buffer_sync] Syncing VDMA buffer: handle=7, direction=TO_DEVICE, offset=3427224, count=22856
[2026-01-20 16:08:40.005] [358979] [HailoRT] [info] [hailort_driver.cpp:617] [vdma_buffer_sync] Syncing VDMA buffer: handle=7, direction=TO_DEVICE, offset=3450080, count=22688
[2026-01-20 16:08:40.005] [358979] [HailoRT] [info] [hailort_driver.cpp:617] [vdma_buffer_sync] Syncing VDMA buffer: handle=7, direction=TO_DEVICE, offset=3472768, count=22592
[2026-01-20 16:08:40.005] [358979] [HailoRT] [info] [hailort_driver.cpp:649] [descriptors_list_program] Programming descriptor list: desc_handle=57344, buffer_handle=7, buffer_size=204224, buffer_offset=0, channel_index=1, starting_desc=6428
[2026-01-20 16:08:40.005] [358979] [HailoRT] [info] [config_buffer.cpp:171] [program_descriptors] ConfigBuffer::program_descriptors: Channel 0:1. Programming 399 descriptors. Offset: 204224
[2026-01-20 16:08:40.005] [358979] [HailoRT] [info] [context_switch_actions.cpp:251] [write_to_config_buffer] WriteDataCcwAction: Writing Config Data. Total Size: 136000 bytes. Stream Index: 1
[2026-01-20 16:08:40.005] [358979] [HailoRT] [info] [hailort_driver.cpp:617] [vdma_buffer_sync] Syncing VDMA buffer: handle=7, direction=TO_DEVICE, offset=3495424, count=22752
[2026-01-20 16:08:40.005] [358979] [HailoRT] [info] [hailort_driver.cpp:617] [vdma_buffer_sync] Syncing VDMA buffer: handle=7, direction=TO_DEVICE, offset=3518176, count=22576
[2026-01-20 16:08:40.005] [358979] [HailoRT] [info] [hailort_driver.cpp:617] [vdma_buffer_sync] Syncing VDMA buffer: handle=7, direction=TO_DEVICE, offset=3540752, count=22664
[2026-01-20 16:08:40.005] [358979] [HailoRT] [info] [hailort_driver.cpp:617] [vdma_buffer_sync] Syncing VDMA buffer: handle=7, direction=TO_DEVICE, offset=3563416, count=22784
[2026-01-20 16:08:40.005] [358979] [HailoRT] [info] [hailort_driver.cpp:617] [vdma_buffer_sync] Syncing VDMA buffer: handle=7, direction=TO_DEVICE, offset=3586200, count=22576
[2026-01-20 16:08:40.005] [358979] [HailoRT] [info] [hailort_driver.cpp:617] [vdma_buffer_sync] Syncing VDMA buffer: handle=7, direction=TO_DEVICE, offset=3608776, count=22648
[2026-01-20 16:08:40.005] [358979] [HailoRT] [info] [hailort_driver.cpp:649] [descriptors_list_program] Programming descriptor list: desc_handle=57344, buffer_handle=7, buffer_size=136000, buffer_offset=0, channel_index=1, starting_desc=6827
[2026-01-20 16:08:40.005] [358979] [HailoRT] [info] [config_buffer.cpp:171] [program_descriptors] ConfigBuffer::program_descriptors: Channel 0:1. Programming 266 descriptors. Offset: 136000
[2026-01-20 16:08:40.005] [358979] [HailoRT] [info] [context_switch_actions.cpp:251] [write_to_config_buffer] WriteDataCcwAction: Writing Config Data. Total Size: 113640 bytes. Stream Index: 1
[2026-01-20 16:08:40.005] [358979] [HailoRT] [info] [hailort_driver.cpp:617] [vdma_buffer_sync] Syncing VDMA buffer: handle=7, direction=TO_DEVICE, offset=3631616, count=22736
[2026-01-20 16:08:40.005] [358979] [HailoRT] [info] [hailort_driver.cpp:617] [vdma_buffer_sync] Syncing VDMA buffer: handle=7, direction=TO_DEVICE, offset=3654352, count=22880
[2026-01-20 16:08:40.005] [358979] [HailoRT] [info] [hailort_driver.cpp:617] [vdma_buffer_sync] Syncing VDMA buffer: handle=7, direction=TO_DEVICE, offset=3677232, count=22864
[2026-01-20 16:08:40.005] [358979] [HailoRT] [info] [hailort_driver.cpp:617] [vdma_buffer_sync] Syncing VDMA buffer: handle=7, direction=TO_DEVICE, offset=3700096, count=22472
[2026-01-20 16:08:40.005] [358979] [HailoRT] [info] [hailort_driver.cpp:617] [vdma_buffer_sync] Syncing VDMA buffer: handle=7, direction=TO_DEVICE, offset=3722568, count=22688
[2026-01-20 16:08:40.005] [358979] [HailoRT] [info] [hailort_driver.cpp:649] [descriptors_list_program] Programming descriptor list: desc_handle=57344, buffer_handle=7, buffer_size=113640, buffer_offset=0, channel_index=1, starting_desc=7093
[2026-01-20 16:08:40.005] [358979] [HailoRT] [info] [config_buffer.cpp:171] [program_descriptors] ConfigBuffer::program_descriptors: Channel 0:1. Programming 222 descriptors. Offset: 113640
[2026-01-20 16:08:40.005] [358979] [HailoRT] [info] [context_switch_actions.cpp:251] [write_to_config_buffer] WriteDataCcwAction: Writing Config Data. Total Size: 180760 bytes. Stream Index: 1
[2026-01-20 16:08:40.005] [358979] [HailoRT] [info] [hailort_driver.cpp:617] [vdma_buffer_sync] Syncing VDMA buffer: handle=7, direction=TO_DEVICE, offset=3745280, count=22536
[2026-01-20 16:08:40.005] [358979] [HailoRT] [info] [hailort_driver.cpp:617] [vdma_buffer_sync] Syncing VDMA buffer: handle=7, direction=TO_DEVICE, offset=3767816, count=22384
[2026-01-20 16:08:40.005] [358979] [HailoRT] [info] [hailort_driver.cpp:617] [vdma_buffer_sync] Syncing VDMA buffer: handle=7, direction=TO_DEVICE, offset=3790200, count=22504
[2026-01-20 16:08:40.005] [358979] [HailoRT] [info] [hailort_driver.cpp:617] [vdma_buffer_sync] Syncing VDMA buffer: handle=7, direction=TO_DEVICE, offset=3812704, count=22944
[2026-01-20 16:08:40.005] [358979] [HailoRT] [info] [hailort_driver.cpp:617] [vdma_buffer_sync] Syncing VDMA buffer: handle=7, direction=TO_DEVICE, offset=3835648, count=22096
[2026-01-20 16:08:40.005] [358979] [HailoRT] [info] [hailort_driver.cpp:617] [vdma_buffer_sync] Syncing VDMA buffer: handle=7, direction=TO_DEVICE, offset=3857744, count=22824
[2026-01-20 16:08:40.005] [358979] [HailoRT] [info] [hailort_driver.cpp:617] [vdma_buffer_sync] Syncing VDMA buffer: handle=7, direction=TO_DEVICE, offset=3880568, count=22784
[2026-01-20 16:08:40.005] [358979] [HailoRT] [info] [hailort_driver.cpp:617] [vdma_buffer_sync] Syncing VDMA buffer: handle=7, direction=TO_DEVICE, offset=3903352, count=22688
[2026-01-20 16:08:40.005] [358979] [HailoRT] [info] [hailort_driver.cpp:649] [descriptors_list_program] Programming descriptor list: desc_handle=57344, buffer_handle=7, buffer_size=180760, buffer_offset=0, channel_index=1, starting_desc=7315
[2026-01-20 16:08:40.005] [358979] [HailoRT] [info] [config_buffer.cpp:171] [program_descriptors] ConfigBuffer::program_descriptors: Channel 0:1. Programming 354 descriptors. Offset: 180760
[2026-01-20 16:08:40.005] [358979] [HailoRT] [info] [context_switch_actions.cpp:251] [write_to_config_buffer] WriteDataCcwAction: Writing Config Data. Total Size: 27104 bytes. Stream Index: 1
[2026-01-20 16:08:40.005] [358979] [HailoRT] [info] [hailort_driver.cpp:617] [vdma_buffer_sync] Syncing VDMA buffer: handle=7, direction=TO_DEVICE, offset=3926528, count=27104
[2026-01-20 16:08:40.005] [358979] [HailoRT] [info] [hailort_driver.cpp:649] [descriptors_list_program] Programming descriptor list: desc_handle=57344, buffer_handle=7, buffer_size=27104, buffer_offset=0, channel_index=1, starting_desc=7669
[2026-01-20 16:08:40.005] [358979] [HailoRT] [info] [config_buffer.cpp:171] [program_descriptors] ConfigBuffer::program_descriptors: Channel 0:1. Programming 53 descriptors. Offset: 27104
[2026-01-20 16:08:40.005] [358979] [HailoRT] [info] [context_switch_actions.cpp:251] [write_to_config_buffer] WriteDataCcwAction: Writing Config Data. Total Size: 2488 bytes. Stream Index: 1
[2026-01-20 16:08:40.005] [358979] [HailoRT] [info] [hailort_driver.cpp:617] [vdma_buffer_sync] Syncing VDMA buffer: handle=7, direction=TO_DEVICE, offset=3953664, count=2488
[2026-01-20 16:08:40.005] [358979] [HailoRT] [info] [hailort_driver.cpp:649] [descriptors_list_program] Programming descriptor list: desc_handle=57344, buffer_handle=7, buffer_size=2488, buffer_offset=0, channel_index=1, starting_desc=7722
[2026-01-20 16:08:40.005] [358979] [HailoRT] [info] [config_buffer.cpp:171] [program_descriptors] ConfigBuffer::program_descriptors: Channel 0:1. Programming 5 descriptors. Offset: 2488
[2026-01-20 16:08:40.005] [358979] [HailoRT] [info] [context_switch_actions.cpp:251] [write_to_config_buffer] WriteDataCcwAction: Writing Config Data. Total Size: 25840 bytes. Stream Index: 1
[2026-01-20 16:08:40.005] [358979] [HailoRT] [info] [hailort_driver.cpp:617] [vdma_buffer_sync] Syncing VDMA buffer: handle=7, direction=TO_DEVICE, offset=3956224, count=25840
[2026-01-20 16:08:40.005] [358979] [HailoRT] [info] [hailort_driver.cpp:649] [descriptors_list_program] Programming descriptor list: desc_handle=57344, buffer_handle=7, buffer_size=25840, buffer_offset=0, channel_index=1, starting_desc=7727
[2026-01-20 16:08:40.005] [358979] [HailoRT] [info] [config_buffer.cpp:171] [program_descriptors] ConfigBuffer::program_descriptors: Channel 0:1. Programming 51 descriptors. Offset: 25840
[2026-01-20 16:08:40.005] [358979] [HailoRT] [info] [context_switch_actions.cpp:251] [write_to_config_buffer] WriteDataCcwAction: Writing Config Data. Total Size: 9496 bytes. Stream Index: 1
[2026-01-20 16:08:40.005] [358979] [HailoRT] [info] [hailort_driver.cpp:617] [vdma_buffer_sync] Syncing VDMA buffer: handle=7, direction=TO_DEVICE, offset=3982336, count=9496
[2026-01-20 16:08:40.005] [358979] [HailoRT] [info] [hailort_driver.cpp:649] [descriptors_list_program] Programming descriptor list: desc_handle=57344, buffer_handle=7, buffer_size=9496, buffer_offset=0, channel_index=1, starting_desc=7778
[2026-01-20 16:08:40.005] [358979] [HailoRT] [info] [config_buffer.cpp:171] [program_descriptors] ConfigBuffer::program_descriptors: Channel 0:1. Programming 19 descriptors. Offset: 9496
[2026-01-20 16:08:40.005] [358979] [HailoRT] [info] [context_switch_actions.cpp:251] [write_to_config_buffer] WriteDataCcwAction: Writing Config Data. Total Size: 27296 bytes. Stream Index: 1
[2026-01-20 16:08:40.005] [358979] [HailoRT] [info] [hailort_driver.cpp:617] [vdma_buffer_sync] Syncing VDMA buffer: handle=7, direction=TO_DEVICE, offset=3992064, count=2352
[2026-01-20 16:08:40.005] [358979] [HailoRT] [info] [hailort_driver.cpp:617] [vdma_buffer_sync] Syncing VDMA buffer: handle=7, direction=TO_DEVICE, offset=3994416, count=24944
[2026-01-20 16:08:40.005] [358979] [HailoRT] [info] [hailort_driver.cpp:649] [descriptors_list_program] Programming descriptor list: desc_handle=57344, buffer_handle=7, buffer_size=27296, buffer_offset=0, channel_index=1, starting_desc=7797
[2026-01-20 16:08:40.005] [358979] [HailoRT] [info] [config_buffer.cpp:171] [program_descriptors] ConfigBuffer::program_descriptors: Channel 0:1. Programming 54 descriptors. Offset: 27296
[2026-01-20 16:08:40.005] [358979] [HailoRT] [info] [context_switch_actions.cpp:251] [write_to_config_buffer] WriteDataCcwAction: Writing Config Data. Total Size: 678512 bytes. Stream Index: 1
[2026-01-20 16:08:40.006] [358979] [HailoRT] [info] [hailort_driver.cpp:617] [vdma_buffer_sync] Syncing VDMA buffer: handle=7, direction=TO_DEVICE, offset=4019712, count=24120
[2026-01-20 16:08:40.006] [358979] [HailoRT] [info] [hailort_driver.cpp:617] [vdma_buffer_sync] Syncing VDMA buffer: handle=7, direction=TO_DEVICE, offset=4043832, count=24160
[2026-01-20 16:08:40.006] [358979] [HailoRT] [info] [hailort_driver.cpp:617] [vdma_buffer_sync] Syncing VDMA buffer: handle=7, direction=TO_DEVICE, offset=4067992, count=23848
[2026-01-20 16:08:40.006] [358979] [HailoRT] [info] [hailort_driver.cpp:617] [vdma_buffer_sync] Syncing VDMA buffer: handle=7, direction=TO_DEVICE, offset=4091840, count=23864
[2026-01-20 16:08:40.006] [358979] [HailoRT] [info] [hailort_driver.cpp:617] [vdma_buffer_sync] Syncing VDMA buffer: handle=7, direction=TO_DEVICE, offset=4115704, count=24696
[2026-01-20 16:08:40.006] [358979] [HailoRT] [info] [hailort_driver.cpp:617] [vdma_buffer_sync] Syncing VDMA buffer: handle=7, direction=TO_DEVICE, offset=4140400, count=25496
[2026-01-20 16:08:40.006] [358979] [HailoRT] [info] [hailort_driver.cpp:617] [vdma_buffer_sync] Syncing VDMA buffer: handle=7, direction=TO_DEVICE, offset=4165896, count=25744
[2026-01-20 16:08:40.006] [358979] [HailoRT] [info] [hailort_driver.cpp:617] [vdma_buffer_sync] Syncing VDMA buffer: handle=7, direction=TO_DEVICE, offset=4191640, count=26336
[2026-01-20 16:08:40.006] [358979] [HailoRT] [info] [hailort_driver.cpp:617] [vdma_buffer_sync] Syncing VDMA buffer: handle=7, direction=TO_DEVICE, offset=4217976, count=26400
[2026-01-20 16:08:40.006] [358979] [HailoRT] [info] [hailort_driver.cpp:617] [vdma_buffer_sync] Syncing VDMA buffer: handle=7, direction=TO_DEVICE, offset=4244376, count=24696
[2026-01-20 16:08:40.006] [358979] [HailoRT] [info] [hailort_driver.cpp:617] [vdma_buffer_sync] Syncing VDMA buffer: handle=7, direction=TO_DEVICE, offset=4269072, count=23672
[2026-01-20 16:08:40.006] [358979] [HailoRT] [info] [hailort_driver.cpp:617] [vdma_buffer_sync] Syncing VDMA buffer: handle=7, direction=TO_DEVICE, offset=4292744, count=23696
[2026-01-20 16:08:40.006] [358979] [HailoRT] [info] [hailort_driver.cpp:617] [vdma_buffer_sync] Syncing VDMA buffer: handle=7, direction=TO_DEVICE, offset=4316440, count=25096
[2026-01-20 16:08:40.006] [358979] [HailoRT] [info] [hailort_driver.cpp:617] [vdma_buffer_sync] Syncing VDMA buffer: handle=7, direction=TO_DEVICE, offset=4341536, count=25840
[2026-01-20 16:08:40.006] [358979] [HailoRT] [info] [hailort_driver.cpp:617] [vdma_buffer_sync] Syncing VDMA buffer: handle=7, direction=TO_DEVICE, offset=4367376, count=25472
[2026-01-20 16:08:40.006] [358979] [HailoRT] [info] [hailort_driver.cpp:617] [vdma_buffer_sync] Syncing VDMA buffer: handle=7, direction=TO_DEVICE, offset=4392848, count=25072
[2026-01-20 16:08:40.006] [358979] [HailoRT] [info] [hailort_driver.cpp:617] [vdma_buffer_sync] Syncing VDMA buffer: handle=7, direction=TO_DEVICE, offset=4417920, count=25072
[2026-01-20 16:08:40.006] [358979] [HailoRT] [info] [hailort_driver.cpp:617] [vdma_buffer_sync] Syncing VDMA buffer: handle=7, direction=TO_DEVICE, offset=4442992, count=24688
[2026-01-20 16:08:40.006] [358979] [HailoRT] [info] [hailort_driver.cpp:617] [vdma_buffer_sync] Syncing VDMA buffer: handle=7, direction=TO_DEVICE, offset=4467680, count=24856
[2026-01-20 16:08:40.006] [358979] [HailoRT] [info] [hailort_driver.cpp:617] [vdma_buffer_sync] Syncing VDMA buffer: handle=7, direction=TO_DEVICE, offset=4492536, count=26688
[2026-01-20 16:08:40.006] [358979] [HailoRT] [info] [hailort_driver.cpp:617] [vdma_buffer_sync] Syncing VDMA buffer: handle=7, direction=TO_DEVICE, offset=4519224, count=26800
[2026-01-20 16:08:40.006] [358979] [HailoRT] [info] [hailort_driver.cpp:617] [vdma_buffer_sync] Syncing VDMA buffer: handle=7, direction=TO_DEVICE, offset=4546024, count=25552
[2026-01-20 16:08:40.006] [358979] [HailoRT] [info] [hailort_driver.cpp:617] [vdma_buffer_sync] Syncing VDMA buffer: handle=7, direction=TO_DEVICE, offset=4571576, count=25376
[2026-01-20 16:08:40.006] [358979] [HailoRT] [info] [hailort_driver.cpp:617] [vdma_buffer_sync] Syncing VDMA buffer: handle=7, direction=TO_DEVICE, offset=4596952, count=25280
[2026-01-20 16:08:40.006] [358979] [HailoRT] [info] [hailort_driver.cpp:617] [vdma_buffer_sync] Syncing VDMA buffer: handle=7, direction=TO_DEVICE, offset=4622232, count=25040
[2026-01-20 16:08:40.006] [358979] [HailoRT] [info] [hailort_driver.cpp:617] [vdma_buffer_sync] Syncing VDMA buffer: handle=7, direction=TO_DEVICE, offset=4647272, count=25256
[2026-01-20 16:08:40.006] [358979] [HailoRT] [info] [hailort_driver.cpp:617] [vdma_buffer_sync] Syncing VDMA buffer: handle=7, direction=TO_DEVICE, offset=4672528, count=25696
[2026-01-20 16:08:40.006] [358979] [HailoRT] [info] [hailort_driver.cpp:649] [descriptors_list_program] Programming descriptor list: desc_handle=57344, buffer_handle=7, buffer_size=678512, buffer_offset=0, channel_index=1, starting_desc=7851
[2026-01-20 16:08:40.006] [358979] [HailoRT] [info] [config_buffer.cpp:171] [program_descriptors] ConfigBuffer::program_descriptors: Channel 0:1. Programming 1326 descriptors. Offset: 678512
[2026-01-20 16:08:40.006] [358979] [HailoRT] [info] [context_switch_actions.cpp:251] [write_to_config_buffer] WriteDataCcwAction: Writing Config Data. Total Size: 332552 bytes. Stream Index: 0
[2026-01-20 16:08:40.006] [358979] [HailoRT] [info] [hailort_driver.cpp:617] [vdma_buffer_sync] Syncing VDMA buffer: handle=6, direction=TO_DEVICE, offset=4516864, count=3888
[2026-01-20 16:08:40.006] [358979] [HailoRT] [info] [hailort_driver.cpp:617] [vdma_buffer_sync] Syncing VDMA buffer: handle=6, direction=TO_DEVICE, offset=4520752, count=2440
[2026-01-20 16:08:40.006] [358979] [HailoRT] [info] [hailort_driver.cpp:617] [vdma_buffer_sync] Syncing VDMA buffer: handle=6, direction=TO_DEVICE, offset=4523192, count=25576
[2026-01-20 16:08:40.006] [358979] [HailoRT] [info] [hailort_driver.cpp:617] [vdma_buffer_sync] Syncing VDMA buffer: handle=6, direction=TO_DEVICE, offset=4548768, count=26760
[2026-01-20 16:08:40.006] [358979] [HailoRT] [info] [hailort_driver.cpp:617] [vdma_buffer_sync] Syncing VDMA buffer: handle=6, direction=TO_DEVICE, offset=4575528, count=6648
[2026-01-20 16:08:40.006] [358979] [HailoRT] [info] [hailort_driver.cpp:617] [vdma_buffer_sync] Syncing VDMA buffer: handle=6, direction=TO_DEVICE, offset=4582176, count=26992
[2026-01-20 16:08:40.006] [358979] [HailoRT] [info] [hailort_driver.cpp:617] [vdma_buffer_sync] Syncing VDMA buffer: handle=6, direction=TO_DEVICE, offset=4609168, count=26824
[2026-01-20 16:08:40.006] [358979] [HailoRT] [info] [hailort_driver.cpp:617] [vdma_buffer_sync] Syncing VDMA buffer: handle=6, direction=TO_DEVICE, offset=4635992, count=6656
[2026-01-20 16:08:40.006] [358979] [HailoRT] [info] [hailort_driver.cpp:617] [vdma_buffer_sync] Syncing VDMA buffer: handle=6, direction=TO_DEVICE, offset=4642648, count=26960
[2026-01-20 16:08:40.006] [358979] [HailoRT] [info] [hailort_driver.cpp:617] [vdma_buffer_sync] Syncing VDMA buffer: handle=6, direction=TO_DEVICE, offset=4669608, count=26312
[2026-01-20 16:08:40.006] [358979] [HailoRT] [info] [hailort_driver.cpp:617] [vdma_buffer_sync] Syncing VDMA buffer: handle=6, direction=TO_DEVICE, offset=4695920, count=6528
[2026-01-20 16:08:40.006] [358979] [HailoRT] [info] [hailort_driver.cpp:617] [vdma_buffer_sync] Syncing VDMA buffer: handle=6, direction=TO_DEVICE, offset=4702448, count=26056
[2026-01-20 16:08:40.006] [358979] [HailoRT] [info] [hailort_driver.cpp:617] [vdma_buffer_sync] Syncing VDMA buffer: handle=6, direction=TO_DEVICE, offset=4728504, count=26416
[2026-01-20 16:08:40.007] [358979] [HailoRT] [info] [hailort_driver.cpp:617] [vdma_buffer_sync] Syncing VDMA buffer: handle=6, direction=TO_DEVICE, offset=4754920, count=6568
[2026-01-20 16:08:40.007] [358979] [HailoRT] [info] [hailort_driver.cpp:617] [vdma_buffer_sync] Syncing VDMA buffer: handle=6, direction=TO_DEVICE, offset=4761488, count=27448
[2026-01-20 16:08:40.007] [358979] [HailoRT] [info] [hailort_driver.cpp:617] [vdma_buffer_sync] Syncing VDMA buffer: handle=6, direction=TO_DEVICE, offset=4788936, count=27336
[2026-01-20 16:08:40.007] [358979] [HailoRT] [info] [hailort_driver.cpp:617] [vdma_buffer_sync] Syncing VDMA buffer: handle=6, direction=TO_DEVICE, offset=4816272, count=6704
[2026-01-20 16:08:40.007] [358979] [HailoRT] [info] [hailort_driver.cpp:617] [vdma_buffer_sync] Syncing VDMA buffer: handle=6, direction=TO_DEVICE, offset=4822976, count=26440
[2026-01-20 16:08:40.007] [358979] [HailoRT] [info] [hailort_driver.cpp:649] [descriptors_list_program] Programming descriptor list: desc_handle=53248, buffer_handle=6, buffer_size=332552, buffer_offset=0, channel_index=0, starting_desc=8822
[2026-01-20 16:08:40.007] [358979] [HailoRT] [info] [config_buffer.cpp:171] [program_descriptors] ConfigBuffer::program_descriptors: Channel 0:0. Programming 650 descriptors. Offset: 332552
[2026-01-20 16:08:40.007] [358979] [HailoRT] [info] [context_switch_actions.cpp:251] [write_to_config_buffer] WriteDataCcwAction: Writing Config Data. Total Size: 15496 bytes. Stream Index: 0
[2026-01-20 16:08:40.007] [358979] [HailoRT] [info] [hailort_driver.cpp:617] [vdma_buffer_sync] Syncing VDMA buffer: handle=6, direction=TO_DEVICE, offset=4849664, count=15496
[2026-01-20 16:08:40.007] [358979] [HailoRT] [info] [hailort_driver.cpp:649] [descriptors_list_program] Programming descriptor list: desc_handle=53248, buffer_handle=6, buffer_size=15496, buffer_offset=0, channel_index=0, starting_desc=9472
[2026-01-20 16:08:40.007] [358979] [HailoRT] [info] [config_buffer.cpp:171] [program_descriptors] ConfigBuffer::program_descriptors: Channel 0:0. Programming 31 descriptors. Offset: 15496
[2026-01-20 16:08:40.007] [358979] [HailoRT] [info] [context_switch_actions.cpp:251] [write_to_config_buffer] WriteDataCcwAction: Writing Config Data. Total Size: 230112 bytes. Stream Index: 0
[2026-01-20 16:08:40.007] [358979] [HailoRT] [info] [hailort_driver.cpp:617] [vdma_buffer_sync] Syncing VDMA buffer: handle=6, direction=TO_DEVICE, offset=4865536, count=12960
[2026-01-20 16:08:40.007] [358979] [HailoRT] [info] [hailort_driver.cpp:617] [vdma_buffer_sync] Syncing VDMA buffer: handle=6, direction=TO_DEVICE, offset=4878496, count=18208
[2026-01-20 16:08:40.007] [358979] [HailoRT] [info] [hailort_driver.cpp:617] [vdma_buffer_sync] Syncing VDMA buffer: handle=6, direction=TO_DEVICE, offset=4896704, count=20360
[2026-01-20 16:08:40.007] [358979] [HailoRT] [info] [hailort_driver.cpp:617] [vdma_buffer_sync] Syncing VDMA buffer: handle=6, direction=TO_DEVICE, offset=4917064, count=21448
[2026-01-20 16:08:40.007] [358979] [HailoRT] [info] [hailort_driver.cpp:617] [vdma_buffer_sync] Syncing VDMA buffer: handle=6, direction=TO_DEVICE, offset=4938512, count=22240
[2026-01-20 16:08:40.007] [358979] [HailoRT] [info] [hailort_driver.cpp:617] [vdma_buffer_sync] Syncing VDMA buffer: handle=6, direction=TO_DEVICE, offset=4960752, count=25976
[2026-01-20 16:08:40.007] [358979] [HailoRT] [info] [hailort_driver.cpp:617] [vdma_buffer_sync] Syncing VDMA buffer: handle=6, direction=TO_DEVICE, offset=4986728, count=25576
[2026-01-20 16:08:40.007] [358979] [HailoRT] [info] [hailort_driver.cpp:617] [vdma_buffer_sync] Syncing VDMA buffer: handle=6, direction=TO_DEVICE, offset=5012304, count=20448
[2026-01-20 16:08:40.007] [358979] [HailoRT] [info] [hailort_driver.cpp:617] [vdma_buffer_sync] Syncing VDMA buffer: handle=6, direction=TO_DEVICE, offset=5032752, count=20088
[2026-01-20 16:08:40.007] [358979] [HailoRT] [info] [hailort_driver.cpp:617] [vdma_buffer_sync] Syncing VDMA buffer: handle=6, direction=TO_DEVICE, offset=5052840, count=6640
[2026-01-20 16:08:40.007] [358979] [HailoRT] [info] [hailort_driver.cpp:617] [vdma_buffer_sync] Syncing VDMA buffer: handle=6, direction=TO_DEVICE, offset=5059480, count=25600
[2026-01-20 16:08:40.007] [358979] [HailoRT] [info] [hailort_driver.cpp:617] [vdma_buffer_sync] Syncing VDMA buffer: handle=6, direction=TO_DEVICE, offset=5085080, count=4080
[2026-01-20 16:08:40.007] [358979] [HailoRT] [info] [hailort_driver.cpp:617] [vdma_buffer_sync] Syncing VDMA buffer: handle=6, direction=TO_DEVICE, offset=5089160, count=6488
[2026-01-20 16:08:40.007] [358979] [HailoRT] [info] [hailort_driver.cpp:649] [descriptors_list_program] Programming descriptor list: desc_handle=53248, buffer_handle=6, buffer_size=230112, buffer_offset=0, channel_index=0, starting_desc=9503
[2026-01-20 16:08:40.007] [358979] [HailoRT] [info] [config_buffer.cpp:171] [program_descriptors] ConfigBuffer::program_descriptors: Channel 0:0. Programming 450 descriptors. Offset: 230112
[2026-01-20 16:08:40.007] [358979] [HailoRT] [info] [context_switch_actions.cpp:251] [write_to_config_buffer] WriteDataCcwAction: Writing Config Data. Total Size: 270864 bytes. Stream Index: 1
[2026-01-20 16:08:40.007] [358979] [HailoRT] [info] [hailort_driver.cpp:617] [vdma_buffer_sync] Syncing VDMA buffer: handle=7, direction=TO_DEVICE, offset=4698624, count=25192
[2026-01-20 16:08:40.007] [358979] [HailoRT] [info] [hailort_driver.cpp:617] [vdma_buffer_sync] Syncing VDMA buffer: handle=7, direction=TO_DEVICE, offset=4723816, count=23464
[2026-01-20 16:08:40.007] [358979] [HailoRT] [info] [hailort_driver.cpp:617] [vdma_buffer_sync] Syncing VDMA buffer: handle=7, direction=TO_DEVICE, offset=4747280, count=18400
[2026-01-20 16:08:40.007] [358979] [HailoRT] [info] [hailort_driver.cpp:617] [vdma_buffer_sync] Syncing VDMA buffer: handle=7, direction=TO_DEVICE, offset=4765680, count=25024
[2026-01-20 16:08:40.007] [358979] [HailoRT] [info] [hailort_driver.cpp:617] [vdma_buffer_sync] Syncing VDMA buffer: handle=7, direction=TO_DEVICE, offset=4790704, count=25112
[2026-01-20 16:08:40.007] [358979] [HailoRT] [info] [hailort_driver.cpp:617] [vdma_buffer_sync] Syncing VDMA buffer: handle=7, direction=TO_DEVICE, offset=4815816, count=25512
[2026-01-20 16:08:40.007] [358979] [HailoRT] [info] [hailort_driver.cpp:617] [vdma_buffer_sync] Syncing VDMA buffer: handle=7, direction=TO_DEVICE, offset=4841328, count=14136
[2026-01-20 16:08:40.007] [358979] [HailoRT] [info] [hailort_driver.cpp:617] [vdma_buffer_sync] Syncing VDMA buffer: handle=7, direction=TO_DEVICE, offset=4855464, count=7112
[2026-01-20 16:08:40.007] [358979] [HailoRT] [info] [hailort_driver.cpp:617] [vdma_buffer_sync] Syncing VDMA buffer: handle=7, direction=TO_DEVICE, offset=4862576, count=7160
[2026-01-20 16:08:40.007] [358979] [HailoRT] [info] [hailort_driver.cpp:617] [vdma_buffer_sync] Syncing VDMA buffer: handle=7, direction=TO_DEVICE, offset=4869736, count=6720
[2026-01-20 16:08:40.007] [358979] [HailoRT] [info] [hailort_driver.cpp:617] [vdma_buffer_sync] Syncing VDMA buffer: handle=7, direction=TO_DEVICE, offset=4876456, count=22192
[2026-01-20 16:08:40.007] [358979] [HailoRT] [info] [hailort_driver.cpp:617] [vdma_buffer_sync] Syncing VDMA buffer: handle=7, direction=TO_DEVICE, offset=4898648, count=9648
[2026-01-20 16:08:40.007] [358979] [HailoRT] [info] [hailort_driver.cpp:617] [vdma_buffer_sync] Syncing VDMA buffer: handle=7, direction=TO_DEVICE, offset=4908296, count=9920
[2026-01-20 16:08:40.007] [358979] [HailoRT] [info] [hailort_driver.cpp:617] [vdma_buffer_sync] Syncing VDMA buffer: handle=7, direction=TO_DEVICE, offset=4918216, count=25680
[2026-01-20 16:08:40.007] [358979] [HailoRT] [info] [hailort_driver.cpp:617] [vdma_buffer_sync] Syncing VDMA buffer: handle=7, direction=TO_DEVICE, offset=4943896, count=25592
[2026-01-20 16:08:40.007] [358979] [HailoRT] [info] [hailort_driver.cpp:649] [descriptors_list_program] Programming descriptor list: desc_handle=57344, buffer_handle=7, buffer_size=270864, buffer_offset=0, channel_index=1, starting_desc=9177
[2026-01-20 16:08:40.007] [358979] [HailoRT] [info] [config_buffer.cpp:171] [program_descriptors] ConfigBuffer::program_descriptors: Channel 0:1. Programming 530 descriptors. Offset: 270864
[2026-01-20 16:08:40.007] [358979] [HailoRT] [info] [context_switch_actions.cpp:251] [write_to_config_buffer] WriteDataCcwAction: Writing Config Data. Total Size: 34896 bytes. Stream Index: 1
[2026-01-20 16:08:40.007] [358979] [HailoRT] [info] [hailort_driver.cpp:617] [vdma_buffer_sync] Syncing VDMA buffer: handle=7, direction=TO_DEVICE, offset=4969984, count=14976
[2026-01-20 16:08:40.007] [358979] [HailoRT] [info] [hailort_driver.cpp:617] [vdma_buffer_sync] Syncing VDMA buffer: handle=7, direction=TO_DEVICE, offset=4984960, count=19904
[2026-01-20 16:08:40.007] [358979] [HailoRT] [info] [hailort_driver.cpp:617] [vdma_buffer_sync] Syncing VDMA buffer: handle=7, direction=TO_DEVICE, offset=5004864, count=16
[2026-01-20 16:08:40.007] [358979] [HailoRT] [info] [hailort_driver.cpp:649] [descriptors_list_program] Programming descriptor list: desc_handle=57344, buffer_handle=7, buffer_size=34896, buffer_offset=0, channel_index=1, starting_desc=9707
[2026-01-20 16:08:40.007] [358979] [HailoRT] [info] [config_buffer.cpp:171] [program_descriptors] ConfigBuffer::program_descriptors: Channel 0:1. Programming 69 descriptors. Offset: 34896
[2026-01-20 16:08:40.007] [358979] [HailoRT] [info] [context_switch_actions.cpp:251] [write_to_config_buffer] WriteDataCcwAction: Writing Config Data. Total Size: 128312 bytes. Stream Index: 0
[2026-01-20 16:08:40.007] [358979] [HailoRT] [info] [hailort_driver.cpp:617] [vdma_buffer_sync] Syncing VDMA buffer: handle=6, direction=TO_DEVICE, offset=5095936, count=3952
[2026-01-20 16:08:40.008] [358979] [HailoRT] [info] [hailort_driver.cpp:617] [vdma_buffer_sync] Syncing VDMA buffer: handle=6, direction=TO_DEVICE, offset=5099888, count=2312
[2026-01-20 16:08:40.008] [358979] [HailoRT] [info] [hailort_driver.cpp:617] [vdma_buffer_sync] Syncing VDMA buffer: handle=6, direction=TO_DEVICE, offset=5102200, count=13600
[2026-01-20 16:08:40.008] [358979] [HailoRT] [info] [hailort_driver.cpp:617] [vdma_buffer_sync] Syncing VDMA buffer: handle=6, direction=TO_DEVICE, offset=5115800, count=13576
[2026-01-20 16:08:40.008] [358979] [HailoRT] [info] [hailort_driver.cpp:617] [vdma_buffer_sync] Syncing VDMA buffer: handle=6, direction=TO_DEVICE, offset=5129376, count=13224
[2026-01-20 16:08:40.008] [358979] [HailoRT] [info] [hailort_driver.cpp:617] [vdma_buffer_sync] Syncing VDMA buffer: handle=6, direction=TO_DEVICE, offset=5142600, count=13360
[2026-01-20 16:08:40.008] [358979] [HailoRT] [info] [hailort_driver.cpp:617] [vdma_buffer_sync] Syncing VDMA buffer: handle=6, direction=TO_DEVICE, offset=5155960, count=25984
[2026-01-20 16:08:40.008] [358979] [HailoRT] [info] [hailort_driver.cpp:617] [vdma_buffer_sync] Syncing VDMA buffer: handle=6, direction=TO_DEVICE, offset=5181944, count=18128
[2026-01-20 16:08:40.008] [358979] [HailoRT] [info] [hailort_driver.cpp:617] [vdma_buffer_sync] Syncing VDMA buffer: handle=6, direction=TO_DEVICE, offset=5200072, count=18128
[2026-01-20 16:08:40.008] [358979] [HailoRT] [info] [hailort_driver.cpp:617] [vdma_buffer_sync] Syncing VDMA buffer: handle=6, direction=TO_DEVICE, offset=5218200, count=2440
[2026-01-20 16:08:40.008] [358979] [HailoRT] [info] [hailort_driver.cpp:617] [vdma_buffer_sync] Syncing VDMA buffer: handle=6, direction=TO_DEVICE, offset=5220640, count=312
[2026-01-20 16:08:40.008] [358979] [HailoRT] [info] [hailort_driver.cpp:617] [vdma_buffer_sync] Syncing VDMA buffer: handle=6, direction=TO_DEVICE, offset=5220952, count=2288
[2026-01-20 16:08:40.008] [358979] [HailoRT] [info] [hailort_driver.cpp:617] [vdma_buffer_sync] Syncing VDMA buffer: handle=6, direction=TO_DEVICE, offset=5223240, count=248
[2026-01-20 16:08:40.008] [358979] [HailoRT] [info] [hailort_driver.cpp:617] [vdma_buffer_sync] Syncing VDMA buffer: handle=6, direction=TO_DEVICE, offset=5223488, count=248
[2026-01-20 16:08:40.008] [358979] [HailoRT] [info] [hailort_driver.cpp:617] [vdma_buffer_sync] Syncing VDMA buffer: handle=6, direction=TO_DEVICE, offset=5223736, count=248
[2026-01-20 16:08:40.008] [358979] [HailoRT] [info] [hailort_driver.cpp:617] [vdma_buffer_sync] Syncing VDMA buffer: handle=6, direction=TO_DEVICE, offset=5223984, count=248
[2026-01-20 16:08:40.008] [358979] [HailoRT] [info] [hailort_driver.cpp:617] [vdma_buffer_sync] Syncing VDMA buffer: handle=6, direction=TO_DEVICE, offset=5224232, count=16
[2026-01-20 16:08:40.008] [358979] [HailoRT] [info] [hailort_driver.cpp:649] [descriptors_list_program] Programming descriptor list: desc_handle=53248, buffer_handle=6, buffer_size=128312, buffer_offset=0, channel_index=0, starting_desc=9953
[2026-01-20 16:08:40.008] [358979] [HailoRT] [info] [config_buffer.cpp:171] [program_descriptors] ConfigBuffer::program_descriptors: Channel 0:0. Programming 251 descriptors. Offset: 128312
[2026-01-20 16:08:40.008] [358979] [HailoRT] [info] [hailort_driver.cpp:476] [fw_control] Sending FW Control: opcode=0x00000020 (HAILO_CONTROL_OPCODE_CONTEXT_SWITCH_SET_NETWORK_GROUP_HEADER), len=56, cpu_id=1
[2026-01-20 16:08:40.008] [358979] [HailoRT] [info] [control.cpp:2406] [context_switch_set_network_group_header] Control::context_switch_set_network_group_header called successfully
[2026-01-20 16:08:40.008] [358979] [HailoRT] [info] [hailort_driver.cpp:476] [fw_control] Sending FW Control: opcode=0x00000021 (HAILO_CONTROL_OPCODE_CONTEXT_SWITCH_SET_CONTEXT_INFO), len=102, cpu_id=1
[2026-01-20 16:08:40.009] [358979] [HailoRT] [info] [hailort_driver.cpp:476] [fw_control] Sending FW Control: opcode=0x00000021 (HAILO_CONTROL_OPCODE_CONTEXT_SWITCH_SET_CONTEXT_INFO), len=585, cpu_id=1
[2026-01-20 16:08:40.009] [358979] [HailoRT] [info] [hailort_driver.cpp:476] [fw_control] Sending FW Control: opcode=0x00000021 (HAILO_CONTROL_OPCODE_CONTEXT_SWITCH_SET_CONTEXT_INFO), len=1092, cpu_id=1
[2026-01-20 16:08:40.009] [358979] [HailoRT] [info] [hailort_driver.cpp:476] [fw_control] Sending FW Control: opcode=0x00000021 (HAILO_CONTROL_OPCODE_CONTEXT_SWITCH_SET_CONTEXT_INFO), len=1500, cpu_id=1
[2026-01-20 16:08:40.010] [358979] [HailoRT] [info] [hailort_driver.cpp:476] [fw_control] Sending FW Control: opcode=0x00000021 (HAILO_CONTROL_OPCODE_CONTEXT_SWITCH_SET_CONTEXT_INFO), len=814, cpu_id=1
[2026-01-20 16:08:40.011] [358979] [HailoRT] [info] [hailort_driver.cpp:476] [fw_control] Sending FW Control: opcode=0x00000021 (HAILO_CONTROL_OPCODE_CONTEXT_SWITCH_SET_CONTEXT_INFO), len=1495, cpu_id=1
[2026-01-20 16:08:40.011] [358979] [HailoRT] [info] [hailort_driver.cpp:476] [fw_control] Sending FW Control: opcode=0x00000021 (HAILO_CONTROL_OPCODE_CONTEXT_SWITCH_SET_CONTEXT_INFO), len=821, cpu_id=1
[2026-01-20 16:08:40.012] [358979] [HailoRT] [info] [control.cpp:2504] [context_switch_set_context_info] Control::context_switch_set_context_info sent 7 chunks. Total size: 6136 bytes. Types: Prelim=1, Dyn=4, Batch=1, Act=1
[2026-01-20 16:08:40.012] [358979] [HailoRT] [info] [device_internal.cpp:57] [configure] Configuring HEF took 76.429271 milliseconds
[2026-01-20 16:08:40.014] [358979] [HailoRT] [info] [vdevice.cpp:780] [configure] Configuring HEF on VDevice took 78.134774 milliseconds
[2026-01-20 16:08:40.014] [358979] [HailoRT] [info] [edge_elements.cpp:52] [create] Created (HwWriteEl3resnet50_v1/input_layer1 | hw_frame_size: 150528)
[2026-01-20 16:08:40.014] [358979] [HailoRT] [info] [vstream.cpp:754] [InputVStreamImpl] Creating resnet50_v1/input_layer1...
[2026-01-20 16:08:40.014] [358979] [HailoRT] [info] [vstream_builder.cpp:102] [create_inputs] Input pipeline 'resnet50_v1/input_layer1': (HwWriteEl3resnet50_v1/input_layer1 | hw_frame_size: 150528) >> HW
[2026-01-20 16:08:40.014] [358979] [HailoRT] [info] [edge_elements.cpp:287] [create] Created (HwReadEl0resnet50_v1/fc1 | hw_frame_size: 1000)
[2026-01-20 16:08:40.014] [358979] [HailoRT] [info] [queue_elements.cpp:800] [create] Created (UserBuffQEl0resnet50_v1/fc1 | timeout: 10s)
[2026-01-20 16:08:40.014] [358979] [HailoRT] [info] [vstream.cpp:1114] [OutputVStreamImpl] Creating resnet50_v1/fc1...
[2026-01-20 16:08:40.014] [358979] [HailoRT] [info] [vstream_builder.cpp:220] [create_outputs] Output pipeline 'resnet50_v1/fc1': HW >> (HwReadEl0resnet50_v1/fc1 | hw_frame_size: 1000) >> (UserBuffQEl0resnet50_v1/fc1 | timeout: 10s)
[2026-01-20 16:08:40.024] [358983] [HailoRT] [info] [vdma_config_manager.cpp:25] [set_core_op] VdmaConfigManager::set_core_op: is_batch_switch=false, batch_size=1
[2026-01-20 16:08:40.024] [358983] [HailoRT] [info] [vdma_config_manager.cpp:73] [switch_core_op] VdmaConfigManager starting switch_core_op...
[2026-01-20 16:08:40.024] [358983] [HailoRT] [info] [resource_manager.cpp:674] [enable_state_machine] ResourcesManager enabling state machine for core-op index 0
[2026-01-20 16:08:40.024] [358983] [HailoRT] [info] [control.cpp:2775] [enable_core_op] Control::enable_core_op called. Enabling network_group_index 0. Dynamic batch size: 1, Batch count: 0
[2026-01-20 16:08:40.024] [358983] [HailoRT] [info] [hailort_driver.cpp:476] [fw_control] Sending FW Control: opcode=0x00000025 (HAILO_CONTROL_OPCODE_CHANGE_CONTEXT_SWITCH_STATUS), len=42, cpu_id=1
[2026-01-20 16:08:40.024] [358983] [HailoRT] [info] [vdma_config_manager.cpp:97] [switch_core_op] VdmaConfigManager finished switching core-op
[2026-01-20 16:08:40.024] [358983] [HailoRT] [info] [scheduler.cpp:131] [switch_core_op] Scheduler switched core-op from IDLE to resnet50_v1
[2026-01-20 16:08:40.024] [358983] [HailoRT] [info] [hailort_driver.cpp:693] [launch_transfer] Launching transfer [H2D]: channel=0.2, desc_handle=4096, starting_desc=0, buffers_count=1
[2026-01-20 16:08:40.024] [358983] [HailoRT] [info] [hailort_driver.cpp:696] [launch_transfer]   Buffer 0: addr_or_fd=0xffff80648000, size=150528
[2026-01-20 16:08:40.024] [358983] [HailoRT] [info] [hailort_driver.cpp:693] [launch_transfer] Launching transfer [D2H]: channel=0.16, desc_handle=8192, starting_desc=0, buffers_count=1
[2026-01-20 16:08:40.024] [358983] [HailoRT] [info] [hailort_driver.cpp:696] [launch_transfer]   Buffer 0: addr_or_fd=0xffff90dfd000, size=1000
[2026-01-20 16:08:40.057] [358983] [HailoRT] [info] [hailort_driver.cpp:693] [launch_transfer] Launching transfer [H2D]: channel=0.2, desc_handle=4096, starting_desc=294, buffers_count=1
[2026-01-20 16:08:40.057] [358983] [HailoRT] [info] [hailort_driver.cpp:696] [launch_transfer]   Buffer 0: addr_or_fd=0xffff80623000, size=150528
[2026-01-20 16:08:40.057] [358983] [HailoRT] [info] [hailort_driver.cpp:693] [launch_transfer] Launching transfer [D2H]: channel=0.16, desc_handle=8192, starting_desc=2, buffers_count=1
[2026-01-20 16:08:40.057] [358983] [HailoRT] [info] [hailort_driver.cpp:696] [launch_transfer]   Buffer 0: addr_or_fd=0xffff90dfc000, size=1000
[2026-01-20 16:08:40.083] [358983] [HailoRT] [info] [hailort_driver.cpp:693] [launch_transfer] Launching transfer [H2D]: channel=0.2, desc_handle=4096, starting_desc=588, buffers_count=1
[2026-01-20 16:08:40.083] [358983] [HailoRT] [info] [hailort_driver.cpp:696] [launch_transfer]   Buffer 0: addr_or_fd=0xffff805fe000, size=150528
[2026-01-20 16:08:40.083] [358983] [HailoRT] [info] [hailort_driver.cpp:693] [launch_transfer] Launching transfer [D2H]: channel=0.16, desc_handle=8192, starting_desc=4, buffers_count=1
[2026-01-20 16:08:40.083] [358983] [HailoRT] [info] [hailort_driver.cpp:696] [launch_transfer]   Buffer 0: addr_or_fd=0xffff90dfb000, size=1000
[2026-01-20 16:08:40.108] [358983] [HailoRT] [info] [hailort_driver.cpp:693] [launch_transfer] Launching transfer [H2D]: channel=0.2, desc_handle=4096, starting_desc=882, buffers_count=1
[2026-01-20 16:08:40.108] [358983] [HailoRT] [info] [hailort_driver.cpp:696] [launch_transfer]   Buffer 0: addr_or_fd=0xffff805d9000, size=150528
[2026-01-20 16:08:40.108] [358983] [HailoRT] [info] [hailort_driver.cpp:693] [launch_transfer] Launching transfer [D2H]: channel=0.16, desc_handle=8192, starting_desc=6, buffers_count=1
[2026-01-20 16:08:40.108] [358983] [HailoRT] [info] [hailort_driver.cpp:696] [launch_transfer]   Buffer 0: addr_or_fd=0xffff90dfa000, size=1000
[2026-01-20 16:08:40.131] [358983] [HailoRT] [info] [hailort_driver.cpp:693] [launch_transfer] Launching transfer [H2D]: channel=0.2, desc_handle=4096, starting_desc=1176, buffers_count=1
[2026-01-20 16:08:40.131] [358983] [HailoRT] [info] [hailort_driver.cpp:696] [launch_transfer]   Buffer 0: addr_or_fd=0xffff805b4000, size=150528
[2026-01-20 16:08:40.132] [358983] [HailoRT] [info] [hailort_driver.cpp:693] [launch_transfer] Launching transfer [D2H]: channel=0.16, desc_handle=8192, starting_desc=8, buffers_count=1
[2026-01-20 16:08:40.132] [358983] [HailoRT] [info] [hailort_driver.cpp:696] [launch_transfer]   Buffer 0: addr_or_fd=0xffff90df9000, size=1000
[2026-01-20 16:08:40.159] [358983] [HailoRT] [info] [hailort_driver.cpp:693] [launch_transfer] Launching transfer [H2D]: channel=0.2, desc_handle=4096, starting_desc=1470, buffers_count=1
[2026-01-20 16:08:40.159] [358983] [HailoRT] [info] [hailort_driver.cpp:696] [launch_transfer]   Buffer 0: addr_or_fd=0xffff8058f000, size=150528
[2026-01-20 16:08:40.160] [358983] [HailoRT] [info] [hailort_driver.cpp:693] [launch_transfer] Launching transfer [D2H]: channel=0.16, desc_handle=8192, starting_desc=10, buffers_count=1
[2026-01-20 16:08:40.160] [358983] [HailoRT] [info] [hailort_driver.cpp:696] [launch_transfer]   Buffer 0: addr_or_fd=0xffff90df8000, size=1000
[2026-01-20 16:08:40.178] [358986] [HailoRT] [info] [queue_elements.cpp:855] [run_in_thread] Shutdown event was signaled in dequeue of UserBuffQEl0resnet50_v1/fc1!
[2026-01-20 16:08:40.178] [358986] [HailoRT] [info] [queue_elements.cpp:68] [operator()] Thread in element UserBuffQEl0resnet50_v1/fc1 is not running anymore, exiting..
[2026-01-20 16:08:40.178] [358979] [HailoRT] [info] [queue_elements.cpp:46] [~BaseQueueElement] Queue element UserBuffQEl0resnet50_v1/fc1 has 0 frames in his Queue on destruction
[2026-01-20 16:08:40.178] [358979] [HailoRT] [info] [vdma_config_manager.cpp:73] [switch_core_op] VdmaConfigManager starting switch_core_op...
[2026-01-20 16:08:40.178] [358979] [HailoRT] [info] [control.cpp:2783] [reset_context_switch_state_machine] Control::reset_context_switch_state_machine called. Resetting context switch state.
[2026-01-20 16:08:40.178] [358979] [HailoRT] [info] [hailort_driver.cpp:476] [fw_control] Sending FW Control: opcode=0x00000025 (HAILO_CONTROL_OPCODE_CHANGE_CONTEXT_SWITCH_STATUS), len=42, cpu_id=1
[2026-01-20 16:08:40.179] [358979] [HailoRT] [info] [vdma_config_manager.cpp:97] [switch_core_op] VdmaConfigManager finished switching core-op
[2026-01-20 16:08:40.179] [358979] [HailoRT] [info] [hailort_driver.cpp:601] [vdma_buffer_unmap] Unmapping buffer: address=0xffff81df5000, size=5480960, direction=0
[2026-01-20 16:08:40.181] [358979] [HailoRT] [info] [hailort_driver.cpp:601] [vdma_buffer_unmap] Unmapping buffer: address=0xffff818d5000, size=5372416, direction=0
[2026-01-20 16:08:40.183] [358979] [HailoRT] [info] [hailort_driver.cpp:601] [vdma_buffer_unmap] Unmapping buffer: address=0xffff8147e000, size=4548608, direction=0
[2026-01-20 16:08:40.184] [358979] [HailoRT] [info] [hailort_driver.cpp:601] [vdma_buffer_unmap] Unmapping buffer: address=0xffff8104f000, size=4384256, direction=0
[2026-01-20 16:08:40.186] [358979] [HailoRT] [info] [hailort_driver.cpp:601] [vdma_buffer_unmap] Unmapping buffer: address=0xffff82330000, size=126464, direction=2
[2026-01-20 16:08:40.186] [358979] [HailoRT] [info] [hailort_driver.cpp:601] [vdma_buffer_unmap] Unmapping buffer: address=0xffff80b43000, size=5292032, direction=0
[2026-01-20 16:08:40.188] [358979] [HailoRT] [info] [hailort_driver.cpp:601] [vdma_buffer_unmap] Unmapping buffer: address=0xffff8066d000, size=5067264, direction=0
[2026-01-20 16:08:40.190] [358979] [HailoRT] [info] [hailort_driver.cpp:601] [vdma_buffer_unmap] Unmapping buffer: address=0xffff90e05000, size=4096, direction=0
[2026-01-20 16:08:40.190] [358979] [HailoRT] [info] [hailort_driver.cpp:601] [vdma_buffer_unmap] Unmapping buffer: address=0xffff90e04000, size=4096, direction=0
[2026-01-20 16:08:40.190] [358979] [HailoRT] [info] [hailort_driver.cpp:601] [vdma_buffer_unmap] Unmapping buffer: address=0xffff90e03000, size=4096, direction=0
[2026-01-20 16:08:40.190] [358979] [HailoRT] [info] [hailort_driver.cpp:601] [vdma_buffer_unmap] Unmapping buffer: address=0xffff90e02000, size=4096, direction=0
[2026-01-20 16:08:40.190] [358979] [HailoRT] [info] [hailort_driver.cpp:601] [vdma_buffer_unmap] Unmapping buffer: address=0xffff90e01000, size=4096, direction=0
[2026-01-20 16:08:40.190] [358979] [HailoRT] [info] [hailort_driver.cpp:601] [vdma_buffer_unmap] Unmapping buffer: address=0xffff90e00000, size=4096, direction=0
[2026-01-20 16:08:40.190] [358979] [HailoRT] [info] [hailort_driver.cpp:601] [vdma_buffer_unmap] Unmapping buffer: address=0xffff90dff000, size=4096, direction=0
[2026-01-20 16:08:40.190] [358979] [HailoRT] [info] [hailort_driver.cpp:601] [vdma_buffer_unmap] Unmapping buffer: address=0xffff90dfe000, size=4096, direction=0
[2026-01-20 16:08:40.190] [358979] [HailoRT] [info] [hailort_driver.cpp:601] [vdma_buffer_unmap] Unmapping buffer: address=0xffff90dfd000, size=1000, direction=1
[2026-01-20 16:08:40.190] [358979] [HailoRT] [info] [hailort_driver.cpp:601] [vdma_buffer_unmap] Unmapping buffer: address=0xffff90dfc000, size=1000, direction=1
[2026-01-20 16:08:40.190] [358979] [HailoRT] [info] [hailort_driver.cpp:601] [vdma_buffer_unmap] Unmapping buffer: address=0xffff90dfb000, size=1000, direction=1
[2026-01-20 16:08:40.190] [358979] [HailoRT] [info] [hailort_driver.cpp:601] [vdma_buffer_unmap] Unmapping buffer: address=0xffff90dfa000, size=1000, direction=1
[2026-01-20 16:08:40.190] [358979] [HailoRT] [info] [hailort_driver.cpp:601] [vdma_buffer_unmap] Unmapping buffer: address=0xffff90df9000, size=1000, direction=1
[2026-01-20 16:08:40.190] [358979] [HailoRT] [info] [hailort_driver.cpp:601] [vdma_buffer_unmap] Unmapping buffer: address=0xffff90df8000, size=1000, direction=1
[2026-01-20 16:08:40.190] [358979] [HailoRT] [info] [hailort_driver.cpp:601] [vdma_buffer_unmap] Unmapping buffer: address=0xffff90df7000, size=1000, direction=1
[2026-01-20 16:08:40.190] [358979] [HailoRT] [info] [hailort_driver.cpp:601] [vdma_buffer_unmap] Unmapping buffer: address=0xffff90df6000, size=1000, direction=1
[2026-01-20 16:08:40.190] [358979] [HailoRT] [info] [hailort_driver.cpp:601] [vdma_buffer_unmap] Unmapping buffer: address=0xffff80648000, size=150528, direction=0
[2026-01-20 16:08:40.190] [358979] [HailoRT] [info] [hailort_driver.cpp:601] [vdma_buffer_unmap] Unmapping buffer: address=0xffff80623000, size=150528, direction=0
[2026-01-20 16:08:40.190] [358979] [HailoRT] [info] [hailort_driver.cpp:601] [vdma_buffer_unmap] Unmapping buffer: address=0xffff805fe000, size=150528, direction=0
[2026-01-20 16:08:40.190] [358979] [HailoRT] [info] [hailort_driver.cpp:601] [vdma_buffer_unmap] Unmapping buffer: address=0xffff805d9000, size=150528, direction=0
[2026-01-20 16:08:40.190] [358979] [HailoRT] [info] [hailort_driver.cpp:601] [vdma_buffer_unmap] Unmapping buffer: address=0xffff805b4000, size=150528, direction=0
[2026-01-20 16:08:40.190] [358979] [HailoRT] [info] [hailort_driver.cpp:601] [vdma_buffer_unmap] Unmapping buffer: address=0xffff8058f000, size=150528, direction=0
[2026-01-20 16:08:40.190] [358979] [HailoRT] [info] [hailort_driver.cpp:601] [vdma_buffer_unmap] Unmapping buffer: address=0xffff8056a000, size=150528, direction=0
[2026-01-20 16:08:40.190] [358979] [HailoRT] [info] [hailort_driver.cpp:601] [vdma_buffer_unmap] Unmapping buffer: address=0xffff80545000, size=150528, direction=0
[2026-01-20 16:08:40.191] [358979] [HailoRT] [info] [control.cpp:2783] [reset_context_switch_state_machine] Control::reset_context_switch_state_machine called. Resetting context switch state.
[2026-01-20 16:08:40.191] [358979] [HailoRT] [info] [hailort_driver.cpp:476] [fw_control] Sending FW Control: opcode=0x00000025 (HAILO_CONTROL_OPCODE_CHANGE_CONTEXT_SWITCH_STATUS), len=42, cpu_id=1
[2026-01-20 16:08:40.191] [358979] [HailoRT] [info] [hailort_driver.cpp:476] [fw_control] Sending FW Control: opcode=0x00000047 (HAILO_CONTROL_OPCODE_CONTEXT_SWITCH_CLEAR_CONFIGURED_APPS), len=20, cpu_id=1
