[2026-01-21 00:24:41.728] [446476] [HailoRT] [info] [vdevice.cpp:535] [create] Creating vdevice with params: device_count: 1, scheduling_algorithm: ROUND_ROBIN, multi_process_service: false
[2026-01-21 00:24:41.741] [446476] [HailoRT] [info] [device.cpp:51] [Device] OS Version: Linux 6.8.0-1031-raspi #35-Ubuntu SMP PREEMPT_DYNAMIC Thu Jul  3 15:00:20 UTC 2025 aarch64
[2026-01-21 00:24:41.741] [446476] [HailoRT] [info] [hailort_driver.cpp:476] [fw_control] Sending FW Control: opcode=0x00000000 (HAILO_CONTROL_OPCODE_IDENTIFY), len=20, cpu_id=0
[2026-01-21 00:24:41.741] [446476] [HailoRT] [info] [control.cpp:113] [control__parse_identify_results] firmware_version is: 4.23.0
[2026-01-21 00:24:41.741] [446476] [HailoRT] [info] [vdevice.cpp:682] [create] VDevice Infos: 0000:01:00.0
[2026-01-21 00:24:41.758] [446476] [HailoRT] [info] [hef.cpp:711] [parse_hef_file] Network Group: resnet50_v1
[2026-01-21 00:24:41.758] [446476] [HailoRT] [info] [hef.cpp:713] [parse_hef_file]   Core Op: 2 contexts, 1 networks
[2026-01-21 00:24:41.758] [446476] [HailoRT] [info] [hef.cpp:718] [parse_hef_file]     Config Channels: 2
[2026-01-21 00:24:41.758] [446476] [HailoRT] [info] [hef.cpp:720] [parse_hef_file]       Cfg Channel 0: Engine 0
[2026-01-21 00:24:41.758] [446476] [HailoRT] [info] [hef.cpp:720] [parse_hef_file]       Cfg Channel 1: Engine 0
[2026-01-21 00:24:41.758] [446476] [HailoRT] [info] [hef.cpp:736] [parse_hef_file]     Network Name: resnet50_v1
[2026-01-21 00:24:41.758] [446476] [HailoRT] [info] [hef.cpp:739] [parse_hef_file]     Context Index: 0 (71 operations)
[2026-01-21 00:24:41.758] [446476] [HailoRT] [info] [hef.cpp:743] [parse_hef_file]       Op 0: Trigger: None (Immediate)
[2026-01-21 00:24:41.758] [446476] [HailoRT] [info] [hef.cpp:745] [parse_hef_file]         Action: AllowInputDataflow (Index: 3)
[2026-01-21 00:24:41.758] [446476] [HailoRT] [info] [hef.cpp:745] [parse_hef_file]         Action: WriteDataCCWPtr (Index: 0, Offset: 10697008, Size: 256)
[2026-01-21 00:24:41.758] [446476] [HailoRT] [info] [hef.cpp:745] [parse_hef_file]         Action: WriteDataCCWPtr (Index: 1, Offset: 15166808, Size: 256)
[2026-01-21 00:24:41.758] [446476] [HailoRT] [info] [hef.cpp:745] [parse_hef_file]         Action: WriteDataCCWPtr (Index: 0, Offset: 10697264, Size: 72)
[2026-01-21 00:24:41.758] [446476] [HailoRT] [info] [hef.cpp:745] [parse_hef_file]         Action: WriteDataCCWPtr (Index: 0, Offset: 10697336, Size: 6240)
[2026-01-21 00:24:41.758] [446476] [HailoRT] [info] [hef.cpp:745] [parse_hef_file]         Action: WriteDataCCWPtr (Index: 0, Offset: 10703576, Size: 16)
[2026-01-21 00:24:41.758] [446476] [HailoRT] [info] [hef.cpp:745] [parse_hef_file]         Action: WriteDataCCWPtr (Index: 0, Offset: 10703592, Size: 72)
[2026-01-21 00:24:41.758] [446476] [HailoRT] [info] [hef.cpp:745] [parse_hef_file]         Action: WriteDataCCWPtr (Index: 0, Offset: 10703664, Size: 19112)
[2026-01-21 00:24:41.758] [446476] [HailoRT] [info] [hef.cpp:745] [parse_hef_file]         Action: WriteDataCCWPtr (Index: 0, Offset: 10722776, Size: 72)
[2026-01-21 00:24:41.758] [446476] [HailoRT] [info] [hef.cpp:745] [parse_hef_file]         Action: WriteDataCCWPtr (Index: 0, Offset: 10722848, Size: 21088)
[2026-01-21 00:24:41.758] [446476] [HailoRT] [info] [hef.cpp:745] [parse_hef_file]         Action: WriteDataCCWPtr (Index: 1, Offset: 15167064, Size: 72)
[2026-01-21 00:24:41.758] [446476] [HailoRT] [info] [hef.cpp:745] [parse_hef_file]         Action: WriteDataCCWPtr (Index: 1, Offset: 15167136, Size: 72)
[2026-01-21 00:24:41.758] [446476] [HailoRT] [info] [hef.cpp:745] [parse_hef_file]         Action: WriteDataCCWPtr (Index: 1, Offset: 15167208, Size: 26080)
[2026-01-21 00:24:41.758] [446476] [HailoRT] [info] [hef.cpp:745] [parse_hef_file]         Action: WriteDataCCWPtr (Index: 1, Offset: 15193288, Size: 72)
[2026-01-21 00:24:41.758] [446476] [HailoRT] [info] [hef.cpp:745] [parse_hef_file]         Action: WriteDataCCWPtr (Index: 1, Offset: 15193360, Size: 19504)
[2026-01-21 00:24:41.758] [446476] [HailoRT] [info] [hef.cpp:745] [parse_hef_file]         Action: WriteDataCCWPtr (Index: 1, Offset: 15212864, Size: 16)
[2026-01-21 00:24:41.758] [446476] [HailoRT] [info] [hef.cpp:745] [parse_hef_file]         Action: WriteDataCCWPtr (Index: 1, Offset: 15212880, Size: 72)
[2026-01-21 00:24:41.758] [446476] [HailoRT] [info] [hef.cpp:745] [parse_hef_file]         Action: WriteDataCCWPtr (Index: 1, Offset: 15212952, Size: 19976)
[2026-01-21 00:24:41.758] [446476] [HailoRT] [info] [hef.cpp:745] [parse_hef_file]         Action: WriteDataCCWPtr (Index: 1, Offset: 15232928, Size: 23536)
[2026-01-21 00:24:41.758] [446476] [HailoRT] [info] [hef.cpp:745] [parse_hef_file]         Action: WriteDataCCWPtr (Index: 1, Offset: 15256464, Size: 23808)
[2026-01-21 00:24:41.758] [446476] [HailoRT] [info] [hef.cpp:745] [parse_hef_file]         Action: WriteDataCCWPtr (Index: 1, Offset: 15280272, Size: 23768)
[2026-01-21 00:24:41.758] [446476] [HailoRT] [info] [hef.cpp:745] [parse_hef_file]         Action: WriteDataCCWPtr (Index: 1, Offset: 15304040, Size: 24064)
[2026-01-21 00:24:41.758] [446476] [HailoRT] [info] [hef.cpp:745] [parse_hef_file]         Action: WriteDataCCWPtr (Index: 0, Offset: 10743936, Size: 21976)
[2026-01-21 00:24:41.758] [446476] [HailoRT] [info] [hef.cpp:745] [parse_hef_file]         Action: WriteDataCCWPtr (Index: 0, Offset: 10765912, Size: 11040)
[2026-01-21 00:24:41.758] [446476] [HailoRT] [info] [hef.cpp:745] [parse_hef_file]         Action: WriteDataCCWPtr (Index: 0, Offset: 10776952, Size: 20560)
[2026-01-21 00:24:41.758] [446476] [HailoRT] [info] [hef.cpp:745] [parse_hef_file]         Action: WriteDataCCWPtr (Index: 0, Offset: 10797512, Size: 10272)
[2026-01-21 00:24:41.758] [446476] [HailoRT] [info] [hef.cpp:745] [parse_hef_file]         Action: WriteDataCCWPtr (Index: 0, Offset: 10807784, Size: 20712)
[2026-01-21 00:24:41.758] [446476] [HailoRT] [info] [hef.cpp:745] [parse_hef_file]         Action: WriteDataCCWPtr (Index: 0, Offset: 10828496, Size: 19632)
[2026-01-21 00:24:41.758] [446476] [HailoRT] [info] [hef.cpp:745] [parse_hef_file]         Action: WriteDataCCWPtr (Index: 0, Offset: 10848128, Size: 9824)
[2026-01-21 00:24:41.758] [446476] [HailoRT] [info] [hef.cpp:745] [parse_hef_file]         Action: WriteDataCCWPtr (Index: 0, Offset: 10857952, Size: 16848)
[2026-01-21 00:24:41.758] [446476] [HailoRT] [info] [hef.cpp:745] [parse_hef_file]         Action: WriteDataCCWPtr (Index: 0, Offset: 10874800, Size: 8432)
[2026-01-21 00:24:41.758] [446476] [HailoRT] [info] [hef.cpp:745] [parse_hef_file]         Action: WriteDataCCWPtr (Index: 0, Offset: 10883232, Size: 19944)
[2026-01-21 00:24:41.758] [446476] [HailoRT] [info] [hef.cpp:745] [parse_hef_file]         Action: WriteDataCCWPtr (Index: 0, Offset: 10903176, Size: 9984)
[2026-01-21 00:24:41.758] [446476] [HailoRT] [info] [hef.cpp:745] [parse_hef_file]         Action: WriteDataCCWPtr (Index: 0, Offset: 10913160, Size: 20000)
[2026-01-21 00:24:41.758] [446476] [HailoRT] [info] [hef.cpp:745] [parse_hef_file]         Action: WriteDataCCWPtr (Index: 0, Offset: 10933160, Size: 10000)
[2026-01-21 00:24:41.758] [446476] [HailoRT] [info] [hef.cpp:745] [parse_hef_file]         Action: WriteDataCCWPtr (Index: 0, Offset: 10943160, Size: 21080)
[2026-01-21 00:24:41.758] [446476] [HailoRT] [info] [hef.cpp:745] [parse_hef_file]         Action: WriteDataCCWPtr (Index: 0, Offset: 10964240, Size: 10576)
[2026-01-21 00:24:41.758] [446476] [HailoRT] [info] [hef.cpp:745] [parse_hef_file]         Action: WriteDataCCWPtr (Index: 0, Offset: 10974816, Size: 21704)
[2026-01-21 00:24:41.758] [446476] [HailoRT] [info] [hef.cpp:745] [parse_hef_file]         Action: WriteDataCCWPtr (Index: 0, Offset: 10996520, Size: 10872)
[2026-01-21 00:24:41.758] [446476] [HailoRT] [info] [hef.cpp:745] [parse_hef_file]         Action: WriteDataCCWPtr (Index: 0, Offset: 11007392, Size: 20928)
[2026-01-21 00:24:41.758] [446476] [HailoRT] [info] [hef.cpp:745] [parse_hef_file]         Action: WriteDataCCWPtr (Index: 0, Offset: 11028320, Size: 10496)
[2026-01-21 00:24:41.758] [446476] [HailoRT] [info] [hef.cpp:745] [parse_hef_file]         Action: WriteDataCCWPtr (Index: 0, Offset: 11038816, Size: 20888)
[2026-01-21 00:24:41.758] [446476] [HailoRT] [info] [hef.cpp:745] [parse_hef_file]         Action: WriteDataCCWPtr (Index: 0, Offset: 11059704, Size: 10472)
[2026-01-21 00:24:41.758] [446476] [HailoRT] [info] [hef.cpp:745] [parse_hef_file]         Action: WriteDataCCWPtr (Index: 0, Offset: 11070176, Size: 21224)
[2026-01-21 00:24:41.758] [446476] [HailoRT] [info] [hef.cpp:745] [parse_hef_file]         Action: WriteDataCCWPtr (Index: 0, Offset: 11091400, Size: 10648)
[2026-01-21 00:24:41.758] [446476] [HailoRT] [info] [hef.cpp:745] [parse_hef_file]         Action: WriteDataCCWPtr (Index: 0, Offset: 11102048, Size: 29432)
[2026-01-21 00:24:41.758] [446476] [HailoRT] [info] [hef.cpp:745] [parse_hef_file]         Action: WriteDataCCWPtr (Index: 0, Offset: 11131480, Size: 3752)
[2026-01-21 00:24:41.758] [446476] [HailoRT] [info] [hef.cpp:745] [parse_hef_file]         Action: WriteDataCCWPtr (Index: 0, Offset: 11135232, Size: 31632)
[2026-01-21 00:24:41.758] [446476] [HailoRT] [info] [hef.cpp:745] [parse_hef_file]         Action: WriteDataCCWPtr (Index: 0, Offset: 11166864, Size: 4104)
[2026-01-21 00:24:41.758] [446476] [HailoRT] [info] [hef.cpp:745] [parse_hef_file]         Action: WriteDataCCWPtr (Index: 0, Offset: 11170968, Size: 32312)
[2026-01-21 00:24:41.758] [446476] [HailoRT] [info] [hef.cpp:745] [parse_hef_file]         Action: WriteDataCCWPtr (Index: 0, Offset: 11203280, Size: 4104)
[2026-01-21 00:24:41.758] [446476] [HailoRT] [info] [hef.cpp:745] [parse_hef_file]         Action: WriteDataCCWPtr (Index: 0, Offset: 11207384, Size: 27472)
[2026-01-21 00:24:41.758] [446476] [HailoRT] [info] [hef.cpp:745] [parse_hef_file]         Action: WriteDataCCWPtr (Index: 0, Offset: 11234856, Size: 3528)
[2026-01-21 00:24:41.758] [446476] [HailoRT] [info] [hef.cpp:745] [parse_hef_file]         Action: WriteDataCCWPtr (Index: 0, Offset: 11238384, Size: 29912)
[2026-01-21 00:24:41.758] [446476] [HailoRT] [info] [hef.cpp:745] [parse_hef_file]         Action: WriteDataCCWPtr (Index: 0, Offset: 11268296, Size: 3840)
[2026-01-21 00:24:41.758] [446476] [HailoRT] [info] [hef.cpp:745] [parse_hef_file]         Action: WriteDataCCWPtr (Index: 0, Offset: 11272136, Size: 27800)
[2026-01-21 00:24:41.758] [446476] [HailoRT] [info] [hef.cpp:745] [parse_hef_file]         Action: WriteDataCCWPtr (Index: 0, Offset: 11299936, Size: 3584)
[2026-01-21 00:24:41.758] [446476] [HailoRT] [info] [hef.cpp:745] [parse_hef_file]         Action: WriteDataCCWPtr (Index: 0, Offset: 11303520, Size: 30088)
[2026-01-21 00:24:41.758] [446476] [HailoRT] [info] [hef.cpp:745] [parse_hef_file]         Action: WriteDataCCWPtr (Index: 0, Offset: 11333608, Size: 4104)
[2026-01-21 00:24:41.758] [446476] [HailoRT] [info] [hef.cpp:745] [parse_hef_file]         Action: WriteDataCCWPtr (Index: 0, Offset: 11337712, Size: 28512)
[2026-01-21 00:24:41.758] [446476] [HailoRT] [info] [hef.cpp:745] [parse_hef_file]         Action: WriteDataCCWPtr (Index: 0, Offset: 11366224, Size: 3688)
[2026-01-21 00:24:41.758] [446476] [HailoRT] [info] [hef.cpp:745] [parse_hef_file]         Action: WriteDataCCWPtr (Index: 0, Offset: 11369912, Size: 29704)
[2026-01-21 00:24:41.758] [446476] [HailoRT] [info] [hef.cpp:745] [parse_hef_file]         Action: WriteDataCCWPtr (Index: 0, Offset: 11399616, Size: 3824)
[2026-01-21 00:24:41.758] [446476] [HailoRT] [info] [hef.cpp:745] [parse_hef_file]         Action: WriteDataCCWPtr (Index: 0, Offset: 11403440, Size: 28864)
[2026-01-21 00:24:41.758] [446476] [HailoRT] [info] [hef.cpp:745] [parse_hef_file]         Action: WriteDataCCWPtr (Index: 0, Offset: 11432304, Size: 3704)
[2026-01-21 00:24:41.758] [446476] [HailoRT] [info] [hef.cpp:745] [parse_hef_file]         Action: WriteDataCCWPtr (Index: 0, Offset: 11436008, Size: 29496)
[2026-01-21 00:24:41.758] [446476] [HailoRT] [info] [hef.cpp:745] [parse_hef_file]         Action: WriteDataCCWPtr (Index: 0, Offset: 11465504, Size: 3792)
[2026-01-21 00:24:41.758] [446476] [HailoRT] [info] [hef.cpp:745] [parse_hef_file]         Action: WriteDataCCWPtr (Index: 0, Offset: 11469296, Size: 31312)
[2026-01-21 00:24:41.758] [446476] [HailoRT] [info] [hef.cpp:745] [parse_hef_file]         Action: WriteDataCCWPtr (Index: 0, Offset: 11500608, Size: 4104)
[2026-01-21 00:24:41.758] [446476] [HailoRT] [info] [hef.cpp:745] [parse_hef_file]         Action: WriteDataCCWPtr (Index: 0, Offset: 11504712, Size: 30184)
[2026-01-21 00:24:41.758] [446476] [HailoRT] [info] [hef.cpp:745] [parse_hef_file]         Action: WriteDataCCWPtr (Index: 0, Offset: 11534896, Size: 4104)
[2026-01-21 00:24:41.758] [446476] [HailoRT] [info] [hef.cpp:745] [parse_hef_file]         Action: WriteDataCCWPtr (Index: 0, Offset: 11539000, Size: 29560)
[2026-01-21 00:24:41.758] [446476] [HailoRT] [info] [hef.cpp:745] [parse_hef_file]         Action: WriteDataCCWPtr (Index: 0, Offset: 11568560, Size: 3840)
[2026-01-21 00:24:41.758] [446476] [HailoRT] [info] [hef.cpp:745] [parse_hef_file]         Action: WriteDataCCWPtr (Index: 0, Offset: 11572400, Size: 30480)
[2026-01-21 00:24:41.758] [446476] [HailoRT] [info] [hef.cpp:745] [parse_hef_file]         Action: WriteDataCCWPtr (Index: 0, Offset: 11602880, Size: 4104)
[2026-01-21 00:24:41.758] [446476] [HailoRT] [info] [hef.cpp:745] [parse_hef_file]         Action: WriteDataCCWPtr (Index: 0, Offset: 11606984, Size: 26704)
[2026-01-21 00:24:41.758] [446476] [HailoRT] [info] [hef.cpp:745] [parse_hef_file]         Action: WriteDataCCWPtr (Index: 0, Offset: 11633688, Size: 3480)
[2026-01-21 00:24:41.758] [446476] [HailoRT] [info] [hef.cpp:745] [parse_hef_file]         Action: WriteDataCCWPtr (Index: 0, Offset: 11637168, Size: 31104)
[2026-01-21 00:24:41.758] [446476] [HailoRT] [info] [hef.cpp:745] [parse_hef_file]         Action: WriteDataCCWPtr (Index: 0, Offset: 11668272, Size: 4104)
[2026-01-21 00:24:41.758] [446476] [HailoRT] [info] [hef.cpp:745] [parse_hef_file]         Action: WriteDataCCWPtr (Index: 0, Offset: 11672376, Size: 30376)
[2026-01-21 00:24:41.758] [446476] [HailoRT] [info] [hef.cpp:745] [parse_hef_file]         Action: WriteDataCCWPtr (Index: 0, Offset: 11702752, Size: 4104)
[2026-01-21 00:24:41.758] [446476] [HailoRT] [info] [hef.cpp:745] [parse_hef_file]         Action: WriteDataCCWPtr (Index: 1, Offset: 15328104, Size: 31440)
[2026-01-21 00:24:41.758] [446476] [HailoRT] [info] [hef.cpp:745] [parse_hef_file]         Action: WriteDataCCWPtr (Index: 1, Offset: 15359544, Size: 4104)
[2026-01-21 00:24:41.758] [446476] [HailoRT] [info] [hef.cpp:745] [parse_hef_file]         Action: WriteDataCCWPtr (Index: 1, Offset: 15363648, Size: 28232)
[2026-01-21 00:24:41.758] [446476] [HailoRT] [info] [hef.cpp:745] [parse_hef_file]         Action: WriteDataCCWPtr (Index: 1, Offset: 15391880, Size: 3624)
[2026-01-21 00:24:41.758] [446476] [HailoRT] [info] [hef.cpp:745] [parse_hef_file]         Action: WriteDataCCWPtr (Index: 1, Offset: 15395504, Size: 30200)
[2026-01-21 00:24:41.758] [446476] [HailoRT] [info] [hef.cpp:745] [parse_hef_file]         Action: WriteDataCCWPtr (Index: 1, Offset: 15425704, Size: 4104)
[2026-01-21 00:24:41.758] [446476] [HailoRT] [info] [hef.cpp:745] [parse_hef_file]         Action: WriteDataCCWPtr (Index: 1, Offset: 15429808, Size: 4104)
[2026-01-21 00:24:41.758] [446476] [HailoRT] [info] [hef.cpp:745] [parse_hef_file]         Action: WriteDataCCWPtr (Index: 0, Offset: 11706856, Size: 3776)
[2026-01-21 00:24:41.758] [446476] [HailoRT] [info] [hef.cpp:745] [parse_hef_file]         Action: WriteDataCCWPtr (Index: 0, Offset: 11710632, Size: 3712)
[2026-01-21 00:24:41.758] [446476] [HailoRT] [info] [hef.cpp:745] [parse_hef_file]         Action: WriteDataCCWPtr (Index: 0, Offset: 11714344, Size: 4104)
[2026-01-21 00:24:41.758] [446476] [HailoRT] [info] [hef.cpp:745] [parse_hef_file]         Action: WriteDataCCWPtr (Index: 1, Offset: 15433912, Size: 24496)
[2026-01-21 00:24:41.758] [446476] [HailoRT] [info] [hef.cpp:745] [parse_hef_file]         Action: WriteDataCCWPtr (Index: 1, Offset: 15458408, Size: 24728)
[2026-01-21 00:24:41.758] [446476] [HailoRT] [info] [hef.cpp:745] [parse_hef_file]         Action: WriteDataCCWPtr (Index: 1, Offset: 15483136, Size: 24376)
[2026-01-21 00:24:41.758] [446476] [HailoRT] [info] [hef.cpp:745] [parse_hef_file]         Action: WriteDataCCWPtr (Index: 1, Offset: 15507512, Size: 24232)
[2026-01-21 00:24:41.758] [446476] [HailoRT] [info] [hef.cpp:745] [parse_hef_file]         Action: WriteDataCCWPtr (Index: 1, Offset: 15531744, Size: 24040)
[2026-01-21 00:24:41.758] [446476] [HailoRT] [info] [hef.cpp:745] [parse_hef_file]         Action: WriteDataCCWPtr (Index: 1, Offset: 15555784, Size: 24544)
[2026-01-21 00:24:41.758] [446476] [HailoRT] [info] [hef.cpp:745] [parse_hef_file]         Action: WriteDataCCWPtr (Index: 1, Offset: 15580328, Size: 23840)
[2026-01-21 00:24:41.758] [446476] [HailoRT] [info] [hef.cpp:745] [parse_hef_file]         Action: WriteDataCCWPtr (Index: 1, Offset: 15604168, Size: 24296)
[2026-01-21 00:24:41.758] [446476] [HailoRT] [info] [hef.cpp:745] [parse_hef_file]         Action: WriteDataCCWPtr (Index: 1, Offset: 15628464, Size: 24784)
[2026-01-21 00:24:41.758] [446476] [HailoRT] [info] [hef.cpp:745] [parse_hef_file]         Action: WriteDataCCWPtr (Index: 1, Offset: 15653248, Size: 24208)
[2026-01-21 00:24:41.758] [446476] [HailoRT] [info] [hef.cpp:745] [parse_hef_file]         Action: WriteDataCCWPtr (Index: 1, Offset: 15677456, Size: 24528)
[2026-01-21 00:24:41.758] [446476] [HailoRT] [info] [hef.cpp:745] [parse_hef_file]         Action: WriteDataCCWPtr (Index: 1, Offset: 15701984, Size: 16648)
[2026-01-21 00:24:41.758] [446476] [HailoRT] [info] [hef.cpp:745] [parse_hef_file]         Action: WriteDataCCWPtr (Index: 1, Offset: 15718632, Size: 8336)
[2026-01-21 00:24:41.758] [446476] [HailoRT] [info] [hef.cpp:745] [parse_hef_file]         Action: WriteDataCCWPtr (Index: 1, Offset: 15726968, Size: 17928)
[2026-01-21 00:24:41.758] [446476] [HailoRT] [info] [hef.cpp:745] [parse_hef_file]         Action: WriteDataCCWPtr (Index: 1, Offset: 15744896, Size: 8976)
[2026-01-21 00:24:41.758] [446476] [HailoRT] [info] [hef.cpp:745] [parse_hef_file]         Action: WriteDataCCWPtr (Index: 1, Offset: 15753872, Size: 18024)
[2026-01-21 00:24:41.758] [446476] [HailoRT] [info] [hef.cpp:745] [parse_hef_file]         Action: WriteDataCCWPtr (Index: 1, Offset: 15771896, Size: 8992)
[2026-01-21 00:24:41.758] [446476] [HailoRT] [info] [hef.cpp:745] [parse_hef_file]         Action: WriteDataCCWPtr (Index: 1, Offset: 15780888, Size: 18104)
[2026-01-21 00:24:41.758] [446476] [HailoRT] [info] [hef.cpp:745] [parse_hef_file]         Action: WriteDataCCWPtr (Index: 1, Offset: 15798992, Size: 18064)
[2026-01-21 00:24:41.758] [446476] [HailoRT] [info] [hef.cpp:745] [parse_hef_file]         Action: WriteDataCCWPtr (Index: 1, Offset: 15817056, Size: 9040)
[2026-01-21 00:24:41.758] [446476] [HailoRT] [info] [hef.cpp:745] [parse_hef_file]         Action: WriteDataCCWPtr (Index: 1, Offset: 15826096, Size: 17960)
[2026-01-21 00:24:41.758] [446476] [HailoRT] [info] [hef.cpp:745] [parse_hef_file]         Action: WriteDataCCWPtr (Index: 1, Offset: 15844056, Size: 8992)
[2026-01-21 00:24:41.758] [446476] [HailoRT] [info] [hef.cpp:745] [parse_hef_file]         Action: WriteDataCCWPtr (Index: 1, Offset: 15853048, Size: 9040)
[2026-01-21 00:24:41.758] [446476] [HailoRT] [info] [hef.cpp:745] [parse_hef_file]         Action: WriteDataCCWPtr (Index: 1, Offset: 15862088, Size: 18016)
[2026-01-21 00:24:41.758] [446476] [HailoRT] [info] [hef.cpp:745] [parse_hef_file]         Action: WriteDataCCWPtr (Index: 1, Offset: 15880104, Size: 16640)
[2026-01-21 00:24:41.758] [446476] [HailoRT] [info] [hef.cpp:745] [parse_hef_file]         Action: WriteDataCCWPtr (Index: 1, Offset: 15896744, Size: 8320)
[2026-01-21 00:24:41.758] [446476] [HailoRT] [info] [hef.cpp:745] [parse_hef_file]         Action: WriteDataCCWPtr (Index: 1, Offset: 15905064, Size: 17992)
[2026-01-21 00:24:41.758] [446476] [HailoRT] [info] [hef.cpp:745] [parse_hef_file]         Action: WriteDataCCWPtr (Index: 1, Offset: 15923056, Size: 9024)
[2026-01-21 00:24:41.758] [446476] [HailoRT] [info] [hef.cpp:745] [parse_hef_file]         Action: WriteDataCCWPtr (Index: 1, Offset: 15932080, Size: 17800)
[2026-01-21 00:24:41.758] [446476] [HailoRT] [info] [hef.cpp:745] [parse_hef_file]         Action: WriteDataCCWPtr (Index: 1, Offset: 15949880, Size: 8928)
[2026-01-21 00:24:41.758] [446476] [HailoRT] [info] [hef.cpp:745] [parse_hef_file]         Action: WriteDataCCWPtr (Index: 1, Offset: 15958808, Size: 18280)
[2026-01-21 00:24:41.758] [446476] [HailoRT] [info] [hef.cpp:745] [parse_hef_file]         Action: WriteDataCCWPtr (Index: 1, Offset: 15977088, Size: 9136)
[2026-01-21 00:24:41.758] [446476] [HailoRT] [info] [hef.cpp:745] [parse_hef_file]         Action: WriteDataCCWPtr (Index: 1, Offset: 15986224, Size: 18088)
[2026-01-21 00:24:41.758] [446476] [HailoRT] [info] [hef.cpp:745] [parse_hef_file]         Action: WriteDataCCWPtr (Index: 1, Offset: 16004312, Size: 9072)
[2026-01-21 00:24:41.758] [446476] [HailoRT] [info] [hef.cpp:745] [parse_hef_file]         Action: WriteDataCCWPtr (Index: 1, Offset: 16013384, Size: 18096)
[2026-01-21 00:24:41.758] [446476] [HailoRT] [info] [hef.cpp:745] [parse_hef_file]         Action: WriteDataCCWPtr (Index: 1, Offset: 16031480, Size: 9048)
[2026-01-21 00:24:41.758] [446476] [HailoRT] [info] [hef.cpp:745] [parse_hef_file]         Action: WriteDataCCWPtr (Index: 1, Offset: 16040528, Size: 18040)
[2026-01-21 00:24:41.758] [446476] [HailoRT] [info] [hef.cpp:745] [parse_hef_file]         Action: WriteDataCCWPtr (Index: 1, Offset: 16058568, Size: 9032)
[2026-01-21 00:24:41.758] [446476] [HailoRT] [info] [hef.cpp:745] [parse_hef_file]         Action: WriteDataCCWPtr (Index: 1, Offset: 16067600, Size: 23928)
[2026-01-21 00:24:41.758] [446476] [HailoRT] [info] [hef.cpp:745] [parse_hef_file]         Action: WriteDataCCWPtr (Index: 1, Offset: 16091528, Size: 2912)
[2026-01-21 00:24:41.758] [446476] [HailoRT] [info] [hef.cpp:745] [parse_hef_file]         Action: WriteDataCCWPtr (Index: 1, Offset: 16094440, Size: 3080)
[2026-01-21 00:24:41.758] [446476] [HailoRT] [info] [hef.cpp:745] [parse_hef_file]         Action: WriteDataCCWPtr (Index: 1, Offset: 16097520, Size: 3048)
[2026-01-21 00:24:41.758] [446476] [HailoRT] [info] [hef.cpp:745] [parse_hef_file]         Action: WriteDataCCWPtr (Index: 1, Offset: 16100568, Size: 25544)
[2026-01-21 00:24:41.758] [446476] [HailoRT] [info] [hef.cpp:745] [parse_hef_file]         Action: WriteDataCCWPtr (Index: 1, Offset: 16126112, Size: 3152)
[2026-01-21 00:24:41.758] [446476] [HailoRT] [info] [hef.cpp:745] [parse_hef_file]         Action: WriteDataCCWPtr (Index: 1, Offset: 16129264, Size: 25144)
[2026-01-21 00:24:41.758] [446476] [HailoRT] [info] [hef.cpp:745] [parse_hef_file]         Action: WriteDataCCWPtr (Index: 1, Offset: 16154408, Size: 3072)
[2026-01-21 00:24:41.758] [446476] [HailoRT] [info] [hef.cpp:745] [parse_hef_file]         Action: WriteDataCCWPtr (Index: 1, Offset: 16157480, Size: 22968)
[2026-01-21 00:24:41.758] [446476] [HailoRT] [info] [hef.cpp:745] [parse_hef_file]         Action: WriteDataCCWPtr (Index: 1, Offset: 16180448, Size: 2864)
[2026-01-21 00:24:41.758] [446476] [HailoRT] [info] [hef.cpp:745] [parse_hef_file]         Action: WriteDataCCWPtr (Index: 1, Offset: 16183312, Size: 25608)
[2026-01-21 00:24:41.758] [446476] [HailoRT] [info] [hef.cpp:745] [parse_hef_file]         Action: WriteDataCCWPtr (Index: 1, Offset: 16208920, Size: 3120)
[2026-01-21 00:24:41.758] [446476] [HailoRT] [info] [hef.cpp:745] [parse_hef_file]         Action: WriteDataCCWPtr (Index: 1, Offset: 16212040, Size: 2928)
[2026-01-21 00:24:41.758] [446476] [HailoRT] [info] [hef.cpp:745] [parse_hef_file]         Action: WriteDataCCWPtr (Index: 1, Offset: 16214968, Size: 23968)
[2026-01-21 00:24:41.758] [446476] [HailoRT] [info] [hef.cpp:745] [parse_hef_file]         Action: WriteDataCCWPtr (Index: 1, Offset: 16238936, Size: 2944)
[2026-01-21 00:24:41.758] [446476] [HailoRT] [info] [hef.cpp:745] [parse_hef_file]         Action: WriteDataCCWPtr (Index: 1, Offset: 16241880, Size: 2736)
[2026-01-21 00:24:41.758] [446476] [HailoRT] [info] [hef.cpp:745] [parse_hef_file]         Action: WriteDataCCWPtr (Index: 1, Offset: 16244616, Size: 22704)
[2026-01-21 00:24:41.758] [446476] [HailoRT] [info] [hef.cpp:745] [parse_hef_file]         Action: WriteDataCCWPtr (Index: 1, Offset: 16267320, Size: 2784)
[2026-01-21 00:24:41.758] [446476] [HailoRT] [info] [hef.cpp:745] [parse_hef_file]         Action: WriteDataCCWPtr (Index: 1, Offset: 16270104, Size: 24656)
[2026-01-21 00:24:41.758] [446476] [HailoRT] [info] [hef.cpp:745] [parse_hef_file]         Action: WriteDataCCWPtr (Index: 1, Offset: 16294760, Size: 23800)
[2026-01-21 00:24:41.758] [446476] [HailoRT] [info] [hef.cpp:745] [parse_hef_file]         Action: WriteDataCCWPtr (Index: 1, Offset: 16318560, Size: 2896)
[2026-01-21 00:24:41.758] [446476] [HailoRT] [info] [hef.cpp:745] [parse_hef_file]         Action: WriteDataCCWPtr (Index: 1, Offset: 16321456, Size: 23528)
[2026-01-21 00:24:41.758] [446476] [HailoRT] [info] [hef.cpp:745] [parse_hef_file]         Action: WriteDataCCWPtr (Index: 1, Offset: 16344984, Size: 24880)
[2026-01-21 00:24:41.758] [446476] [HailoRT] [info] [hef.cpp:745] [parse_hef_file]         Action: WriteDataCCWPtr (Index: 1, Offset: 16369864, Size: 3024)
[2026-01-21 00:24:41.758] [446476] [HailoRT] [info] [hef.cpp:745] [parse_hef_file]         Action: WriteDataCCWPtr (Index: 1, Offset: 16372888, Size: 24928)
[2026-01-21 00:24:41.758] [446476] [HailoRT] [info] [hef.cpp:745] [parse_hef_file]         Action: WriteDataCCWPtr (Index: 1, Offset: 16397816, Size: 3032)
[2026-01-21 00:24:41.758] [446476] [HailoRT] [info] [hef.cpp:745] [parse_hef_file]         Action: WriteDataCCWPtr (Index: 1, Offset: 16400848, Size: 24216)
[2026-01-21 00:24:41.758] [446476] [HailoRT] [info] [hef.cpp:745] [parse_hef_file]         Action: WriteDataCCWPtr (Index: 1, Offset: 16425064, Size: 2952)
[2026-01-21 00:24:41.758] [446476] [HailoRT] [info] [hef.cpp:745] [parse_hef_file]         Action: WriteDataCCWPtr (Index: 1, Offset: 16428016, Size: 23736)
[2026-01-21 00:24:41.758] [446476] [HailoRT] [info] [hef.cpp:745] [parse_hef_file]         Action: WriteDataCCWPtr (Index: 1, Offset: 16451752, Size: 2928)
[2026-01-21 00:24:41.758] [446476] [HailoRT] [info] [hef.cpp:745] [parse_hef_file]         Action: WriteDataCCWPtr (Index: 1, Offset: 16454680, Size: 25856)
[2026-01-21 00:24:41.758] [446476] [HailoRT] [info] [hef.cpp:745] [parse_hef_file]         Action: WriteDataCCWPtr (Index: 1, Offset: 16480536, Size: 3144)
[2026-01-21 00:24:41.758] [446476] [HailoRT] [info] [hef.cpp:745] [parse_hef_file]         Action: WriteDataCCWPtr (Index: 1, Offset: 16483680, Size: 23352)
[2026-01-21 00:24:41.759] [446476] [HailoRT] [info] [hef.cpp:745] [parse_hef_file]         Action: WriteDataCCWPtr (Index: 1, Offset: 16507032, Size: 2896)
[2026-01-21 00:24:41.759] [446476] [HailoRT] [info] [hef.cpp:745] [parse_hef_file]         Action: WriteDataCCWPtr (Index: 1, Offset: 16509928, Size: 24368)
[2026-01-21 00:24:41.759] [446476] [HailoRT] [info] [hef.cpp:745] [parse_hef_file]         Action: WriteDataCCWPtr (Index: 1, Offset: 16534296, Size: 2936)
[2026-01-21 00:24:41.759] [446476] [HailoRT] [info] [hef.cpp:745] [parse_hef_file]         Action: WriteDataCCWPtr (Index: 1, Offset: 16537232, Size: 24928)
[2026-01-21 00:24:41.759] [446476] [HailoRT] [info] [hef.cpp:745] [parse_hef_file]         Action: WriteDataCCWPtr (Index: 1, Offset: 16562160, Size: 3056)
[2026-01-21 00:24:41.759] [446476] [HailoRT] [info] [hef.cpp:745] [parse_hef_file]         Action: WriteDataCCWPtr (Index: 1, Offset: 16565216, Size: 21032)
[2026-01-21 00:24:41.759] [446476] [HailoRT] [info] [hef.cpp:745] [parse_hef_file]         Action: WriteDataCCWPtr (Index: 1, Offset: 16586248, Size: 20472)
[2026-01-21 00:24:41.759] [446476] [HailoRT] [info] [hef.cpp:745] [parse_hef_file]         Action: WriteDataCCWPtr (Index: 1, Offset: 16606720, Size: 21056)
[2026-01-21 00:24:41.759] [446476] [HailoRT] [info] [hef.cpp:745] [parse_hef_file]         Action: WriteDataCCWPtr (Index: 1, Offset: 16627776, Size: 20760)
[2026-01-21 00:24:41.759] [446476] [HailoRT] [info] [hef.cpp:745] [parse_hef_file]         Action: WriteDataCCWPtr (Index: 1, Offset: 16648536, Size: 20664)
[2026-01-21 00:24:41.759] [446476] [HailoRT] [info] [hef.cpp:745] [parse_hef_file]         Action: WriteDataCCWPtr (Index: 1, Offset: 16669200, Size: 20576)
[2026-01-21 00:24:41.759] [446476] [HailoRT] [info] [hef.cpp:745] [parse_hef_file]         Action: WriteDataCCWPtr (Index: 1, Offset: 16689776, Size: 20712)
[2026-01-21 00:24:41.759] [446476] [HailoRT] [info] [hef.cpp:745] [parse_hef_file]         Action: WriteDataCCWPtr (Index: 1, Offset: 16710488, Size: 20768)
[2026-01-21 00:24:41.759] [446476] [HailoRT] [info] [hef.cpp:745] [parse_hef_file]         Action: WriteDataCCWPtr (Index: 1, Offset: 16731256, Size: 20496)
[2026-01-21 00:24:41.759] [446476] [HailoRT] [info] [hef.cpp:745] [parse_hef_file]         Action: WriteDataCCWPtr (Index: 1, Offset: 16751752, Size: 20728)
[2026-01-21 00:24:41.759] [446476] [HailoRT] [info] [hef.cpp:745] [parse_hef_file]         Action: WriteDataCCWPtr (Index: 1, Offset: 16772480, Size: 20960)
[2026-01-21 00:24:41.759] [446476] [HailoRT] [info] [hef.cpp:745] [parse_hef_file]         Action: WriteDataCCWPtr (Index: 1, Offset: 16793440, Size: 20560)
[2026-01-21 00:24:41.759] [446476] [HailoRT] [info] [hef.cpp:745] [parse_hef_file]         Action: WriteDataCCWPtr (Index: 1, Offset: 16814000, Size: 20624)
[2026-01-21 00:24:41.759] [446476] [HailoRT] [info] [hef.cpp:745] [parse_hef_file]         Action: WriteDataCCWPtr (Index: 1, Offset: 16834624, Size: 20880)
[2026-01-21 00:24:41.759] [446476] [HailoRT] [info] [hef.cpp:745] [parse_hef_file]         Action: WriteDataCCWPtr (Index: 1, Offset: 16855504, Size: 20568)
[2026-01-21 00:24:41.759] [446476] [HailoRT] [info] [hef.cpp:745] [parse_hef_file]         Action: WriteDataCCWPtr (Index: 1, Offset: 16876072, Size: 20896)
[2026-01-21 00:24:41.759] [446476] [HailoRT] [info] [hef.cpp:745] [parse_hef_file]         Action: WriteDataCCWPtr (Index: 1, Offset: 16896968, Size: 20472)
[2026-01-21 00:24:41.759] [446476] [HailoRT] [info] [hef.cpp:745] [parse_hef_file]         Action: WriteDataCCWPtr (Index: 0, Offset: 11718448, Size: 17280)
[2026-01-21 00:24:41.759] [446476] [HailoRT] [info] [hef.cpp:745] [parse_hef_file]         Action: WriteDataCCWPtr (Index: 0, Offset: 11735728, Size: 2936)
[2026-01-21 00:24:41.759] [446476] [HailoRT] [info] [hef.cpp:745] [parse_hef_file]         Action: WriteDataCCWPtr (Index: 0, Offset: 11738664, Size: 16)
[2026-01-21 00:24:41.759] [446476] [HailoRT] [info] [hef.cpp:745] [parse_hef_file]         Action: WriteDataCCWPtr (Index: 1, Offset: 16917440, Size: 12400)
[2026-01-21 00:24:41.759] [446476] [HailoRT] [info] [hef.cpp:745] [parse_hef_file]         Action: WriteDataCCWPtr (Index: 1, Offset: 16929840, Size: 16)
[2026-01-21 00:24:41.759] [446476] [HailoRT] [info] [hef.cpp:745] [parse_hef_file]         Action: WriteDataCCWPtr (Index: 1, Offset: 16929856, Size: 10880)
[2026-01-21 00:24:41.759] [446476] [HailoRT] [info] [hef.cpp:745] [parse_hef_file]         Action: WriteDataCCWPtr (Index: 1, Offset: 16940736, Size: 16)
[2026-01-21 00:24:41.759] [446476] [HailoRT] [info] [hef.cpp:743] [parse_hef_file]       Op 1: Trigger: LayerController (Cluster: 5, LC: 0)
[2026-01-21 00:24:41.759] [446476] [HailoRT] [info] [hef.cpp:745] [parse_hef_file]         Action: DisableLayerController (Cluster: 5, LC: 0)
[2026-01-21 00:24:41.759] [446476] [HailoRT] [info] [hef.cpp:745] [parse_hef_file]         Action: WriteDataCCWPtr (Index: 0, Offset: 11738680, Size: 21312)
[2026-01-21 00:24:41.759] [446476] [HailoRT] [info] [hef.cpp:745] [parse_hef_file]         Action: WriteDataCCWPtr (Index: 0, Offset: 11759992, Size: 6248)
[2026-01-21 00:24:41.759] [446476] [HailoRT] [info] [hef.cpp:745] [parse_hef_file]         Action: WriteDataCCWPtr (Index: 0, Offset: 11766240, Size: 16)
[2026-01-21 00:24:41.759] [446476] [HailoRT] [info] [hef.cpp:745] [parse_hef_file]         Action: WriteDataCCWPtr (Index: 0, Offset: 11766256, Size: 72)
[2026-01-21 00:24:41.759] [446476] [HailoRT] [info] [hef.cpp:745] [parse_hef_file]         Action: WriteDataCCWPtr (Index: 0, Offset: 11766328, Size: 20840)
[2026-01-21 00:24:41.759] [446476] [HailoRT] [info] [hef.cpp:745] [parse_hef_file]         Action: WriteDataCCWPtr (Index: 1, Offset: 16940752, Size: 24584)
[2026-01-21 00:24:41.759] [446476] [HailoRT] [info] [hef.cpp:745] [parse_hef_file]         Action: WriteDataCCWPtr (Index: 1, Offset: 16965336, Size: 18024)
[2026-01-21 00:24:41.759] [446476] [HailoRT] [info] [hef.cpp:745] [parse_hef_file]         Action: WriteDataCCWPtr (Index: 1, Offset: 16983360, Size: 9048)
[2026-01-21 00:24:41.759] [446476] [HailoRT] [info] [hef.cpp:745] [parse_hef_file]         Action: WriteDataCCWPtr (Index: 1, Offset: 16992408, Size: 18248)
[2026-01-21 00:24:41.759] [446476] [HailoRT] [info] [hef.cpp:743] [parse_hef_file]       Op 2: Trigger: LayerController (Cluster: 5, LC: 13)
[2026-01-21 00:24:41.759] [446476] [HailoRT] [info] [hef.cpp:745] [parse_hef_file]         Action: DisableLayerController (Cluster: 5, LC: 13)
[2026-01-21 00:24:41.759] [446476] [HailoRT] [info] [hef.cpp:745] [parse_hef_file]         Action: WriteDataCCWPtr (Index: 0, Offset: 11787168, Size: 20680)
[2026-01-21 00:24:41.759] [446476] [HailoRT] [info] [hef.cpp:745] [parse_hef_file]         Action: WriteDataCCWPtr (Index: 0, Offset: 11807848, Size: 16)
[2026-01-21 00:24:41.759] [446476] [HailoRT] [info] [hef.cpp:745] [parse_hef_file]         Action: WriteDataCCWPtr (Index: 1, Offset: 17010656, Size: 23976)
[2026-01-21 00:24:41.759] [446476] [HailoRT] [info] [hef.cpp:743] [parse_hef_file]       Op 3: Trigger: LayerController (Cluster: 5, LC: 14)
[2026-01-21 00:24:41.759] [446476] [HailoRT] [info] [hef.cpp:745] [parse_hef_file]         Action: DisableLayerController (Cluster: 5, LC: 14)
[2026-01-21 00:24:41.759] [446476] [HailoRT] [info] [hef.cpp:745] [parse_hef_file]         Action: WriteDataCCWPtr (Index: 1, Offset: 17034632, Size: 9184)
[2026-01-21 00:24:41.759] [446476] [HailoRT] [info] [hef.cpp:743] [parse_hef_file]       Op 4: Trigger: LayerController (Cluster: 0, LC: 0)
[2026-01-21 00:24:41.759] [446476] [HailoRT] [info] [hef.cpp:745] [parse_hef_file]         Action: DisableLayerController (Cluster: 0, LC: 0)
[2026-01-21 00:24:41.759] [446476] [HailoRT] [info] [hef.cpp:745] [parse_hef_file]         Action: WriteDataCCWPtr (Index: 0, Offset: 11807864, Size: 17256)
[2026-01-21 00:24:41.759] [446476] [HailoRT] [info] [hef.cpp:743] [parse_hef_file]       Op 5: Trigger: LayerController (Cluster: 0, LC: 3)
[2026-01-21 00:24:41.759] [446476] [HailoRT] [info] [hef.cpp:745] [parse_hef_file]         Action: DisableLayerController (Cluster: 0, LC: 3)
[2026-01-21 00:24:41.759] [446476] [HailoRT] [info] [hef.cpp:743] [parse_hef_file]       Op 6: Trigger: LayerController (Cluster: 7, LC: 0)
[2026-01-21 00:24:41.759] [446476] [HailoRT] [info] [hef.cpp:745] [parse_hef_file]         Action: DisableLayerController (Cluster: 7, LC: 0)
[2026-01-21 00:24:41.759] [446476] [HailoRT] [info] [hef.cpp:743] [parse_hef_file]       Op 7: Trigger: LayerController (Cluster: 0, LC: 7)
[2026-01-21 00:24:41.759] [446476] [HailoRT] [info] [hef.cpp:745] [parse_hef_file]         Action: DisableLayerController (Cluster: 0, LC: 7)
[2026-01-21 00:24:41.759] [446476] [HailoRT] [info] [hef.cpp:743] [parse_hef_file]       Op 8: Trigger: LayerController (Cluster: 0, LC: 6)
[2026-01-21 00:24:41.759] [446476] [HailoRT] [info] [hef.cpp:745] [parse_hef_file]         Action: DisableLayerController (Cluster: 0, LC: 6)
[2026-01-21 00:24:41.759] [446476] [HailoRT] [info] [hef.cpp:743] [parse_hef_file]       Op 9: Trigger: LayerController (Cluster: 0, LC: 5)
[2026-01-21 00:24:41.759] [446476] [HailoRT] [info] [hef.cpp:745] [parse_hef_file]         Action: DisableLayerController (Cluster: 0, LC: 5)
[2026-01-21 00:24:41.759] [446476] [HailoRT] [info] [hef.cpp:743] [parse_hef_file]       Op 10: Trigger: LayerController (Cluster: 0, LC: 12)
[2026-01-21 00:24:41.759] [446476] [HailoRT] [info] [hef.cpp:745] [parse_hef_file]         Action: DisableLayerController (Cluster: 0, LC: 12)
[2026-01-21 00:24:41.759] [446476] [HailoRT] [info] [hef.cpp:743] [parse_hef_file]       Op 11: Trigger: LayerController (Cluster: 0, LC: 9)
[2026-01-21 00:24:41.759] [446476] [HailoRT] [info] [hef.cpp:745] [parse_hef_file]         Action: DisableLayerController (Cluster: 0, LC: 9)
[2026-01-21 00:24:41.759] [446476] [HailoRT] [info] [hef.cpp:743] [parse_hef_file]       Op 12: Trigger: LayerController (Cluster: 0, LC: 10)
[2026-01-21 00:24:41.759] [446476] [HailoRT] [info] [hef.cpp:745] [parse_hef_file]         Action: DisableLayerController (Cluster: 0, LC: 10)
[2026-01-21 00:24:41.759] [446476] [HailoRT] [info] [hef.cpp:743] [parse_hef_file]       Op 13: Trigger: LayerController (Cluster: 0, LC: 8)
[2026-01-21 00:24:41.759] [446476] [HailoRT] [info] [hef.cpp:745] [parse_hef_file]         Action: DisableLayerController (Cluster: 0, LC: 8)
[2026-01-21 00:24:41.759] [446476] [HailoRT] [info] [hef.cpp:743] [parse_hef_file]       Op 14: Trigger: LayerController (Cluster: 0, LC: 11)
[2026-01-21 00:24:41.759] [446476] [HailoRT] [info] [hef.cpp:745] [parse_hef_file]         Action: DisableLayerController (Cluster: 0, LC: 11)
[2026-01-21 00:24:41.759] [446476] [HailoRT] [info] [hef.cpp:743] [parse_hef_file]       Op 15: Trigger: LayerController (Cluster: 0, LC: 15)
[2026-01-21 00:24:41.759] [446476] [HailoRT] [info] [hef.cpp:745] [parse_hef_file]         Action: DisableLayerController (Cluster: 0, LC: 15)
[2026-01-21 00:24:41.759] [446476] [HailoRT] [info] [hef.cpp:745] [parse_hef_file]         Action: WriteDataCCWPtr (Index: 0, Offset: 11825120, Size: 17208)
[2026-01-21 00:24:41.759] [446476] [HailoRT] [info] [hef.cpp:743] [parse_hef_file]       Op 16: Trigger: LayerController (Cluster: 0, LC: 14)
[2026-01-21 00:24:41.759] [446476] [HailoRT] [info] [hef.cpp:745] [parse_hef_file]         Action: DisableLayerController (Cluster: 0, LC: 14)
[2026-01-21 00:24:41.759] [446476] [HailoRT] [info] [hef.cpp:745] [parse_hef_file]         Action: WriteDataCCWPtr (Index: 0, Offset: 11842328, Size: 17192)
[2026-01-21 00:24:41.759] [446476] [HailoRT] [info] [hef.cpp:745] [parse_hef_file]         Action: WriteDataCCWPtr (Index: 0, Offset: 11859520, Size: 17208)
[2026-01-21 00:24:41.759] [446476] [HailoRT] [info] [hef.cpp:745] [parse_hef_file]         Action: WriteDataCCWPtr (Index: 0, Offset: 11876728, Size: 17192)
[2026-01-21 00:24:41.759] [446476] [HailoRT] [info] [hef.cpp:745] [parse_hef_file]         Action: WriteDataCCWPtr (Index: 0, Offset: 11893920, Size: 17144)
[2026-01-21 00:24:41.759] [446476] [HailoRT] [info] [hef.cpp:743] [parse_hef_file]       Op 17: Trigger: LayerController (Cluster: 5, LC: 4)
[2026-01-21 00:24:41.759] [446476] [HailoRT] [info] [hef.cpp:745] [parse_hef_file]         Action: DisableLayerController (Cluster: 5, LC: 4)
[2026-01-21 00:24:41.759] [446476] [HailoRT] [info] [hef.cpp:745] [parse_hef_file]         Action: WriteDataCCWPtr (Index: 1, Offset: 17043816, Size: 24040)
[2026-01-21 00:24:41.759] [446476] [HailoRT] [info] [hef.cpp:745] [parse_hef_file]         Action: WriteDataCCWPtr (Index: 1, Offset: 17067856, Size: 23776)
[2026-01-21 00:24:41.759] [446476] [HailoRT] [info] [hef.cpp:745] [parse_hef_file]         Action: WriteDataCCWPtr (Index: 1, Offset: 17091632, Size: 24104)
[2026-01-21 00:24:41.759] [446476] [HailoRT] [info] [hef.cpp:745] [parse_hef_file]         Action: WriteDataCCWPtr (Index: 1, Offset: 17115736, Size: 9104)
[2026-01-21 00:24:41.759] [446476] [HailoRT] [info] [hef.cpp:743] [parse_hef_file]       Op 18: Trigger: LayerController (Cluster: 0, LC: 1)
[2026-01-21 00:24:41.759] [446476] [HailoRT] [info] [hef.cpp:745] [parse_hef_file]         Action: DisableLayerController (Cluster: 0, LC: 1)
[2026-01-21 00:24:41.759] [446476] [HailoRT] [info] [hef.cpp:745] [parse_hef_file]         Action: WriteDataCCWPtr (Index: 0, Offset: 11911064, Size: 17120)
[2026-01-21 00:24:41.759] [446476] [HailoRT] [info] [hef.cpp:745] [parse_hef_file]         Action: WriteDataCCWPtr (Index: 0, Offset: 11928184, Size: 17200)
[2026-01-21 00:24:41.759] [446476] [HailoRT] [info] [hef.cpp:745] [parse_hef_file]         Action: WriteDataCCWPtr (Index: 0, Offset: 11945384, Size: 17112)
[2026-01-21 00:24:41.759] [446476] [HailoRT] [info] [hef.cpp:745] [parse_hef_file]         Action: WriteDataCCWPtr (Index: 0, Offset: 11962496, Size: 17112)
[2026-01-21 00:24:41.759] [446476] [HailoRT] [info] [hef.cpp:745] [parse_hef_file]         Action: WriteDataCCWPtr (Index: 0, Offset: 11979608, Size: 17184)
[2026-01-21 00:24:41.759] [446476] [HailoRT] [info] [hef.cpp:745] [parse_hef_file]         Action: WriteDataCCWPtr (Index: 0, Offset: 11996792, Size: 17168)
[2026-01-21 00:24:41.759] [446476] [HailoRT] [info] [hef.cpp:743] [parse_hef_file]       Op 19: Trigger: LayerController (Cluster: 6, LC: 0)
[2026-01-21 00:24:41.759] [446476] [HailoRT] [info] [hef.cpp:745] [parse_hef_file]         Action: DisableLayerController (Cluster: 6, LC: 0)
[2026-01-21 00:24:41.759] [446476] [HailoRT] [info] [hef.cpp:745] [parse_hef_file]         Action: WriteDataCCWPtr (Index: 1, Offset: 17124840, Size: 17248)
[2026-01-21 00:24:41.759] [446476] [HailoRT] [info] [hef.cpp:745] [parse_hef_file]         Action: WriteDataCCWPtr (Index: 1, Offset: 17142088, Size: 17272)
[2026-01-21 00:24:41.759] [446476] [HailoRT] [info] [hef.cpp:745] [parse_hef_file]         Action: WriteDataCCWPtr (Index: 1, Offset: 17159360, Size: 17232)
[2026-01-21 00:24:41.759] [446476] [HailoRT] [info] [hef.cpp:745] [parse_hef_file]         Action: WriteDataCCWPtr (Index: 1, Offset: 17176592, Size: 16776)
[2026-01-21 00:24:41.759] [446476] [HailoRT] [info] [hef.cpp:743] [parse_hef_file]       Op 20: Trigger: LayerController (Cluster: 2, LC: 0)
[2026-01-21 00:24:41.759] [446476] [HailoRT] [info] [hef.cpp:745] [parse_hef_file]         Action: DisableLayerController (Cluster: 2, LC: 0)
[2026-01-21 00:24:41.759] [446476] [HailoRT] [info] [hef.cpp:745] [parse_hef_file]         Action: WriteDataCCWPtr (Index: 0, Offset: 12013960, Size: 24720)
[2026-01-21 00:24:41.759] [446476] [HailoRT] [info] [hef.cpp:745] [parse_hef_file]         Action: WriteDataCCWPtr (Index: 0, Offset: 12038680, Size: 3000)
[2026-01-21 00:24:41.759] [446476] [HailoRT] [info] [hef.cpp:743] [parse_hef_file]       Op 21: Trigger: LayerController (Cluster: 2, LC: 14)
[2026-01-21 00:24:41.759] [446476] [HailoRT] [info] [hef.cpp:745] [parse_hef_file]         Action: DisableLayerController (Cluster: 2, LC: 14)
[2026-01-21 00:24:41.759] [446476] [HailoRT] [info] [hef.cpp:745] [parse_hef_file]         Action: WriteDataCCWPtr (Index: 0, Offset: 12041680, Size: 24480)
[2026-01-21 00:24:41.759] [446476] [HailoRT] [info] [hef.cpp:745] [parse_hef_file]         Action: WriteDataCCWPtr (Index: 0, Offset: 12066160, Size: 2952)
[2026-01-21 00:24:41.759] [446476] [HailoRT] [info] [hef.cpp:743] [parse_hef_file]       Op 22: Trigger: LayerController (Cluster: 2, LC: 2)
[2026-01-21 00:24:41.759] [446476] [HailoRT] [info] [hef.cpp:745] [parse_hef_file]         Action: DisableLayerController (Cluster: 2, LC: 2)
[2026-01-21 00:24:41.759] [446476] [HailoRT] [info] [hef.cpp:745] [parse_hef_file]         Action: WriteDataCCWPtr (Index: 0, Offset: 12069112, Size: 3680)
[2026-01-21 00:24:41.759] [446476] [HailoRT] [info] [hef.cpp:745] [parse_hef_file]         Action: WriteDataCCWPtr (Index: 0, Offset: 12072792, Size: 24832)
[2026-01-21 00:24:41.759] [446476] [HailoRT] [info] [hef.cpp:743] [parse_hef_file]       Op 23: Trigger: LayerController (Cluster: 2, LC: 15)
[2026-01-21 00:24:41.759] [446476] [HailoRT] [info] [hef.cpp:745] [parse_hef_file]         Action: DisableLayerController (Cluster: 2, LC: 15)
[2026-01-21 00:24:41.759] [446476] [HailoRT] [info] [hef.cpp:745] [parse_hef_file]         Action: WriteDataCCWPtr (Index: 0, Offset: 12097624, Size: 24632)
[2026-01-21 00:24:41.759] [446476] [HailoRT] [info] [hef.cpp:745] [parse_hef_file]         Action: WriteDataCCWPtr (Index: 0, Offset: 12122256, Size: 24704)
[2026-01-21 00:24:41.759] [446476] [HailoRT] [info] [hef.cpp:745] [parse_hef_file]         Action: WriteDataCCWPtr (Index: 0, Offset: 12146960, Size: 24096)
[2026-01-21 00:24:41.759] [446476] [HailoRT] [info] [hef.cpp:745] [parse_hef_file]         Action: WriteDataCCWPtr (Index: 0, Offset: 12171056, Size: 24232)
[2026-01-21 00:24:41.759] [446476] [HailoRT] [info] [hef.cpp:745] [parse_hef_file]         Action: WriteDataCCWPtr (Index: 0, Offset: 12195288, Size: 24048)
[2026-01-21 00:24:41.759] [446476] [HailoRT] [info] [hef.cpp:745] [parse_hef_file]         Action: WriteDataCCWPtr (Index: 0, Offset: 12219336, Size: 24272)
[2026-01-21 00:24:41.759] [446476] [HailoRT] [info] [hef.cpp:743] [parse_hef_file]       Op 24: Trigger: LayerController (Cluster: 2, LC: 3)
[2026-01-21 00:24:41.759] [446476] [HailoRT] [info] [hef.cpp:745] [parse_hef_file]         Action: DisableLayerController (Cluster: 2, LC: 3)
[2026-01-21 00:24:41.759] [446476] [HailoRT] [info] [hef.cpp:745] [parse_hef_file]         Action: WriteDataCCWPtr (Index: 0, Offset: 12243608, Size: 24056)
[2026-01-21 00:24:41.759] [446476] [HailoRT] [info] [hef.cpp:743] [parse_hef_file]       Op 25: Trigger: LayerController (Cluster: 2, LC: 6)
[2026-01-21 00:24:41.759] [446476] [HailoRT] [info] [hef.cpp:745] [parse_hef_file]         Action: DisableLayerController (Cluster: 2, LC: 6)
[2026-01-21 00:24:41.759] [446476] [HailoRT] [info] [hef.cpp:743] [parse_hef_file]       Op 26: Trigger: LayerController (Cluster: 2, LC: 12)
[2026-01-21 00:24:41.759] [446476] [HailoRT] [info] [hef.cpp:745] [parse_hef_file]         Action: DisableLayerController (Cluster: 2, LC: 12)
[2026-01-21 00:24:41.759] [446476] [HailoRT] [info] [hef.cpp:745] [parse_hef_file]         Action: WriteDataCCWPtr (Index: 0, Offset: 12267664, Size: 3752)
[2026-01-21 00:24:41.759] [446476] [HailoRT] [info] [hef.cpp:745] [parse_hef_file]         Action: WriteDataCCWPtr (Index: 0, Offset: 12271416, Size: 3032)
[2026-01-21 00:24:41.759] [446476] [HailoRT] [info] [hef.cpp:743] [parse_hef_file]       Op 27: Trigger: LayerController (Cluster: 2, LC: 13)
[2026-01-21 00:24:41.759] [446476] [HailoRT] [info] [hef.cpp:745] [parse_hef_file]         Action: DisableLayerController (Cluster: 2, LC: 13)
[2026-01-21 00:24:41.759] [446476] [HailoRT] [info] [hef.cpp:745] [parse_hef_file]         Action: WriteDataCCWPtr (Index: 0, Offset: 12274448, Size: 24304)
[2026-01-21 00:24:41.759] [446476] [HailoRT] [info] [hef.cpp:745] [parse_hef_file]         Action: WriteDataCCWPtr (Index: 0, Offset: 12298752, Size: 24408)
[2026-01-21 00:24:41.759] [446476] [HailoRT] [info] [hef.cpp:745] [parse_hef_file]         Action: WriteDataCCWPtr (Index: 0, Offset: 12323160, Size: 25024)
[2026-01-21 00:24:41.759] [446476] [HailoRT] [info] [hef.cpp:743] [parse_hef_file]       Op 28: Trigger: LayerController (Cluster: 4, LC: 0)
[2026-01-21 00:24:41.759] [446476] [HailoRT] [info] [hef.cpp:745] [parse_hef_file]         Action: DisableLayerController (Cluster: 4, LC: 0)
[2026-01-21 00:24:41.759] [446476] [HailoRT] [info] [hef.cpp:745] [parse_hef_file]         Action: WriteDataCCWPtr (Index: 1, Offset: 17193368, Size: 6040)
[2026-01-21 00:24:41.759] [446476] [HailoRT] [info] [hef.cpp:745] [parse_hef_file]         Action: WriteDataCCWPtr (Index: 1, Offset: 17199408, Size: 16)
[2026-01-21 00:24:41.759] [446476] [HailoRT] [info] [hef.cpp:745] [parse_hef_file]         Action: WriteDataCCWPtr (Index: 1, Offset: 17199424, Size: 23720)
[2026-01-21 00:24:41.759] [446476] [HailoRT] [info] [hef.cpp:745] [parse_hef_file]         Action: WriteDataCCWPtr (Index: 1, Offset: 17223144, Size: 23672)
[2026-01-21 00:24:41.759] [446476] [HailoRT] [info] [hef.cpp:743] [parse_hef_file]       Op 29: Trigger: LayerController (Cluster: 6, LC: 5)
[2026-01-21 00:24:41.759] [446476] [HailoRT] [info] [hef.cpp:745] [parse_hef_file]         Action: DisableLayerController (Cluster: 6, LC: 5)
[2026-01-21 00:24:41.759] [446476] [HailoRT] [info] [hef.cpp:745] [parse_hef_file]         Action: WriteDataCCWPtr (Index: 1, Offset: 17246816, Size: 3768)
[2026-01-21 00:24:41.759] [446476] [HailoRT] [info] [hef.cpp:745] [parse_hef_file]         Action: WriteDataCCWPtr (Index: 1, Offset: 17250584, Size: 26504)
[2026-01-21 00:24:41.759] [446476] [HailoRT] [info] [hef.cpp:743] [parse_hef_file]       Op 30: Trigger: LayerController (Cluster: 4, LC: 9)
[2026-01-21 00:24:41.759] [446476] [HailoRT] [info] [hef.cpp:745] [parse_hef_file]         Action: DisableLayerController (Cluster: 4, LC: 9)
[2026-01-21 00:24:41.759] [446476] [HailoRT] [info] [hef.cpp:745] [parse_hef_file]         Action: WriteDataCCWPtr (Index: 1, Offset: 17277088, Size: 17040)
[2026-01-21 00:24:41.759] [446476] [HailoRT] [info] [hef.cpp:743] [parse_hef_file]       Op 31: Trigger: LayerController (Cluster: 4, LC: 6)
[2026-01-21 00:24:41.759] [446476] [HailoRT] [info] [hef.cpp:745] [parse_hef_file]         Action: DisableLayerController (Cluster: 4, LC: 6)
[2026-01-21 00:24:41.759] [446476] [HailoRT] [info] [hef.cpp:745] [parse_hef_file]         Action: WriteDataCCWPtr (Index: 1, Offset: 17294128, Size: 23888)
[2026-01-21 00:24:41.759] [446476] [HailoRT] [info] [hef.cpp:745] [parse_hef_file]         Action: WriteDataCCWPtr (Index: 1, Offset: 17318016, Size: 19976)
[2026-01-21 00:24:41.759] [446476] [HailoRT] [info] [hef.cpp:745] [parse_hef_file]         Action: WriteDataCCWPtr (Index: 1, Offset: 17337992, Size: 10000)
[2026-01-21 00:24:41.759] [446476] [HailoRT] [info] [hef.cpp:745] [parse_hef_file]         Action: WriteDataCCWPtr (Index: 1, Offset: 17347992, Size: 20600)
[2026-01-21 00:24:41.759] [446476] [HailoRT] [info] [hef.cpp:745] [parse_hef_file]         Action: WriteDataCCWPtr (Index: 1, Offset: 17368592, Size: 10360)
[2026-01-21 00:24:41.759] [446476] [HailoRT] [info] [hef.cpp:745] [parse_hef_file]         Action: WriteDataCCWPtr (Index: 1, Offset: 17378952, Size: 8544)
[2026-01-21 00:24:41.759] [446476] [HailoRT] [info] [hef.cpp:743] [parse_hef_file]       Op 32: Trigger: LayerController (Cluster: 6, LC: 1)
[2026-01-21 00:24:41.759] [446476] [HailoRT] [info] [hef.cpp:745] [parse_hef_file]         Action: DisableLayerController (Cluster: 6, LC: 1)
[2026-01-21 00:24:41.759] [446476] [HailoRT] [info] [hef.cpp:745] [parse_hef_file]         Action: WriteDataCCWPtr (Index: 1, Offset: 17387496, Size: 28992)
[2026-01-21 00:24:41.759] [446476] [HailoRT] [info] [hef.cpp:745] [parse_hef_file]         Action: WriteDataCCWPtr (Index: 1, Offset: 17416488, Size: 30008)
[2026-01-21 00:24:41.759] [446476] [HailoRT] [info] [hef.cpp:745] [parse_hef_file]         Action: WriteDataCCWPtr (Index: 1, Offset: 17446496, Size: 4104)
[2026-01-21 00:24:41.759] [446476] [HailoRT] [info] [hef.cpp:745] [parse_hef_file]         Action: WriteDataCCWPtr (Index: 1, Offset: 17450600, Size: 32184)
[2026-01-21 00:24:41.759] [446476] [HailoRT] [info] [hef.cpp:745] [parse_hef_file]         Action: WriteDataCCWPtr (Index: 1, Offset: 17482784, Size: 28768)
[2026-01-21 00:24:41.759] [446476] [HailoRT] [info] [hef.cpp:745] [parse_hef_file]         Action: WriteDataCCWPtr (Index: 1, Offset: 17511552, Size: 3664)
[2026-01-21 00:24:41.759] [446476] [HailoRT] [info] [hef.cpp:743] [parse_hef_file]       Op 33: Trigger: LayerController (Cluster: 6, LC: 4)
[2026-01-21 00:24:41.759] [446476] [HailoRT] [info] [hef.cpp:745] [parse_hef_file]         Action: DisableLayerController (Cluster: 6, LC: 4)
[2026-01-21 00:24:41.759] [446476] [HailoRT] [info] [hef.cpp:745] [parse_hef_file]         Action: WriteDataCCWPtr (Index: 1, Offset: 17515216, Size: 3432)
[2026-01-21 00:24:41.759] [446476] [HailoRT] [info] [hef.cpp:743] [parse_hef_file]       Op 34: Trigger: LayerController (Cluster: 3, LC: 0)
[2026-01-21 00:24:41.759] [446476] [HailoRT] [info] [hef.cpp:745] [parse_hef_file]         Action: DisableLayerController (Cluster: 3, LC: 0)
[2026-01-21 00:24:41.759] [446476] [HailoRT] [info] [hef.cpp:745] [parse_hef_file]         Action: WriteDataCCWPtr (Index: 0, Offset: 12348184, Size: 3024)
[2026-01-21 00:24:41.759] [446476] [HailoRT] [info] [hef.cpp:743] [parse_hef_file]       Op 35: Trigger: LayerController (Cluster: 6, LC: 3)
[2026-01-21 00:24:41.759] [446476] [HailoRT] [info] [hef.cpp:745] [parse_hef_file]         Action: DisableLayerController (Cluster: 6, LC: 3)
[2026-01-21 00:24:41.759] [446476] [HailoRT] [info] [hef.cpp:743] [parse_hef_file]       Op 36: Trigger: LayerController (Cluster: 3, LC: 13)
[2026-01-21 00:24:41.759] [446476] [HailoRT] [info] [hef.cpp:745] [parse_hef_file]         Action: DisableLayerController (Cluster: 3, LC: 13)
[2026-01-21 00:24:41.759] [446476] [HailoRT] [info] [hef.cpp:745] [parse_hef_file]         Action: WriteDataCCWPtr (Index: 0, Offset: 12351208, Size: 23816)
[2026-01-21 00:24:41.759] [446476] [HailoRT] [info] [hef.cpp:743] [parse_hef_file]       Op 37: Trigger: LayerController (Cluster: 7, LC: 13)
[2026-01-21 00:24:41.759] [446476] [HailoRT] [info] [hef.cpp:745] [parse_hef_file]         Action: DisableLayerController (Cluster: 7, LC: 13)
[2026-01-21 00:24:41.759] [446476] [HailoRT] [info] [hef.cpp:745] [parse_hef_file]         Action: WriteDataCCWPtr (Index: 1, Offset: 17518648, Size: 24808)
[2026-01-21 00:24:41.759] [446476] [HailoRT] [info] [hef.cpp:743] [parse_hef_file]       Op 38: Trigger: LayerController (Cluster: 7, LC: 1)
[2026-01-21 00:24:41.759] [446476] [HailoRT] [info] [hef.cpp:745] [parse_hef_file]         Action: DisableLayerController (Cluster: 7, LC: 1)
[2026-01-21 00:24:41.759] [446476] [HailoRT] [info] [hef.cpp:745] [parse_hef_file]         Action: WriteDataCCWPtr (Index: 1, Offset: 17543456, Size: 23256)
[2026-01-21 00:24:41.759] [446476] [HailoRT] [info] [hef.cpp:745] [parse_hef_file]         Action: WriteDataCCWPtr (Index: 1, Offset: 17566712, Size: 2920)
[2026-01-21 00:24:41.759] [446476] [HailoRT] [info] [hef.cpp:745] [parse_hef_file]         Action: WriteDataCCWPtr (Index: 1, Offset: 17569632, Size: 2968)
[2026-01-21 00:24:41.759] [446476] [HailoRT] [info] [hef.cpp:743] [parse_hef_file]       Op 39: Trigger: LayerController (Cluster: 3, LC: 10)
[2026-01-21 00:24:41.759] [446476] [HailoRT] [info] [hef.cpp:745] [parse_hef_file]         Action: DisableLayerController (Cluster: 3, LC: 10)
[2026-01-21 00:24:41.759] [446476] [HailoRT] [info] [hef.cpp:745] [parse_hef_file]         Action: WriteDataCCWPtr (Index: 0, Offset: 12375024, Size: 3712)
[2026-01-21 00:24:41.759] [446476] [HailoRT] [info] [hef.cpp:745] [parse_hef_file]         Action: WriteDataCCWPtr (Index: 0, Offset: 12378736, Size: 26088)
[2026-01-21 00:24:41.759] [446476] [HailoRT] [info] [hef.cpp:743] [parse_hef_file]       Op 40: Trigger: LayerController (Cluster: 7, LC: 2)
[2026-01-21 00:24:41.759] [446476] [HailoRT] [info] [hef.cpp:745] [parse_hef_file]         Action: DisableLayerController (Cluster: 7, LC: 2)
[2026-01-21 00:24:41.759] [446476] [HailoRT] [info] [hef.cpp:745] [parse_hef_file]         Action: WriteDataCCWPtr (Index: 1, Offset: 17572600, Size: 22784)
[2026-01-21 00:24:41.759] [446476] [HailoRT] [info] [hef.cpp:745] [parse_hef_file]         Action: WriteDataCCWPtr (Index: 1, Offset: 17595384, Size: 2800)
[2026-01-21 00:24:41.759] [446476] [HailoRT] [info] [hef.cpp:745] [parse_hef_file]         Action: WriteDataCCWPtr (Index: 1, Offset: 17598184, Size: 21904)
[2026-01-21 00:24:41.759] [446476] [HailoRT] [info] [hef.cpp:745] [parse_hef_file]         Action: WriteDataCCWPtr (Index: 1, Offset: 17620088, Size: 23320)
[2026-01-21 00:24:41.759] [446476] [HailoRT] [info] [hef.cpp:743] [parse_hef_file]       Op 41: Trigger: LayerController (Cluster: 7, LC: 3)
[2026-01-21 00:24:41.759] [446476] [HailoRT] [info] [hef.cpp:745] [parse_hef_file]         Action: DisableLayerController (Cluster: 7, LC: 3)
[2026-01-21 00:24:41.759] [446476] [HailoRT] [info] [hef.cpp:745] [parse_hef_file]         Action: WriteDataCCWPtr (Index: 1, Offset: 17643408, Size: 24848)
[2026-01-21 00:24:41.759] [446476] [HailoRT] [info] [hef.cpp:745] [parse_hef_file]         Action: WriteDataCCWPtr (Index: 1, Offset: 17668256, Size: 2968)
[2026-01-21 00:24:41.759] [446476] [HailoRT] [info] [hef.cpp:745] [parse_hef_file]         Action: WriteDataCCWPtr (Index: 1, Offset: 17671224, Size: 24800)
[2026-01-21 00:24:41.759] [446476] [HailoRT] [info] [hef.cpp:745] [parse_hef_file]         Action: WriteDataCCWPtr (Index: 1, Offset: 17696024, Size: 3096)
[2026-01-21 00:24:41.759] [446476] [HailoRT] [info] [hef.cpp:745] [parse_hef_file]         Action: WriteDataCCWPtr (Index: 1, Offset: 17699120, Size: 2864)
[2026-01-21 00:24:41.759] [446476] [HailoRT] [info] [hef.cpp:743] [parse_hef_file]       Op 42: Trigger: LayerController (Cluster: 4, LC: 15)
[2026-01-21 00:24:41.759] [446476] [HailoRT] [info] [hef.cpp:745] [parse_hef_file]         Action: DisableLayerController (Cluster: 4, LC: 15)
[2026-01-21 00:24:41.759] [446476] [HailoRT] [info] [hef.cpp:745] [parse_hef_file]         Action: WriteDataCCWPtr (Index: 1, Offset: 17701984, Size: 23664)
[2026-01-21 00:24:41.759] [446476] [HailoRT] [info] [hef.cpp:743] [parse_hef_file]       Op 43: Trigger: LayerController (Cluster: 4, LC: 11)
[2026-01-21 00:24:41.759] [446476] [HailoRT] [info] [hef.cpp:745] [parse_hef_file]         Action: DisableLayerController (Cluster: 4, LC: 11)
[2026-01-21 00:24:41.759] [446476] [HailoRT] [info] [hef.cpp:745] [parse_hef_file]         Action: WriteDataCCWPtr (Index: 1, Offset: 17725648, Size: 9112)
[2026-01-21 00:24:41.759] [446476] [HailoRT] [info] [hef.cpp:745] [parse_hef_file]         Action: WriteDataCCWPtr (Index: 1, Offset: 17734760, Size: 18656)
[2026-01-21 00:24:41.759] [446476] [HailoRT] [info] [hef.cpp:745] [parse_hef_file]         Action: WriteDataCCWPtr (Index: 1, Offset: 17753416, Size: 9016)
[2026-01-21 00:24:41.759] [446476] [HailoRT] [info] [hef.cpp:745] [parse_hef_file]         Action: WriteDataCCWPtr (Index: 1, Offset: 17762432, Size: 16584)
[2026-01-21 00:24:41.759] [446476] [HailoRT] [info] [hef.cpp:745] [parse_hef_file]         Action: WriteDataCCWPtr (Index: 1, Offset: 17779016, Size: 8296)
[2026-01-21 00:24:41.759] [446476] [HailoRT] [info] [hef.cpp:743] [parse_hef_file]       Op 44: Trigger: LayerController (Cluster: 2, LC: 1)
[2026-01-21 00:24:41.759] [446476] [HailoRT] [info] [hef.cpp:745] [parse_hef_file]         Action: DisableLayerController (Cluster: 2, LC: 1)
[2026-01-21 00:24:41.759] [446476] [HailoRT] [info] [hef.cpp:745] [parse_hef_file]         Action: WriteDataCCWPtr (Index: 0, Offset: 12404824, Size: 24408)
[2026-01-21 00:24:41.759] [446476] [HailoRT] [info] [hef.cpp:745] [parse_hef_file]         Action: WriteDataCCWPtr (Index: 0, Offset: 12429232, Size: 24384)
[2026-01-21 00:24:41.759] [446476] [HailoRT] [info] [hef.cpp:743] [parse_hef_file]       Op 45: Trigger: LayerController (Cluster: 0, LC: 4)
[2026-01-21 00:24:41.759] [446476] [HailoRT] [info] [hef.cpp:745] [parse_hef_file]         Action: DisableLayerController (Cluster: 0, LC: 4)
[2026-01-21 00:24:41.759] [446476] [HailoRT] [info] [hef.cpp:743] [parse_hef_file]       Op 46: Trigger: LayerController (Cluster: 7, LC: 7)
[2026-01-21 00:24:41.759] [446476] [HailoRT] [info] [hef.cpp:745] [parse_hef_file]         Action: DisableLayerController (Cluster: 7, LC: 7)
[2026-01-21 00:24:41.759] [446476] [HailoRT] [info] [hef.cpp:745] [parse_hef_file]         Action: WriteDataCCWPtr (Index: 1, Offset: 17787312, Size: 24664)
[2026-01-21 00:24:41.759] [446476] [HailoRT] [info] [hef.cpp:745] [parse_hef_file]         Action: WriteDataCCWPtr (Index: 1, Offset: 17811976, Size: 24072)
[2026-01-21 00:24:41.759] [446476] [HailoRT] [info] [hef.cpp:745] [parse_hef_file]         Action: WriteDataCCWPtr (Index: 1, Offset: 17836048, Size: 24144)
[2026-01-21 00:24:41.759] [446476] [HailoRT] [info] [hef.cpp:745] [parse_hef_file]         Action: WriteDataCCWPtr (Index: 1, Offset: 17860192, Size: 23704)
[2026-01-21 00:24:41.759] [446476] [HailoRT] [info] [hef.cpp:745] [parse_hef_file]         Action: WriteDataCCWPtr (Index: 1, Offset: 17883896, Size: 2904)
[2026-01-21 00:24:41.759] [446476] [HailoRT] [info] [hef.cpp:745] [parse_hef_file]         Action: WriteDataCCWPtr (Index: 1, Offset: 17886800, Size: 23048)
[2026-01-21 00:24:41.759] [446476] [HailoRT] [info] [hef.cpp:745] [parse_hef_file]         Action: WriteDataCCWPtr (Index: 1, Offset: 17909848, Size: 2808)
[2026-01-21 00:24:41.759] [446476] [HailoRT] [info] [hef.cpp:745] [parse_hef_file]         Action: WriteDataCCWPtr (Index: 1, Offset: 17912656, Size: 24864)
[2026-01-21 00:24:41.759] [446476] [HailoRT] [info] [hef.cpp:745] [parse_hef_file]         Action: WriteDataCCWPtr (Index: 1, Offset: 17937520, Size: 2808)
[2026-01-21 00:24:41.759] [446476] [HailoRT] [info] [hef.cpp:743] [parse_hef_file]       Op 47: Trigger: LayerController (Cluster: 7, LC: 6)
[2026-01-21 00:24:41.759] [446476] [HailoRT] [info] [hef.cpp:745] [parse_hef_file]         Action: DisableLayerController (Cluster: 7, LC: 6)
[2026-01-21 00:24:41.759] [446476] [HailoRT] [info] [hef.cpp:745] [parse_hef_file]         Action: WriteDataCCWPtr (Index: 1, Offset: 17940328, Size: 24512)
[2026-01-21 00:24:41.759] [446476] [HailoRT] [info] [hef.cpp:745] [parse_hef_file]         Action: WriteDataCCWPtr (Index: 1, Offset: 17964840, Size: 23944)
[2026-01-21 00:24:41.759] [446476] [HailoRT] [info] [hef.cpp:745] [parse_hef_file]         Action: WriteDataCCWPtr (Index: 1, Offset: 17988784, Size: 25192)
[2026-01-21 00:24:41.759] [446476] [HailoRT] [info] [hef.cpp:745] [parse_hef_file]         Action: WriteDataCCWPtr (Index: 1, Offset: 18013976, Size: 3016)
[2026-01-21 00:24:41.759] [446476] [HailoRT] [info] [hef.cpp:743] [parse_hef_file]       Op 48: Trigger: LayerController (Cluster: 6, LC: 6)
[2026-01-21 00:24:41.759] [446476] [HailoRT] [info] [hef.cpp:745] [parse_hef_file]         Action: DisableLayerController (Cluster: 6, LC: 6)
[2026-01-21 00:24:41.759] [446476] [HailoRT] [info] [hef.cpp:743] [parse_hef_file]       Op 49: Trigger: LayerController (Cluster: 4, LC: 5)
[2026-01-21 00:24:41.759] [446476] [HailoRT] [info] [hef.cpp:745] [parse_hef_file]         Action: DisableLayerController (Cluster: 4, LC: 5)
[2026-01-21 00:24:41.759] [446476] [HailoRT] [info] [hef.cpp:745] [parse_hef_file]         Action: WriteDataCCWPtr (Index: 1, Offset: 18016992, Size: 20680)
[2026-01-21 00:24:41.759] [446476] [HailoRT] [info] [hef.cpp:745] [parse_hef_file]         Action: WriteDataCCWPtr (Index: 1, Offset: 18037672, Size: 10344)
[2026-01-21 00:24:41.759] [446476] [HailoRT] [info] [hef.cpp:745] [parse_hef_file]         Action: WriteDataCCWPtr (Index: 1, Offset: 18048016, Size: 19792)
[2026-01-21 00:24:41.759] [446476] [HailoRT] [info] [hef.cpp:745] [parse_hef_file]         Action: WriteDataCCWPtr (Index: 1, Offset: 18067808, Size: 9928)
[2026-01-21 00:24:41.759] [446476] [HailoRT] [info] [hef.cpp:745] [parse_hef_file]         Action: WriteDataCCWPtr (Index: 1, Offset: 18077736, Size: 18208)
[2026-01-21 00:24:41.759] [446476] [HailoRT] [info] [hef.cpp:745] [parse_hef_file]         Action: WriteDataCCWPtr (Index: 1, Offset: 18095944, Size: 9128)
[2026-01-21 00:24:41.759] [446476] [HailoRT] [info] [hef.cpp:743] [parse_hef_file]       Op 50: Trigger: LayerController (Cluster: 3, LC: 7)
[2026-01-21 00:24:41.759] [446476] [HailoRT] [info] [hef.cpp:745] [parse_hef_file]         Action: DisableLayerController (Cluster: 3, LC: 7)
[2026-01-21 00:24:41.759] [446476] [HailoRT] [info] [hef.cpp:745] [parse_hef_file]         Action: WriteDataCCWPtr (Index: 0, Offset: 12453616, Size: 28712)
[2026-01-21 00:24:41.759] [446476] [HailoRT] [info] [hef.cpp:745] [parse_hef_file]         Action: WriteDataCCWPtr (Index: 0, Offset: 12482328, Size: 3640)
[2026-01-21 00:24:41.759] [446476] [HailoRT] [info] [hef.cpp:745] [parse_hef_file]         Action: WriteDataCCWPtr (Index: 0, Offset: 12485968, Size: 30392)
[2026-01-21 00:24:41.759] [446476] [HailoRT] [info] [hef.cpp:745] [parse_hef_file]         Action: WriteDataCCWPtr (Index: 0, Offset: 12516360, Size: 4104)
[2026-01-21 00:24:41.759] [446476] [HailoRT] [info] [hef.cpp:745] [parse_hef_file]         Action: WriteDataCCWPtr (Index: 0, Offset: 12520464, Size: 4104)
[2026-01-21 00:24:41.759] [446476] [HailoRT] [info] [hef.cpp:745] [parse_hef_file]         Action: WriteDataCCWPtr (Index: 0, Offset: 12524568, Size: 3848)
[2026-01-21 00:24:41.759] [446476] [HailoRT] [info] [hef.cpp:745] [parse_hef_file]         Action: WriteDataCCWPtr (Index: 0, Offset: 12528416, Size: 23848)
[2026-01-21 00:24:41.759] [446476] [HailoRT] [info] [hef.cpp:743] [parse_hef_file]       Op 51: Trigger: LayerController (Cluster: 3, LC: 12)
[2026-01-21 00:24:41.759] [446476] [HailoRT] [info] [hef.cpp:745] [parse_hef_file]         Action: DisableLayerController (Cluster: 3, LC: 12)
[2026-01-21 00:24:41.759] [446476] [HailoRT] [info] [hef.cpp:745] [parse_hef_file]         Action: WriteDataCCWPtr (Index: 0, Offset: 12552264, Size: 23704)
[2026-01-21 00:24:41.759] [446476] [HailoRT] [info] [hef.cpp:745] [parse_hef_file]         Action: WriteDataCCWPtr (Index: 0, Offset: 12575968, Size: 23960)
[2026-01-21 00:24:41.759] [446476] [HailoRT] [info] [hef.cpp:745] [parse_hef_file]         Action: WriteDataCCWPtr (Index: 0, Offset: 12599928, Size: 23232)
[2026-01-21 00:24:41.759] [446476] [HailoRT] [info] [hef.cpp:745] [parse_hef_file]         Action: WriteDataCCWPtr (Index: 0, Offset: 12623160, Size: 23912)
[2026-01-21 00:24:41.759] [446476] [HailoRT] [info] [hef.cpp:745] [parse_hef_file]         Action: WriteDataCCWPtr (Index: 0, Offset: 12647072, Size: 23640)
[2026-01-21 00:24:41.759] [446476] [HailoRT] [info] [hef.cpp:745] [parse_hef_file]         Action: WriteDataCCWPtr (Index: 0, Offset: 12670712, Size: 23864)
[2026-01-21 00:24:41.759] [446476] [HailoRT] [info] [hef.cpp:745] [parse_hef_file]         Action: WriteDataCCWPtr (Index: 0, Offset: 12694576, Size: 23160)
[2026-01-21 00:24:41.759] [446476] [HailoRT] [info] [hef.cpp:743] [parse_hef_file]       Op 52: Trigger: LayerController (Cluster: 2, LC: 7)
[2026-01-21 00:24:41.759] [446476] [HailoRT] [info] [hef.cpp:745] [parse_hef_file]         Action: DisableLayerController (Cluster: 2, LC: 7)
[2026-01-21 00:24:41.759] [446476] [HailoRT] [info] [hef.cpp:745] [parse_hef_file]         Action: WriteDataCCWPtr (Index: 0, Offset: 12717736, Size: 3368)
[2026-01-21 00:24:41.759] [446476] [HailoRT] [info] [hef.cpp:745] [parse_hef_file]         Action: WriteDataCCWPtr (Index: 0, Offset: 12721104, Size: 31416)
[2026-01-21 00:24:41.759] [446476] [HailoRT] [info] [hef.cpp:745] [parse_hef_file]         Action: WriteDataCCWPtr (Index: 0, Offset: 12752520, Size: 27696)
[2026-01-21 00:24:41.759] [446476] [HailoRT] [info] [hef.cpp:745] [parse_hef_file]         Action: WriteDataCCWPtr (Index: 0, Offset: 12780216, Size: 3536)
[2026-01-21 00:24:41.759] [446476] [HailoRT] [info] [hef.cpp:745] [parse_hef_file]         Action: WriteDataCCWPtr (Index: 0, Offset: 12783752, Size: 30176)
[2026-01-21 00:24:41.759] [446476] [HailoRT] [info] [hef.cpp:745] [parse_hef_file]         Action: WriteDataCCWPtr (Index: 0, Offset: 12813928, Size: 4104)
[2026-01-21 00:24:41.759] [446476] [HailoRT] [info] [hef.cpp:745] [parse_hef_file]         Action: WriteDataCCWPtr (Index: 0, Offset: 12818032, Size: 3192)
[2026-01-21 00:24:41.759] [446476] [HailoRT] [info] [hef.cpp:745] [parse_hef_file]         Action: WriteDataCCWPtr (Index: 0, Offset: 12821224, Size: 31088)
[2026-01-21 00:24:41.759] [446476] [HailoRT] [info] [hef.cpp:745] [parse_hef_file]         Action: WriteDataCCWPtr (Index: 0, Offset: 12852312, Size: 4104)
[2026-01-21 00:24:41.759] [446476] [HailoRT] [info] [hef.cpp:745] [parse_hef_file]         Action: WriteDataCCWPtr (Index: 0, Offset: 12856416, Size: 30272)
[2026-01-21 00:24:41.759] [446476] [HailoRT] [info] [hef.cpp:743] [parse_hef_file]       Op 53: Trigger: LayerController (Cluster: 3, LC: 3)
[2026-01-21 00:24:41.759] [446476] [HailoRT] [info] [hef.cpp:745] [parse_hef_file]         Action: DisableLayerController (Cluster: 3, LC: 3)
[2026-01-21 00:24:41.759] [446476] [HailoRT] [info] [hef.cpp:745] [parse_hef_file]         Action: WriteDataCCWPtr (Index: 0, Offset: 12886688, Size: 2928)
[2026-01-21 00:24:41.759] [446476] [HailoRT] [info] [hef.cpp:745] [parse_hef_file]         Action: WriteDataCCWPtr (Index: 0, Offset: 12889616, Size: 22936)
[2026-01-21 00:24:41.759] [446476] [HailoRT] [info] [hef.cpp:745] [parse_hef_file]         Action: WriteDataCCWPtr (Index: 0, Offset: 12912552, Size: 2808)
[2026-01-21 00:24:41.759] [446476] [HailoRT] [info] [hef.cpp:745] [parse_hef_file]         Action: WriteDataCCWPtr (Index: 0, Offset: 12915360, Size: 22544)
[2026-01-21 00:24:41.759] [446476] [HailoRT] [info] [hef.cpp:745] [parse_hef_file]         Action: WriteDataCCWPtr (Index: 0, Offset: 12937904, Size: 2752)
[2026-01-21 00:24:41.759] [446476] [HailoRT] [info] [hef.cpp:745] [parse_hef_file]         Action: WriteDataCCWPtr (Index: 0, Offset: 12940656, Size: 24144)
[2026-01-21 00:24:41.759] [446476] [HailoRT] [info] [hef.cpp:745] [parse_hef_file]         Action: WriteDataCCWPtr (Index: 0, Offset: 12964800, Size: 2936)
[2026-01-21 00:24:41.759] [446476] [HailoRT] [info] [hef.cpp:745] [parse_hef_file]         Action: WriteDataCCWPtr (Index: 0, Offset: 12967736, Size: 23864)
[2026-01-21 00:24:41.759] [446476] [HailoRT] [info] [hef.cpp:745] [parse_hef_file]         Action: WriteDataCCWPtr (Index: 0, Offset: 12991600, Size: 2944)
[2026-01-21 00:24:41.759] [446476] [HailoRT] [info] [hef.cpp:743] [parse_hef_file]       Op 54: Trigger: LayerController (Cluster: 3, LC: 2)
[2026-01-21 00:24:41.759] [446476] [HailoRT] [info] [hef.cpp:745] [parse_hef_file]         Action: DisableLayerController (Cluster: 3, LC: 2)
[2026-01-21 00:24:41.759] [446476] [HailoRT] [info] [hef.cpp:745] [parse_hef_file]         Action: WriteDataCCWPtr (Index: 0, Offset: 12994544, Size: 24008)
[2026-01-21 00:24:41.759] [446476] [HailoRT] [info] [hef.cpp:745] [parse_hef_file]         Action: WriteDataCCWPtr (Index: 0, Offset: 13018552, Size: 2928)
[2026-01-21 00:24:41.759] [446476] [HailoRT] [info] [hef.cpp:745] [parse_hef_file]         Action: WriteDataCCWPtr (Index: 0, Offset: 13021480, Size: 24040)
[2026-01-21 00:24:41.759] [446476] [HailoRT] [info] [hef.cpp:745] [parse_hef_file]         Action: WriteDataCCWPtr (Index: 0, Offset: 13045520, Size: 23848)
[2026-01-21 00:24:41.759] [446476] [HailoRT] [info] [hef.cpp:745] [parse_hef_file]         Action: WriteDataCCWPtr (Index: 0, Offset: 13069368, Size: 2960)
[2026-01-21 00:24:41.759] [446476] [HailoRT] [info] [hef.cpp:745] [parse_hef_file]         Action: WriteDataCCWPtr (Index: 0, Offset: 13072328, Size: 24992)
[2026-01-21 00:24:41.759] [446476] [HailoRT] [info] [hef.cpp:745] [parse_hef_file]         Action: WriteDataCCWPtr (Index: 0, Offset: 13097320, Size: 3072)
[2026-01-21 00:24:41.759] [446476] [HailoRT] [info] [hef.cpp:745] [parse_hef_file]         Action: WriteDataCCWPtr (Index: 0, Offset: 13100392, Size: 2864)
[2026-01-21 00:24:41.759] [446476] [HailoRT] [info] [hef.cpp:745] [parse_hef_file]         Action: WriteDataCCWPtr (Index: 0, Offset: 13103256, Size: 22320)
[2026-01-21 00:24:41.759] [446476] [HailoRT] [info] [hef.cpp:745] [parse_hef_file]         Action: WriteDataCCWPtr (Index: 0, Offset: 13125576, Size: 2760)
[2026-01-21 00:24:41.759] [446476] [HailoRT] [info] [hef.cpp:745] [parse_hef_file]         Action: WriteDataCCWPtr (Index: 0, Offset: 13128336, Size: 25072)
[2026-01-21 00:24:41.759] [446476] [HailoRT] [info] [hef.cpp:745] [parse_hef_file]         Action: WriteDataCCWPtr (Index: 0, Offset: 13153408, Size: 3032)
[2026-01-21 00:24:41.759] [446476] [HailoRT] [info] [hef.cpp:745] [parse_hef_file]         Action: WriteDataCCWPtr (Index: 0, Offset: 13156440, Size: 22112)
[2026-01-21 00:24:41.759] [446476] [HailoRT] [info] [hef.cpp:745] [parse_hef_file]         Action: WriteDataCCWPtr (Index: 0, Offset: 13178552, Size: 2696)
[2026-01-21 00:24:41.759] [446476] [HailoRT] [info] [hef.cpp:745] [parse_hef_file]         Action: WriteDataCCWPtr (Index: 0, Offset: 13181248, Size: 25040)
[2026-01-21 00:24:41.759] [446476] [HailoRT] [info] [hef.cpp:745] [parse_hef_file]         Action: WriteDataCCWPtr (Index: 0, Offset: 13206288, Size: 3136)
[2026-01-21 00:24:41.759] [446476] [HailoRT] [info] [hef.cpp:745] [parse_hef_file]         Action: WriteDataCCWPtr (Index: 0, Offset: 13209424, Size: 24704)
[2026-01-21 00:24:41.759] [446476] [HailoRT] [info] [hef.cpp:745] [parse_hef_file]         Action: WriteDataCCWPtr (Index: 0, Offset: 13234128, Size: 23736)
[2026-01-21 00:24:41.759] [446476] [HailoRT] [info] [hef.cpp:745] [parse_hef_file]         Action: WriteDataCCWPtr (Index: 0, Offset: 13257864, Size: 2896)
[2026-01-21 00:24:41.759] [446476] [HailoRT] [info] [hef.cpp:745] [parse_hef_file]         Action: WriteDataCCWPtr (Index: 0, Offset: 13260760, Size: 24736)
[2026-01-21 00:24:41.759] [446476] [HailoRT] [info] [hef.cpp:745] [parse_hef_file]         Action: WriteDataCCWPtr (Index: 0, Offset: 13285496, Size: 3064)
[2026-01-21 00:24:41.759] [446476] [HailoRT] [info] [hef.cpp:743] [parse_hef_file]       Op 55: Trigger: LayerController (Cluster: 2, LC: 5)
[2026-01-21 00:24:41.759] [446476] [HailoRT] [info] [hef.cpp:745] [parse_hef_file]         Action: DisableLayerController (Cluster: 2, LC: 5)
[2026-01-21 00:24:41.759] [446476] [HailoRT] [info] [hef.cpp:745] [parse_hef_file]         Action: WriteDataCCWPtr (Index: 0, Offset: 13288560, Size: 4104)
[2026-01-21 00:24:41.759] [446476] [HailoRT] [info] [hef.cpp:745] [parse_hef_file]         Action: WriteDataCCWPtr (Index: 0, Offset: 13292664, Size: 28584)
[2026-01-21 00:24:41.759] [446476] [HailoRT] [info] [hef.cpp:745] [parse_hef_file]         Action: WriteDataCCWPtr (Index: 0, Offset: 13321248, Size: 3664)
[2026-01-21 00:24:41.759] [446476] [HailoRT] [info] [hef.cpp:745] [parse_hef_file]         Action: WriteDataCCWPtr (Index: 0, Offset: 13324912, Size: 30224)
[2026-01-21 00:24:41.759] [446476] [HailoRT] [info] [hef.cpp:745] [parse_hef_file]         Action: WriteDataCCWPtr (Index: 0, Offset: 13355136, Size: 28696)
[2026-01-21 00:24:41.759] [446476] [HailoRT] [info] [hef.cpp:745] [parse_hef_file]         Action: WriteDataCCWPtr (Index: 0, Offset: 13383832, Size: 25440)
[2026-01-21 00:24:41.759] [446476] [HailoRT] [info] [hef.cpp:745] [parse_hef_file]         Action: WriteDataCCWPtr (Index: 0, Offset: 13409272, Size: 29112)
[2026-01-21 00:24:41.759] [446476] [HailoRT] [info] [hef.cpp:745] [parse_hef_file]         Action: WriteDataCCWPtr (Index: 0, Offset: 13438384, Size: 3824)
[2026-01-21 00:24:41.759] [446476] [HailoRT] [info] [hef.cpp:745] [parse_hef_file]         Action: WriteDataCCWPtr (Index: 0, Offset: 13442208, Size: 3848)
[2026-01-21 00:24:41.759] [446476] [HailoRT] [info] [hef.cpp:745] [parse_hef_file]         Action: WriteDataCCWPtr (Index: 0, Offset: 13446056, Size: 28984)
[2026-01-21 00:24:41.759] [446476] [HailoRT] [info] [hef.cpp:743] [parse_hef_file]       Op 56: Trigger: LayerController (Cluster: 2, LC: 4)
[2026-01-21 00:24:41.759] [446476] [HailoRT] [info] [hef.cpp:745] [parse_hef_file]         Action: DisableLayerController (Cluster: 2, LC: 4)
[2026-01-21 00:24:41.759] [446476] [HailoRT] [info] [hef.cpp:745] [parse_hef_file]         Action: WriteDataCCWPtr (Index: 0, Offset: 13475040, Size: 26144)
[2026-01-21 00:24:41.759] [446476] [HailoRT] [info] [hef.cpp:745] [parse_hef_file]         Action: WriteDataCCWPtr (Index: 0, Offset: 13501184, Size: 4104)
[2026-01-21 00:24:41.759] [446476] [HailoRT] [info] [hef.cpp:745] [parse_hef_file]         Action: WriteDataCCWPtr (Index: 0, Offset: 13505288, Size: 31088)
[2026-01-21 00:24:41.759] [446476] [HailoRT] [info] [hef.cpp:745] [parse_hef_file]         Action: WriteDataCCWPtr (Index: 0, Offset: 13536376, Size: 4104)
[2026-01-21 00:24:41.759] [446476] [HailoRT] [info] [hef.cpp:745] [parse_hef_file]         Action: WriteDataCCWPtr (Index: 0, Offset: 13540480, Size: 4104)
[2026-01-21 00:24:41.759] [446476] [HailoRT] [info] [hef.cpp:745] [parse_hef_file]         Action: WriteDataCCWPtr (Index: 0, Offset: 13544584, Size: 24040)
[2026-01-21 00:24:41.759] [446476] [HailoRT] [info] [hef.cpp:745] [parse_hef_file]         Action: WriteDataCCWPtr (Index: 0, Offset: 13568624, Size: 24608)
[2026-01-21 00:24:41.759] [446476] [HailoRT] [info] [hef.cpp:743] [parse_hef_file]       Op 57: Trigger: LayerController (Cluster: 0, LC: 2)
[2026-01-21 00:24:41.759] [446476] [HailoRT] [info] [hef.cpp:745] [parse_hef_file]         Action: DisableLayerController (Cluster: 0, LC: 2)
[2026-01-21 00:24:41.759] [446476] [HailoRT] [info] [hef.cpp:745] [parse_hef_file]         Action: WriteDataCCWPtr (Index: 0, Offset: 13593232, Size: 17216)
[2026-01-21 00:24:41.759] [446476] [HailoRT] [info] [hef.cpp:745] [parse_hef_file]         Action: WriteDataCCWPtr (Index: 0, Offset: 13610448, Size: 17296)
[2026-01-21 00:24:41.759] [446476] [HailoRT] [info] [hef.cpp:745] [parse_hef_file]         Action: WriteDataCCWPtr (Index: 0, Offset: 13627744, Size: 16824)
[2026-01-21 00:24:41.759] [446476] [HailoRT] [info] [hef.cpp:745] [parse_hef_file]         Action: WriteDataCCWPtr (Index: 0, Offset: 13644568, Size: 17136)
[2026-01-21 00:24:41.759] [446476] [HailoRT] [info] [hef.cpp:745] [parse_hef_file]         Action: WriteDataCCWPtr (Index: 0, Offset: 13661704, Size: 17168)
[2026-01-21 00:24:41.759] [446476] [HailoRT] [info] [hef.cpp:745] [parse_hef_file]         Action: WriteDataCCWPtr (Index: 0, Offset: 13678872, Size: 17160)
[2026-01-21 00:24:41.759] [446476] [HailoRT] [info] [hef.cpp:745] [parse_hef_file]         Action: WriteDataCCWPtr (Index: 0, Offset: 13696032, Size: 17136)
[2026-01-21 00:24:41.759] [446476] [HailoRT] [info] [hef.cpp:745] [parse_hef_file]         Action: WriteDataCCWPtr (Index: 0, Offset: 13713168, Size: 17248)
[2026-01-21 00:24:41.759] [446476] [HailoRT] [info] [hef.cpp:745] [parse_hef_file]         Action: WriteDataCCWPtr (Index: 0, Offset: 13730416, Size: 17256)
[2026-01-21 00:24:41.759] [446476] [HailoRT] [info] [hef.cpp:745] [parse_hef_file]         Action: WriteDataCCWPtr (Index: 0, Offset: 13747672, Size: 17192)
[2026-01-21 00:24:41.759] [446476] [HailoRT] [info] [hef.cpp:745] [parse_hef_file]         Action: WriteDataCCWPtr (Index: 0, Offset: 13764864, Size: 17152)
[2026-01-21 00:24:41.759] [446476] [HailoRT] [info] [hef.cpp:745] [parse_hef_file]         Action: WriteDataCCWPtr (Index: 0, Offset: 13782016, Size: 17168)
[2026-01-21 00:24:41.759] [446476] [HailoRT] [info] [hef.cpp:745] [parse_hef_file]         Action: WriteDataCCWPtr (Index: 0, Offset: 13799184, Size: 17152)
[2026-01-21 00:24:41.759] [446476] [HailoRT] [info] [hef.cpp:745] [parse_hef_file]         Action: WriteDataCCWPtr (Index: 0, Offset: 13816336, Size: 17088)
[2026-01-21 00:24:41.759] [446476] [HailoRT] [info] [hef.cpp:745] [parse_hef_file]         Action: WriteDataCCWPtr (Index: 0, Offset: 13833424, Size: 17144)
[2026-01-21 00:24:41.759] [446476] [HailoRT] [info] [hef.cpp:745] [parse_hef_file]         Action: WriteDataCCWPtr (Index: 0, Offset: 13850568, Size: 17256)
[2026-01-21 00:24:41.759] [446476] [HailoRT] [info] [hef.cpp:745] [parse_hef_file]         Action: WriteDataCCWPtr (Index: 0, Offset: 13867824, Size: 17248)
[2026-01-21 00:24:41.759] [446476] [HailoRT] [info] [hef.cpp:743] [parse_hef_file]       Op 58: Trigger: LayerController (Cluster: 3, LC: 4)
[2026-01-21 00:24:41.759] [446476] [HailoRT] [info] [hef.cpp:745] [parse_hef_file]         Action: DisableLayerController (Cluster: 3, LC: 4)
[2026-01-21 00:24:41.759] [446476] [HailoRT] [info] [hef.cpp:745] [parse_hef_file]         Action: WriteDataCCWPtr (Index: 0, Offset: 13885072, Size: 29936)
[2026-01-21 00:24:41.759] [446476] [HailoRT] [info] [hef.cpp:745] [parse_hef_file]         Action: WriteDataCCWPtr (Index: 0, Offset: 13915008, Size: 23896)
[2026-01-21 00:24:41.759] [446476] [HailoRT] [info] [hef.cpp:745] [parse_hef_file]         Action: WriteDataCCWPtr (Index: 0, Offset: 13938904, Size: 23560)
[2026-01-21 00:24:41.759] [446476] [HailoRT] [info] [hef.cpp:745] [parse_hef_file]         Action: WriteDataCCWPtr (Index: 0, Offset: 13962464, Size: 2848)
[2026-01-21 00:24:41.759] [446476] [HailoRT] [info] [hef.cpp:745] [parse_hef_file]         Action: WriteDataCCWPtr (Index: 0, Offset: 13965312, Size: 24944)
[2026-01-21 00:24:41.759] [446476] [HailoRT] [info] [hef.cpp:745] [parse_hef_file]         Action: WriteDataCCWPtr (Index: 0, Offset: 13990256, Size: 3112)
[2026-01-21 00:24:41.759] [446476] [HailoRT] [info] [hef.cpp:745] [parse_hef_file]         Action: WriteDataCCWPtr (Index: 0, Offset: 13993368, Size: 22456)
[2026-01-21 00:24:41.759] [446476] [HailoRT] [info] [hef.cpp:745] [parse_hef_file]         Action: WriteDataCCWPtr (Index: 0, Offset: 14015824, Size: 2776)
[2026-01-21 00:24:41.759] [446476] [HailoRT] [info] [hef.cpp:745] [parse_hef_file]         Action: WriteDataCCWPtr (Index: 0, Offset: 14018600, Size: 2984)
[2026-01-21 00:24:41.759] [446476] [HailoRT] [info] [hef.cpp:743] [parse_hef_file]       Op 59: Trigger: LayerController (Cluster: 2, LC: 11)
[2026-01-21 00:24:41.759] [446476] [HailoRT] [info] [hef.cpp:745] [parse_hef_file]         Action: DisableLayerController (Cluster: 2, LC: 11)
[2026-01-21 00:24:41.760] [446476] [HailoRT] [info] [hef.cpp:745] [parse_hef_file]         Action: WriteDataCCWPtr (Index: 0, Offset: 14021584, Size: 29280)
[2026-01-21 00:24:41.760] [446476] [HailoRT] [info] [hef.cpp:745] [parse_hef_file]         Action: WriteDataCCWPtr (Index: 0, Offset: 14050864, Size: 28896)
[2026-01-21 00:24:41.760] [446476] [HailoRT] [info] [hef.cpp:745] [parse_hef_file]         Action: WriteDataCCWPtr (Index: 0, Offset: 14079760, Size: 3768)
[2026-01-21 00:24:41.760] [446476] [HailoRT] [info] [hef.cpp:745] [parse_hef_file]         Action: WriteDataCCWPtr (Index: 0, Offset: 14083528, Size: 24160)
[2026-01-21 00:24:41.760] [446476] [HailoRT] [info] [hef.cpp:745] [parse_hef_file]         Action: WriteDataCCWPtr (Index: 0, Offset: 14107688, Size: 23720)
[2026-01-21 00:24:41.760] [446476] [HailoRT] [info] [hef.cpp:743] [parse_hef_file]       Op 60: Trigger: LayerController (Cluster: 4, LC: 8)
[2026-01-21 00:24:41.760] [446476] [HailoRT] [info] [hef.cpp:745] [parse_hef_file]         Action: DisableLayerController (Cluster: 4, LC: 8)
[2026-01-21 00:24:41.760] [446476] [HailoRT] [info] [hef.cpp:745] [parse_hef_file]         Action: WriteDataCCWPtr (Index: 1, Offset: 18105072, Size: 18320)
[2026-01-21 00:24:41.760] [446476] [HailoRT] [info] [hef.cpp:745] [parse_hef_file]         Action: WriteDataCCWPtr (Index: 1, Offset: 18123392, Size: 9192)
[2026-01-21 00:24:41.760] [446476] [HailoRT] [info] [hef.cpp:745] [parse_hef_file]         Action: WriteDataCCWPtr (Index: 1, Offset: 18132584, Size: 18040)
[2026-01-21 00:24:41.760] [446476] [HailoRT] [info] [hef.cpp:745] [parse_hef_file]         Action: WriteDataCCWPtr (Index: 1, Offset: 18150624, Size: 9032)
[2026-01-21 00:24:41.760] [446476] [HailoRT] [info] [hef.cpp:745] [parse_hef_file]         Action: WriteDataCCWPtr (Index: 1, Offset: 18159656, Size: 17936)
[2026-01-21 00:24:41.760] [446476] [HailoRT] [info] [hef.cpp:745] [parse_hef_file]         Action: WriteDataCCWPtr (Index: 1, Offset: 18177592, Size: 18320)
[2026-01-21 00:24:41.760] [446476] [HailoRT] [info] [hef.cpp:745] [parse_hef_file]         Action: WriteDataCCWPtr (Index: 1, Offset: 18195912, Size: 9200)
[2026-01-21 00:24:41.760] [446476] [HailoRT] [info] [hef.cpp:743] [parse_hef_file]       Op 61: Trigger: LayerController (Cluster: 3, LC: 5)
[2026-01-21 00:24:41.760] [446476] [HailoRT] [info] [hef.cpp:745] [parse_hef_file]         Action: DisableLayerController (Cluster: 3, LC: 5)
[2026-01-21 00:24:41.760] [446476] [HailoRT] [info] [hef.cpp:745] [parse_hef_file]         Action: WriteDataCCWPtr (Index: 0, Offset: 14131408, Size: 30384)
[2026-01-21 00:24:41.760] [446476] [HailoRT] [info] [hef.cpp:745] [parse_hef_file]         Action: WriteDataCCWPtr (Index: 0, Offset: 14161792, Size: 29672)
[2026-01-21 00:24:41.760] [446476] [HailoRT] [info] [hef.cpp:745] [parse_hef_file]         Action: WriteDataCCWPtr (Index: 0, Offset: 14191464, Size: 3760)
[2026-01-21 00:24:41.760] [446476] [HailoRT] [info] [hef.cpp:745] [parse_hef_file]         Action: WriteDataCCWPtr (Index: 0, Offset: 14195224, Size: 3368)
[2026-01-21 00:24:41.760] [446476] [HailoRT] [info] [hef.cpp:745] [parse_hef_file]         Action: WriteDataCCWPtr (Index: 0, Offset: 14198592, Size: 30680)
[2026-01-21 00:24:41.760] [446476] [HailoRT] [info] [hef.cpp:745] [parse_hef_file]         Action: WriteDataCCWPtr (Index: 0, Offset: 14229272, Size: 2928)
[2026-01-21 00:24:41.760] [446476] [HailoRT] [info] [hef.cpp:745] [parse_hef_file]         Action: WriteDataCCWPtr (Index: 0, Offset: 14232200, Size: 2992)
[2026-01-21 00:24:41.760] [446476] [HailoRT] [info] [hef.cpp:745] [parse_hef_file]         Action: WriteDataCCWPtr (Index: 0, Offset: 14235192, Size: 2920)
[2026-01-21 00:24:41.760] [446476] [HailoRT] [info] [hef.cpp:745] [parse_hef_file]         Action: WriteDataCCWPtr (Index: 0, Offset: 14238112, Size: 25576)
[2026-01-21 00:24:41.760] [446476] [HailoRT] [info] [hef.cpp:745] [parse_hef_file]         Action: WriteDataCCWPtr (Index: 0, Offset: 14263688, Size: 3176)
[2026-01-21 00:24:41.760] [446476] [HailoRT] [info] [hef.cpp:743] [parse_hef_file]       Op 62: Trigger: LayerController (Cluster: 2, LC: 10)
[2026-01-21 00:24:41.760] [446476] [HailoRT] [info] [hef.cpp:745] [parse_hef_file]         Action: DisableLayerController (Cluster: 2, LC: 10)
[2026-01-21 00:24:41.760] [446476] [HailoRT] [info] [hef.cpp:745] [parse_hef_file]         Action: WriteDataCCWPtr (Index: 0, Offset: 14266864, Size: 28968)
[2026-01-21 00:24:41.760] [446476] [HailoRT] [info] [hef.cpp:745] [parse_hef_file]         Action: WriteDataCCWPtr (Index: 0, Offset: 14295832, Size: 3720)
[2026-01-21 00:24:41.760] [446476] [HailoRT] [info] [hef.cpp:745] [parse_hef_file]         Action: WriteDataCCWPtr (Index: 0, Offset: 14299552, Size: 30696)
[2026-01-21 00:24:41.760] [446476] [HailoRT] [info] [hef.cpp:745] [parse_hef_file]         Action: WriteDataCCWPtr (Index: 0, Offset: 14330248, Size: 4104)
[2026-01-21 00:24:41.760] [446476] [HailoRT] [info] [hef.cpp:745] [parse_hef_file]         Action: WriteDataCCWPtr (Index: 0, Offset: 14334352, Size: 28152)
[2026-01-21 00:24:41.760] [446476] [HailoRT] [info] [hef.cpp:745] [parse_hef_file]         Action: WriteDataCCWPtr (Index: 0, Offset: 14362504, Size: 3672)
[2026-01-21 00:24:41.760] [446476] [HailoRT] [info] [hef.cpp:745] [parse_hef_file]         Action: WriteDataCCWPtr (Index: 0, Offset: 14366176, Size: 29264)
[2026-01-21 00:24:41.760] [446476] [HailoRT] [info] [hef.cpp:745] [parse_hef_file]         Action: WriteDataCCWPtr (Index: 0, Offset: 14395440, Size: 23992)
[2026-01-21 00:24:41.760] [446476] [HailoRT] [info] [hef.cpp:745] [parse_hef_file]         Action: WriteDataCCWPtr (Index: 0, Offset: 14419432, Size: 2968)
[2026-01-21 00:24:41.760] [446476] [HailoRT] [info] [hef.cpp:745] [parse_hef_file]         Action: WriteDataCCWPtr (Index: 0, Offset: 14422400, Size: 25096)
[2026-01-21 00:24:41.760] [446476] [HailoRT] [info] [hef.cpp:745] [parse_hef_file]         Action: WriteDataCCWPtr (Index: 0, Offset: 14447496, Size: 3024)
[2026-01-21 00:24:41.760] [446476] [HailoRT] [info] [hef.cpp:745] [parse_hef_file]         Action: WriteDataCCWPtr (Index: 0, Offset: 14450520, Size: 23856)
[2026-01-21 00:24:41.760] [446476] [HailoRT] [info] [hef.cpp:745] [parse_hef_file]         Action: WriteDataCCWPtr (Index: 0, Offset: 14474376, Size: 2912)
[2026-01-21 00:24:41.760] [446476] [HailoRT] [info] [hef.cpp:745] [parse_hef_file]         Action: WriteDataCCWPtr (Index: 0, Offset: 14477288, Size: 3032)
[2026-01-21 00:24:41.760] [446476] [HailoRT] [info] [hef.cpp:743] [parse_hef_file]       Op 63: Trigger: LayerController (Cluster: 4, LC: 2)
[2026-01-21 00:24:41.760] [446476] [HailoRT] [info] [hef.cpp:745] [parse_hef_file]         Action: DisableLayerController (Cluster: 4, LC: 2)
[2026-01-21 00:24:41.760] [446476] [HailoRT] [info] [hef.cpp:745] [parse_hef_file]         Action: WriteDataCCWPtr (Index: 1, Offset: 18205112, Size: 23904)
[2026-01-21 00:24:41.760] [446476] [HailoRT] [info] [hef.cpp:745] [parse_hef_file]         Action: WriteDataCCWPtr (Index: 1, Offset: 18229016, Size: 23272)
[2026-01-21 00:24:41.760] [446476] [HailoRT] [info] [hef.cpp:745] [parse_hef_file]         Action: WriteDataCCWPtr (Index: 1, Offset: 18252288, Size: 23384)
[2026-01-21 00:24:41.760] [446476] [HailoRT] [info] [hef.cpp:745] [parse_hef_file]         Action: WriteDataCCWPtr (Index: 1, Offset: 18275672, Size: 23784)
[2026-01-21 00:24:41.760] [446476] [HailoRT] [info] [hef.cpp:745] [parse_hef_file]         Action: WriteDataCCWPtr (Index: 1, Offset: 18299456, Size: 23936)
[2026-01-21 00:24:41.760] [446476] [HailoRT] [info] [hef.cpp:745] [parse_hef_file]         Action: WriteDataCCWPtr (Index: 1, Offset: 18323392, Size: 23728)
[2026-01-21 00:24:41.760] [446476] [HailoRT] [info] [hef.cpp:745] [parse_hef_file]         Action: WriteDataCCWPtr (Index: 1, Offset: 18347120, Size: 24328)
[2026-01-21 00:24:41.760] [446476] [HailoRT] [info] [hef.cpp:745] [parse_hef_file]         Action: WriteDataCCWPtr (Index: 1, Offset: 18371448, Size: 23736)
[2026-01-21 00:24:41.760] [446476] [HailoRT] [info] [hef.cpp:745] [parse_hef_file]         Action: WriteDataCCWPtr (Index: 1, Offset: 18395184, Size: 23456)
[2026-01-21 00:24:41.760] [446476] [HailoRT] [info] [hef.cpp:745] [parse_hef_file]         Action: WriteDataCCWPtr (Index: 1, Offset: 18418640, Size: 23584)
[2026-01-21 00:24:41.760] [446476] [HailoRT] [info] [hef.cpp:745] [parse_hef_file]         Action: WriteDataCCWPtr (Index: 1, Offset: 18442224, Size: 23632)
[2026-01-21 00:24:41.760] [446476] [HailoRT] [info] [hef.cpp:745] [parse_hef_file]         Action: WriteDataCCWPtr (Index: 1, Offset: 18465856, Size: 21432)
[2026-01-21 00:24:41.760] [446476] [HailoRT] [info] [hef.cpp:745] [parse_hef_file]         Action: WriteDataCCWPtr (Index: 1, Offset: 18487288, Size: 10752)
[2026-01-21 00:24:41.760] [446476] [HailoRT] [info] [hef.cpp:745] [parse_hef_file]         Action: WriteDataCCWPtr (Index: 1, Offset: 18498040, Size: 20904)
[2026-01-21 00:24:41.760] [446476] [HailoRT] [info] [hef.cpp:745] [parse_hef_file]         Action: WriteDataCCWPtr (Index: 1, Offset: 18518944, Size: 10472)
[2026-01-21 00:24:41.760] [446476] [HailoRT] [info] [hef.cpp:745] [parse_hef_file]         Action: WriteDataCCWPtr (Index: 1, Offset: 18529416, Size: 20280)
[2026-01-21 00:24:41.760] [446476] [HailoRT] [info] [hef.cpp:745] [parse_hef_file]         Action: WriteDataCCWPtr (Index: 1, Offset: 18549696, Size: 10144)
[2026-01-21 00:24:41.760] [446476] [HailoRT] [info] [hef.cpp:743] [parse_hef_file]       Op 64: Trigger: LayerController (Cluster: 6, LC: 12)
[2026-01-21 00:24:41.760] [446476] [HailoRT] [info] [hef.cpp:745] [parse_hef_file]         Action: DisableLayerController (Cluster: 6, LC: 12)
[2026-01-21 00:24:41.760] [446476] [HailoRT] [info] [hef.cpp:745] [parse_hef_file]         Action: WriteDataCCWPtr (Index: 1, Offset: 18559840, Size: 17280)
[2026-01-21 00:24:41.760] [446476] [HailoRT] [info] [hef.cpp:745] [parse_hef_file]         Action: WriteDataCCWPtr (Index: 1, Offset: 18577120, Size: 17264)
[2026-01-21 00:24:41.760] [446476] [HailoRT] [info] [hef.cpp:745] [parse_hef_file]         Action: WriteDataCCWPtr (Index: 1, Offset: 18594384, Size: 17256)
[2026-01-21 00:24:41.760] [446476] [HailoRT] [info] [hef.cpp:745] [parse_hef_file]         Action: WriteDataCCWPtr (Index: 1, Offset: 18611640, Size: 17320)
[2026-01-21 00:24:41.760] [446476] [HailoRT] [info] [hef.cpp:745] [parse_hef_file]         Action: WriteDataCCWPtr (Index: 1, Offset: 18628960, Size: 17280)
[2026-01-21 00:24:41.760] [446476] [HailoRT] [info] [hef.cpp:745] [parse_hef_file]         Action: WriteDataCCWPtr (Index: 1, Offset: 18646240, Size: 17304)
[2026-01-21 00:24:41.760] [446476] [HailoRT] [info] [hef.cpp:745] [parse_hef_file]         Action: WriteDataCCWPtr (Index: 1, Offset: 18663544, Size: 17216)
[2026-01-21 00:24:41.760] [446476] [HailoRT] [info] [hef.cpp:745] [parse_hef_file]         Action: WriteDataCCWPtr (Index: 1, Offset: 18680760, Size: 17136)
[2026-01-21 00:24:41.760] [446476] [HailoRT] [info] [hef.cpp:745] [parse_hef_file]         Action: WriteDataCCWPtr (Index: 1, Offset: 18697896, Size: 17256)
[2026-01-21 00:24:41.760] [446476] [HailoRT] [info] [hef.cpp:745] [parse_hef_file]         Action: WriteDataCCWPtr (Index: 1, Offset: 18715152, Size: 17288)
[2026-01-21 00:24:41.760] [446476] [HailoRT] [info] [hef.cpp:745] [parse_hef_file]         Action: WriteDataCCWPtr (Index: 1, Offset: 18732440, Size: 17240)
[2026-01-21 00:24:41.760] [446476] [HailoRT] [info] [hef.cpp:745] [parse_hef_file]         Action: WriteDataCCWPtr (Index: 1, Offset: 18749680, Size: 17328)
[2026-01-21 00:24:41.760] [446476] [HailoRT] [info] [hef.cpp:745] [parse_hef_file]         Action: WriteDataCCWPtr (Index: 1, Offset: 18767008, Size: 17328)
[2026-01-21 00:24:41.760] [446476] [HailoRT] [info] [hef.cpp:745] [parse_hef_file]         Action: WriteDataCCWPtr (Index: 1, Offset: 18784336, Size: 17240)
[2026-01-21 00:24:41.760] [446476] [HailoRT] [info] [hef.cpp:745] [parse_hef_file]         Action: WriteDataCCWPtr (Index: 1, Offset: 18801576, Size: 17144)
[2026-01-21 00:24:41.760] [446476] [HailoRT] [info] [hef.cpp:745] [parse_hef_file]         Action: WriteDataCCWPtr (Index: 1, Offset: 18818720, Size: 16760)
[2026-01-21 00:24:41.760] [446476] [HailoRT] [info] [hef.cpp:745] [parse_hef_file]         Action: WriteDataCCWPtr (Index: 1, Offset: 18835480, Size: 17224)
[2026-01-21 00:24:41.760] [446476] [HailoRT] [info] [hef.cpp:745] [parse_hef_file]         Action: WriteDataCCWPtr (Index: 1, Offset: 18852704, Size: 17312)
[2026-01-21 00:24:41.760] [446476] [HailoRT] [info] [hef.cpp:745] [parse_hef_file]         Action: WriteDataCCWPtr (Index: 1, Offset: 18870016, Size: 17256)
[2026-01-21 00:24:41.760] [446476] [HailoRT] [info] [hef.cpp:745] [parse_hef_file]         Action: WriteDataCCWPtr (Index: 1, Offset: 18887272, Size: 17288)
[2026-01-21 00:24:41.760] [446476] [HailoRT] [info] [hef.cpp:745] [parse_hef_file]         Action: WriteDataCCWPtr (Index: 1, Offset: 18904560, Size: 17272)
[2026-01-21 00:24:41.760] [446476] [HailoRT] [info] [hef.cpp:745] [parse_hef_file]         Action: WriteDataCCWPtr (Index: 1, Offset: 18921832, Size: 17280)
[2026-01-21 00:24:41.760] [446476] [HailoRT] [info] [hef.cpp:745] [parse_hef_file]         Action: WriteDataCCWPtr (Index: 1, Offset: 18939112, Size: 17336)
[2026-01-21 00:24:41.760] [446476] [HailoRT] [info] [hef.cpp:745] [parse_hef_file]         Action: WriteDataCCWPtr (Index: 1, Offset: 18956448, Size: 17304)
[2026-01-21 00:24:41.760] [446476] [HailoRT] [info] [hef.cpp:745] [parse_hef_file]         Action: WriteDataCCWPtr (Index: 1, Offset: 18973752, Size: 17240)
[2026-01-21 00:24:41.760] [446476] [HailoRT] [info] [hef.cpp:745] [parse_hef_file]         Action: WriteDataCCWPtr (Index: 1, Offset: 18990992, Size: 17264)
[2026-01-21 00:24:41.760] [446476] [HailoRT] [info] [hef.cpp:745] [parse_hef_file]         Action: WriteDataCCWPtr (Index: 1, Offset: 19008256, Size: 17184)
[2026-01-21 00:24:41.760] [446476] [HailoRT] [info] [hef.cpp:743] [parse_hef_file]       Op 65: Trigger: LayerController (Cluster: 7, LC: 4)
[2026-01-21 00:24:41.760] [446476] [HailoRT] [info] [hef.cpp:745] [parse_hef_file]         Action: DisableLayerController (Cluster: 7, LC: 4)
[2026-01-21 00:24:41.760] [446476] [HailoRT] [info] [hef.cpp:745] [parse_hef_file]         Action: WriteDataCCWPtr (Index: 1, Offset: 19025440, Size: 24032)
[2026-01-21 00:24:41.760] [446476] [HailoRT] [info] [hef.cpp:745] [parse_hef_file]         Action: WriteDataCCWPtr (Index: 1, Offset: 19049472, Size: 3000)
[2026-01-21 00:24:41.760] [446476] [HailoRT] [info] [hef.cpp:743] [parse_hef_file]       Op 66: Trigger: LayerController (Cluster: 5, LC: 5)
[2026-01-21 00:24:41.760] [446476] [HailoRT] [info] [hef.cpp:745] [parse_hef_file]         Action: DisableLayerController (Cluster: 5, LC: 5)
[2026-01-21 00:24:41.760] [446476] [HailoRT] [info] [hef.cpp:745] [parse_hef_file]         Action: WriteDataCCWPtr (Index: 1, Offset: 19052472, Size: 21088)
[2026-01-21 00:24:41.760] [446476] [HailoRT] [info] [hef.cpp:745] [parse_hef_file]         Action: WriteDataCCWPtr (Index: 1, Offset: 19073560, Size: 20848)
[2026-01-21 00:24:41.760] [446476] [HailoRT] [info] [hef.cpp:745] [parse_hef_file]         Action: WriteDataCCWPtr (Index: 1, Offset: 19094408, Size: 20992)
[2026-01-21 00:24:41.760] [446476] [HailoRT] [info] [hef.cpp:745] [parse_hef_file]         Action: WriteDataCCWPtr (Index: 1, Offset: 19115400, Size: 21056)
[2026-01-21 00:24:41.760] [446476] [HailoRT] [info] [hef.cpp:745] [parse_hef_file]         Action: WriteDataCCWPtr (Index: 1, Offset: 19136456, Size: 20512)
[2026-01-21 00:24:41.760] [446476] [HailoRT] [info] [hef.cpp:745] [parse_hef_file]         Action: WriteDataCCWPtr (Index: 1, Offset: 19156968, Size: 20744)
[2026-01-21 00:24:41.760] [446476] [HailoRT] [info] [hef.cpp:745] [parse_hef_file]         Action: WriteDataCCWPtr (Index: 1, Offset: 19177712, Size: 20672)
[2026-01-21 00:24:41.760] [446476] [HailoRT] [info] [hef.cpp:745] [parse_hef_file]         Action: WriteDataCCWPtr (Index: 1, Offset: 19198384, Size: 20856)
[2026-01-21 00:24:41.760] [446476] [HailoRT] [info] [hef.cpp:745] [parse_hef_file]         Action: WriteDataCCWPtr (Index: 1, Offset: 19219240, Size: 21088)
[2026-01-21 00:24:41.760] [446476] [HailoRT] [info] [hef.cpp:745] [parse_hef_file]         Action: WriteDataCCWPtr (Index: 1, Offset: 19240328, Size: 20504)
[2026-01-21 00:24:41.760] [446476] [HailoRT] [info] [hef.cpp:745] [parse_hef_file]         Action: WriteDataCCWPtr (Index: 1, Offset: 19260832, Size: 20504)
[2026-01-21 00:24:41.760] [446476] [HailoRT] [info] [hef.cpp:745] [parse_hef_file]         Action: WriteDataCCWPtr (Index: 1, Offset: 19281336, Size: 20928)
[2026-01-21 00:24:41.760] [446476] [HailoRT] [info] [hef.cpp:745] [parse_hef_file]         Action: WriteDataCCWPtr (Index: 1, Offset: 19302264, Size: 20592)
[2026-01-21 00:24:41.760] [446476] [HailoRT] [info] [hef.cpp:745] [parse_hef_file]         Action: WriteDataCCWPtr (Index: 1, Offset: 19322856, Size: 20840)
[2026-01-21 00:24:41.760] [446476] [HailoRT] [info] [hef.cpp:743] [parse_hef_file]       Op 67: Trigger: LayerController (Cluster: 1, LC: 14)
[2026-01-21 00:24:41.760] [446476] [HailoRT] [info] [hef.cpp:745] [parse_hef_file]         Action: DisableLayerController (Cluster: 1, LC: 14)
[2026-01-21 00:24:41.760] [446476] [HailoRT] [info] [hef.cpp:745] [parse_hef_file]         Action: WriteDataCCWPtr (Index: 0, Offset: 14480320, Size: 20048)
[2026-01-21 00:24:41.760] [446476] [HailoRT] [info] [hef.cpp:745] [parse_hef_file]         Action: WriteDataCCWPtr (Index: 0, Offset: 14500368, Size: 10032)
[2026-01-21 00:24:41.760] [446476] [HailoRT] [info] [hef.cpp:745] [parse_hef_file]         Action: WriteDataCCWPtr (Index: 0, Offset: 14510400, Size: 10400)
[2026-01-21 00:24:41.760] [446476] [HailoRT] [info] [hef.cpp:745] [parse_hef_file]         Action: WriteDataCCWPtr (Index: 0, Offset: 14520800, Size: 17032)
[2026-01-21 00:24:41.760] [446476] [HailoRT] [info] [hef.cpp:745] [parse_hef_file]         Action: WriteDataCCWPtr (Index: 0, Offset: 14537832, Size: 8536)
[2026-01-21 00:24:41.760] [446476] [HailoRT] [info] [hef.cpp:745] [parse_hef_file]         Action: WriteDataCCWPtr (Index: 0, Offset: 14546368, Size: 20904)
[2026-01-21 00:24:41.760] [446476] [HailoRT] [info] [hef.cpp:745] [parse_hef_file]         Action: WriteDataCCWPtr (Index: 0, Offset: 14567272, Size: 10488)
[2026-01-21 00:24:41.760] [446476] [HailoRT] [info] [hef.cpp:745] [parse_hef_file]         Action: WriteDataCCWPtr (Index: 0, Offset: 14577760, Size: 20296)
[2026-01-21 00:24:41.760] [446476] [HailoRT] [info] [hef.cpp:745] [parse_hef_file]         Action: WriteDataCCWPtr (Index: 0, Offset: 14598056, Size: 10144)
[2026-01-21 00:24:41.760] [446476] [HailoRT] [info] [hef.cpp:745] [parse_hef_file]         Action: WriteDataCCWPtr (Index: 0, Offset: 14608200, Size: 29920)
[2026-01-21 00:24:41.760] [446476] [HailoRT] [info] [hef.cpp:745] [parse_hef_file]         Action: WriteDataCCWPtr (Index: 0, Offset: 14638120, Size: 4104)
[2026-01-21 00:24:41.760] [446476] [HailoRT] [info] [hef.cpp:745] [parse_hef_file]         Action: WriteDataCCWPtr (Index: 0, Offset: 14642224, Size: 31424)
[2026-01-21 00:24:41.760] [446476] [HailoRT] [info] [hef.cpp:745] [parse_hef_file]         Action: WriteDataCCWPtr (Index: 0, Offset: 14673648, Size: 4104)
[2026-01-21 00:24:41.760] [446476] [HailoRT] [info] [hef.cpp:745] [parse_hef_file]         Action: WriteDataCCWPtr (Index: 0, Offset: 14677752, Size: 29912)
[2026-01-21 00:24:41.760] [446476] [HailoRT] [info] [hef.cpp:745] [parse_hef_file]         Action: WriteDataCCWPtr (Index: 0, Offset: 14707664, Size: 3808)
[2026-01-21 00:24:41.760] [446476] [HailoRT] [info] [hef.cpp:745] [parse_hef_file]         Action: WriteDataCCWPtr (Index: 0, Offset: 14711472, Size: 27464)
[2026-01-21 00:24:41.760] [446476] [HailoRT] [info] [hef.cpp:745] [parse_hef_file]         Action: WriteDataCCWPtr (Index: 0, Offset: 14738936, Size: 3560)
[2026-01-21 00:24:41.760] [446476] [HailoRT] [info] [hef.cpp:745] [parse_hef_file]         Action: WriteDataCCWPtr (Index: 0, Offset: 14742496, Size: 28200)
[2026-01-21 00:24:41.760] [446476] [HailoRT] [info] [hef.cpp:745] [parse_hef_file]         Action: WriteDataCCWPtr (Index: 0, Offset: 14770696, Size: 3648)
[2026-01-21 00:24:41.760] [446476] [HailoRT] [info] [hef.cpp:745] [parse_hef_file]         Action: WriteDataCCWPtr (Index: 0, Offset: 14774344, Size: 30336)
[2026-01-21 00:24:41.760] [446476] [HailoRT] [info] [hef.cpp:745] [parse_hef_file]         Action: WriteDataCCWPtr (Index: 0, Offset: 14804680, Size: 4104)
[2026-01-21 00:24:41.760] [446476] [HailoRT] [info] [hef.cpp:743] [parse_hef_file]       Op 68: Trigger: LayerController (Cluster: 0, LC: 13)
[2026-01-21 00:24:41.760] [446476] [HailoRT] [info] [hef.cpp:745] [parse_hef_file]         Action: DisableLayerController (Cluster: 0, LC: 13)
[2026-01-21 00:24:41.760] [446476] [HailoRT] [info] [hef.cpp:743] [parse_hef_file]       Op 69: Trigger: All Data Sent
[2026-01-21 00:24:41.760] [446476] [HailoRT] [info] [hef.cpp:743] [parse_hef_file]       Op 70: Trigger: All Data Sent
[2026-01-21 00:24:41.760] [446476] [HailoRT] [info] [hef.cpp:745] [parse_hef_file]         Action: WriteDataCCWPtr (Index: 0, Offset: 14808784, Size: 17168)
[2026-01-21 00:24:41.760] [446476] [HailoRT] [info] [hef.cpp:745] [parse_hef_file]         Action: WriteDataCCWPtr (Index: 0, Offset: 14825952, Size: 17184)
[2026-01-21 00:24:41.760] [446476] [HailoRT] [info] [hef.cpp:745] [parse_hef_file]         Action: WriteDataCCWPtr (Index: 1, Offset: 19343696, Size: 20840)
[2026-01-21 00:24:41.760] [446476] [HailoRT] [info] [hef.cpp:745] [parse_hef_file]         Action: WriteDataCCWPtr (Index: 0, Offset: 14843136, Size: 24480)
[2026-01-21 00:24:41.760] [446476] [HailoRT] [info] [hef.cpp:745] [parse_hef_file]         Action: WriteDataCCWPtr (Index: 0, Offset: 14867616, Size: 31752)
[2026-01-21 00:24:41.760] [446476] [HailoRT] [info] [hef.cpp:745] [parse_hef_file]         Action: WriteDataCCWPtr (Index: 1, Offset: 19364536, Size: 23592)
[2026-01-21 00:24:41.760] [446476] [HailoRT] [info] [hef.cpp:745] [parse_hef_file]         Action: WriteDataCCWPtr (Index: 1, Offset: 19388128, Size: 24336)
[2026-01-21 00:24:41.760] [446476] [HailoRT] [info] [hef.cpp:745] [parse_hef_file]         Action: WriteDataCCWPtr (Index: 1, Offset: 19412464, Size: 24368)
[2026-01-21 00:24:41.760] [446476] [HailoRT] [info] [hef.cpp:745] [parse_hef_file]         Action: WriteDataCCWPtr (Index: 1, Offset: 19436832, Size: 18168)
[2026-01-21 00:24:41.760] [446476] [HailoRT] [info] [hef.cpp:745] [parse_hef_file]         Action: WriteDataCCWPtr (Index: 0, Offset: 14899368, Size: 24440)
[2026-01-21 00:24:41.760] [446476] [HailoRT] [info] [hef.cpp:745] [parse_hef_file]         Action: WriteDataCCWPtr (Index: 1, Offset: 19455000, Size: 3032)
[2026-01-21 00:24:41.760] [446476] [HailoRT] [info] [hef.cpp:745] [parse_hef_file]         Action: WriteDataCCWPtr (Index: 0, Offset: 14923808, Size: 29192)
[2026-01-21 00:24:41.760] [446476] [HailoRT] [info] [hef.cpp:745] [parse_hef_file]         Action: WriteDataCCWPtr (Index: 0, Offset: 14953000, Size: 3728)
[2026-01-21 00:24:41.760] [446476] [HailoRT] [info] [hef.cpp:745] [parse_hef_file]         Action: WriteDataCCWPtr (Index: 0, Offset: 14956728, Size: 23656)
[2026-01-21 00:24:41.760] [446476] [HailoRT] [info] [hef.cpp:745] [parse_hef_file]         Action: WriteDataCCWPtr (Index: 0, Offset: 14980384, Size: 31560)
[2026-01-21 00:24:41.760] [446476] [HailoRT] [info] [hef.cpp:745] [parse_hef_file]         Action: WriteDataCCWPtr (Index: 0, Offset: 15011944, Size: 24488)
[2026-01-21 00:24:41.760] [446476] [HailoRT] [info] [hef.cpp:745] [parse_hef_file]         Action: WriteDataCCWPtr (Index: 0, Offset: 15036432, Size: 2912)
[2026-01-21 00:24:41.760] [446476] [HailoRT] [info] [hef.cpp:745] [parse_hef_file]         Action: WriteDataCCWPtr (Index: 1, Offset: 19458032, Size: 17304)
[2026-01-21 00:24:41.760] [446476] [HailoRT] [info] [hef.cpp:745] [parse_hef_file]         Action: WaitForModuleConfig
[2026-01-21 00:24:41.760] [446476] [HailoRT] [info] [hef.cpp:745] [parse_hef_file]         Action: EnableSequencer (Cluster: 0)
[2026-01-21 00:24:41.760] [446476] [HailoRT] [info] [hef.cpp:745] [parse_hef_file]         Action: WaitForModuleConfig
[2026-01-21 00:24:41.760] [446476] [HailoRT] [info] [hef.cpp:745] [parse_hef_file]         Action: EnableSequencer (Cluster: 1)
[2026-01-21 00:24:41.760] [446476] [HailoRT] [info] [hef.cpp:745] [parse_hef_file]         Action: WaitForModuleConfig
[2026-01-21 00:24:41.760] [446476] [HailoRT] [info] [hef.cpp:745] [parse_hef_file]         Action: EnableSequencer (Cluster: 2)
[2026-01-21 00:24:41.760] [446476] [HailoRT] [info] [hef.cpp:745] [parse_hef_file]         Action: WaitForModuleConfig
[2026-01-21 00:24:41.760] [446476] [HailoRT] [info] [hef.cpp:745] [parse_hef_file]         Action: EnableSequencer (Cluster: 3)
[2026-01-21 00:24:41.760] [446476] [HailoRT] [info] [hef.cpp:745] [parse_hef_file]         Action: WaitForModuleConfig
[2026-01-21 00:24:41.760] [446476] [HailoRT] [info] [hef.cpp:745] [parse_hef_file]         Action: EnableSequencer (Cluster: 4)
[2026-01-21 00:24:41.760] [446476] [HailoRT] [info] [hef.cpp:745] [parse_hef_file]         Action: WaitForModuleConfig
[2026-01-21 00:24:41.760] [446476] [HailoRT] [info] [hef.cpp:745] [parse_hef_file]         Action: EnableSequencer (Cluster: 5)
[2026-01-21 00:24:41.760] [446476] [HailoRT] [info] [hef.cpp:745] [parse_hef_file]         Action: WaitForModuleConfig
[2026-01-21 00:24:41.760] [446476] [HailoRT] [info] [hef.cpp:745] [parse_hef_file]         Action: EnableSequencer (Cluster: 6)
[2026-01-21 00:24:41.760] [446476] [HailoRT] [info] [hef.cpp:745] [parse_hef_file]         Action: WaitForModuleConfig
[2026-01-21 00:24:41.760] [446476] [HailoRT] [info] [hef.cpp:745] [parse_hef_file]         Action: EnableSequencer (Cluster: 7)
[2026-01-21 00:24:41.760] [446476] [HailoRT] [info] [hef.cpp:745] [parse_hef_file]         Action: WaitForSequencer (Cluster: 0)
[2026-01-21 00:24:41.760] [446476] [HailoRT] [info] [hef.cpp:745] [parse_hef_file]         Action: WaitForSequencer (Cluster: 1)
[2026-01-21 00:24:41.760] [446476] [HailoRT] [info] [hef.cpp:745] [parse_hef_file]         Action: WaitForSequencer (Cluster: 2)
[2026-01-21 00:24:41.760] [446476] [HailoRT] [info] [hef.cpp:745] [parse_hef_file]         Action: WaitForSequencer (Cluster: 3)
[2026-01-21 00:24:41.760] [446476] [HailoRT] [info] [hef.cpp:745] [parse_hef_file]         Action: WaitForSequencer (Cluster: 4)
[2026-01-21 00:24:41.760] [446476] [HailoRT] [info] [hef.cpp:745] [parse_hef_file]         Action: WaitForSequencer (Cluster: 5)
[2026-01-21 00:24:41.760] [446476] [HailoRT] [info] [hef.cpp:745] [parse_hef_file]         Action: WaitForSequencer (Cluster: 6)
[2026-01-21 00:24:41.760] [446476] [HailoRT] [info] [hef.cpp:745] [parse_hef_file]         Action: WaitForSequencer (Cluster: 7)
[2026-01-21 00:24:41.760] [446476] [HailoRT] [info] [hef.cpp:745] [parse_hef_file]         Action: WriteDataCCWPtr (Index: 0, Offset: 15039344, Size: 3704)
[2026-01-21 00:24:41.760] [446476] [HailoRT] [info] [hef.cpp:745] [parse_hef_file]         Action: WriteDataCCWPtr (Index: 0, Offset: 15043048, Size: 28792)
[2026-01-21 00:24:41.760] [446476] [HailoRT] [info] [hef.cpp:745] [parse_hef_file]         Action: WriteDataCCWPtr (Index: 0, Offset: 15071840, Size: 28888)
[2026-01-21 00:24:41.760] [446476] [HailoRT] [info] [hef.cpp:745] [parse_hef_file]         Action: WriteDataCCWPtr (Index: 0, Offset: 15100728, Size: 3712)
[2026-01-21 00:24:41.760] [446476] [HailoRT] [info] [hef.cpp:745] [parse_hef_file]         Action: WriteDataCCWPtr (Index: 0, Offset: 15104440, Size: 27640)
[2026-01-21 00:24:41.760] [446476] [HailoRT] [info] [hef.cpp:745] [parse_hef_file]         Action: WriteDataCCWPtr (Index: 0, Offset: 15132080, Size: 4104)
[2026-01-21 00:24:41.760] [446476] [HailoRT] [info] [hef.cpp:745] [parse_hef_file]         Action: WriteDataCCWPtr (Index: 1, Offset: 19475336, Size: 9328)
[2026-01-21 00:24:41.760] [446476] [HailoRT] [info] [hef.cpp:745] [parse_hef_file]         Action: WriteDataCCWPtr (Index: 1, Offset: 19484664, Size: 16)
[2026-01-21 00:24:41.760] [446476] [HailoRT] [info] [hef.cpp:745] [parse_hef_file]         Action: WriteDataCCWPtr (Index: 0, Offset: 15136184, Size: 24576)
[2026-01-21 00:24:41.760] [446476] [HailoRT] [info] [hef.cpp:745] [parse_hef_file]         Action: WriteDataCCWPtr (Index: 0, Offset: 15160760, Size: 2440)
[2026-01-21 00:24:41.760] [446476] [HailoRT] [info] [hef.cpp:745] [parse_hef_file]         Action: WriteDataCCWPtr (Index: 0, Offset: 15163200, Size: 312)
[2026-01-21 00:24:41.760] [446476] [HailoRT] [info] [hef.cpp:745] [parse_hef_file]         Action: WriteDataCCWPtr (Index: 0, Offset: 15163512, Size: 2288)
[2026-01-21 00:24:41.760] [446476] [HailoRT] [info] [hef.cpp:745] [parse_hef_file]         Action: WriteDataCCWPtr (Index: 0, Offset: 15165800, Size: 248)
[2026-01-21 00:24:41.760] [446476] [HailoRT] [info] [hef.cpp:745] [parse_hef_file]         Action: WriteDataCCWPtr (Index: 0, Offset: 15166048, Size: 248)
[2026-01-21 00:24:41.760] [446476] [HailoRT] [info] [hef.cpp:745] [parse_hef_file]         Action: WriteDataCCWPtr (Index: 0, Offset: 15166296, Size: 248)
[2026-01-21 00:24:41.760] [446476] [HailoRT] [info] [hef.cpp:745] [parse_hef_file]         Action: WriteDataCCWPtr (Index: 0, Offset: 15166544, Size: 248)
[2026-01-21 00:24:41.760] [446476] [HailoRT] [info] [hef.cpp:745] [parse_hef_file]         Action: WriteDataCCWPtr (Index: 0, Offset: 15166792, Size: 16)
[2026-01-21 00:24:41.760] [446476] [HailoRT] [info] [hef.cpp:745] [parse_hef_file]         Action: WaitForModuleConfig
[2026-01-21 00:24:41.760] [446476] [HailoRT] [info] [hef.cpp:745] [parse_hef_file]         Action: WaitForModuleConfig
[2026-01-21 00:24:41.760] [446476] [HailoRT] [info] [hef.cpp:745] [parse_hef_file]         Action: EnableLayerController (Cluster: 4, LC: 0, Kernel: 2)
[2026-01-21 00:24:41.760] [446476] [HailoRT] [info] [hef.cpp:745] [parse_hef_file]         Action: EnableLayerController (Cluster: 4, LC: 1, Kernel: 2)
[2026-01-21 00:24:41.760] [446476] [HailoRT] [info] [hef.cpp:745] [parse_hef_file]         Action: EnableLayerController (Cluster: 5, LC: 0, Kernel: 2)
[2026-01-21 00:24:41.760] [446476] [HailoRT] [info] [hef.cpp:745] [parse_hef_file]         Action: EnableLayerController (Cluster: 3, LC: 0, Kernel: 2)
[2026-01-21 00:24:41.760] [446476] [HailoRT] [info] [hef.cpp:745] [parse_hef_file]         Action: EnableLayerController (Cluster: 5, LC: 1, Kernel: 2)
[2026-01-21 00:24:41.760] [446476] [HailoRT] [info] [hef.cpp:745] [parse_hef_file]         Action: EnableLayerController (Cluster: 1, LC: 0, Kernel: 2)
[2026-01-21 00:24:41.760] [446476] [HailoRT] [info] [hef.cpp:745] [parse_hef_file]         Action: EnableLayerController (Cluster: 1, LC: 13, Kernel: 2)
[2026-01-21 00:24:41.760] [446476] [HailoRT] [info] [hef.cpp:745] [parse_hef_file]         Action: EnableLayerController (Cluster: 1, LC: 10, Kernel: 2)
[2026-01-21 00:24:41.760] [446476] [HailoRT] [info] [hef.cpp:745] [parse_hef_file]         Action: EnableLayerController (Cluster: 4, LC: 2, Kernel: 2)
[2026-01-21 00:24:41.760] [446476] [HailoRT] [info] [hef.cpp:745] [parse_hef_file]         Action: EnableLayerController (Cluster: 7, LC: 0, Kernel: 2)
[2026-01-21 00:24:41.760] [446476] [HailoRT] [info] [hef.cpp:745] [parse_hef_file]         Action: EnableLayerController (Cluster: 1, LC: 7, Kernel: 2)
[2026-01-21 00:24:41.760] [446476] [HailoRT] [info] [hef.cpp:745] [parse_hef_file]         Action: EnableLayerController (Cluster: 1, LC: 12, Kernel: 2)
[2026-01-21 00:24:41.760] [446476] [HailoRT] [info] [hef.cpp:745] [parse_hef_file]         Action: EnableLayerController (Cluster: 1, LC: 15, Kernel: 2)
[2026-01-21 00:24:41.760] [446476] [HailoRT] [info] [hef.cpp:745] [parse_hef_file]         Action: EnableLayerController (Cluster: 1, LC: 2, Kernel: 2)
[2026-01-21 00:24:41.760] [446476] [HailoRT] [info] [hef.cpp:745] [parse_hef_file]         Action: EnableLayerController (Cluster: 1, LC: 8, Kernel: 2)
[2026-01-21 00:24:41.760] [446476] [HailoRT] [info] [hef.cpp:745] [parse_hef_file]         Action: EnableLayerController (Cluster: 1, LC: 3, Kernel: 2)
[2026-01-21 00:24:41.760] [446476] [HailoRT] [info] [hef.cpp:745] [parse_hef_file]         Action: EnableLayerController (Cluster: 6, LC: 0, Kernel: 2)
[2026-01-21 00:24:41.760] [446476] [HailoRT] [info] [hef.cpp:745] [parse_hef_file]         Action: EnableLayerController (Cluster: 1, LC: 5, Kernel: 2)
[2026-01-21 00:24:41.760] [446476] [HailoRT] [info] [hef.cpp:745] [parse_hef_file]         Action: EnableLayerController (Cluster: 2, LC: 0, Kernel: 2)
[2026-01-21 00:24:41.760] [446476] [HailoRT] [info] [hef.cpp:745] [parse_hef_file]         Action: EnableLayerController (Cluster: 2, LC: 1, Kernel: 2)
[2026-01-21 00:24:41.760] [446476] [HailoRT] [info] [hef.cpp:745] [parse_hef_file]         Action: EnableLayerController (Cluster: 2, LC: 12, Kernel: 2)
[2026-01-21 00:24:41.760] [446476] [HailoRT] [info] [hef.cpp:745] [parse_hef_file]         Action: EnableLayerController (Cluster: 2, LC: 8, Kernel: 2)
[2026-01-21 00:24:41.760] [446476] [HailoRT] [info] [hef.cpp:745] [parse_hef_file]         Action: EnableLayerController (Cluster: 2, LC: 6, Kernel: 2)
[2026-01-21 00:24:41.760] [446476] [HailoRT] [info] [hef.cpp:745] [parse_hef_file]         Action: EnableLayerController (Cluster: 2, LC: 5, Kernel: 2)
[2026-01-21 00:24:41.760] [446476] [HailoRT] [info] [hef.cpp:745] [parse_hef_file]         Action: EnableLayerController (Cluster: 3, LC: 6, Kernel: 2)
[2026-01-21 00:24:41.760] [446476] [HailoRT] [info] [hef.cpp:745] [parse_hef_file]         Action: EnableLayerController (Cluster: 1, LC: 14, Kernel: 2)
[2026-01-21 00:24:41.760] [446476] [HailoRT] [info] [hef.cpp:745] [parse_hef_file]         Action: EnableLayerController (Cluster: 1, LC: 9, Kernel: 2)
[2026-01-21 00:24:41.760] [446476] [HailoRT] [info] [hef.cpp:745] [parse_hef_file]         Action: EnableLayerController (Cluster: 7, LC: 7, Kernel: 2)
[2026-01-21 00:24:41.760] [446476] [HailoRT] [info] [hef.cpp:745] [parse_hef_file]         Action: EnableLayerController (Cluster: 7, LC: 9, Kernel: 2)
[2026-01-21 00:24:41.760] [446476] [HailoRT] [info] [hef.cpp:745] [parse_hef_file]         Action: EnableLayerController (Cluster: 7, LC: 10, Kernel: 2)
[2026-01-21 00:24:41.760] [446476] [HailoRT] [info] [hef.cpp:745] [parse_hef_file]         Action: EnableLayerController (Cluster: 2, LC: 2, Kernel: 2)
[2026-01-21 00:24:41.760] [446476] [HailoRT] [info] [hef.cpp:745] [parse_hef_file]         Action: EnableLayerController (Cluster: 2, LC: 15, Kernel: 2)
[2026-01-21 00:24:41.760] [446476] [HailoRT] [info] [hef.cpp:745] [parse_hef_file]         Action: EnableLayerController (Cluster: 7, LC: 11, Kernel: 2)
[2026-01-21 00:24:41.760] [446476] [HailoRT] [info] [hef.cpp:745] [parse_hef_file]         Action: EnableLayerController (Cluster: 7, LC: 13, Kernel: 2)
[2026-01-21 00:24:41.760] [446476] [HailoRT] [info] [hef.cpp:745] [parse_hef_file]         Action: EnableLayerController (Cluster: 4, LC: 9, Kernel: 2)
[2026-01-21 00:24:41.760] [446476] [HailoRT] [info] [hef.cpp:745] [parse_hef_file]         Action: EnableLayerController (Cluster: 5, LC: 14, Kernel: 2)
[2026-01-21 00:24:41.760] [446476] [HailoRT] [info] [hef.cpp:745] [parse_hef_file]         Action: EnableLayerController (Cluster: 5, LC: 15, Kernel: 2)
[2026-01-21 00:24:41.760] [446476] [HailoRT] [info] [hef.cpp:745] [parse_hef_file]         Action: EnableLayerController (Cluster: 5, LC: 12, Kernel: 2)
[2026-01-21 00:24:41.760] [446476] [HailoRT] [info] [hef.cpp:745] [parse_hef_file]         Action: EnableLayerController (Cluster: 7, LC: 15, Kernel: 2)
[2026-01-21 00:24:41.760] [446476] [HailoRT] [info] [hef.cpp:745] [parse_hef_file]         Action: EnableLayerController (Cluster: 7, LC: 14, Kernel: 2)
[2026-01-21 00:24:41.760] [446476] [HailoRT] [info] [hef.cpp:745] [parse_hef_file]         Action: EnableLayerController (Cluster: 7, LC: 12, Kernel: 2)
[2026-01-21 00:24:41.760] [446476] [HailoRT] [info] [hef.cpp:745] [parse_hef_file]         Action: EnableLayerController (Cluster: 7, LC: 2, Kernel: 2)
[2026-01-21 00:24:41.760] [446476] [HailoRT] [info] [hef.cpp:745] [parse_hef_file]         Action: EnableLayerController (Cluster: 7, LC: 1, Kernel: 2)
[2026-01-21 00:24:41.760] [446476] [HailoRT] [info] [hef.cpp:745] [parse_hef_file]         Action: EnableLayerController (Cluster: 7, LC: 6, Kernel: 2)
[2026-01-21 00:24:41.760] [446476] [HailoRT] [info] [hef.cpp:745] [parse_hef_file]         Action: EnableLayerController (Cluster: 7, LC: 5, Kernel: 2)
[2026-01-21 00:24:41.760] [446476] [HailoRT] [info] [hef.cpp:745] [parse_hef_file]         Action: EnableLayerController (Cluster: 2, LC: 4, Kernel: 2)
[2026-01-21 00:24:41.760] [446476] [HailoRT] [info] [hef.cpp:745] [parse_hef_file]         Action: EnableLayerController (Cluster: 1, LC: 11, Kernel: 2)
[2026-01-21 00:24:41.760] [446476] [HailoRT] [info] [hef.cpp:745] [parse_hef_file]         Action: EnableLayerController (Cluster: 3, LC: 14, Kernel: 2)
[2026-01-21 00:24:41.760] [446476] [HailoRT] [info] [hef.cpp:745] [parse_hef_file]         Action: EnableLayerController (Cluster: 3, LC: 8, Kernel: 2)
[2026-01-21 00:24:41.760] [446476] [HailoRT] [info] [hef.cpp:745] [parse_hef_file]         Action: EnableLayerController (Cluster: 3, LC: 7, Kernel: 2)
[2026-01-21 00:24:41.760] [446476] [HailoRT] [info] [hef.cpp:745] [parse_hef_file]         Action: EnableLayerController (Cluster: 3, LC: 3, Kernel: 2)
[2026-01-21 00:24:41.760] [446476] [HailoRT] [info] [hef.cpp:745] [parse_hef_file]         Action: EnableLayerController (Cluster: 6, LC: 6, Kernel: 2)
[2026-01-21 00:24:41.760] [446476] [HailoRT] [info] [hef.cpp:745] [parse_hef_file]         Action: EnableLayerController (Cluster: 2, LC: 13, Kernel: 2)
[2026-01-21 00:24:41.760] [446476] [HailoRT] [info] [hef.cpp:745] [parse_hef_file]         Action: EnableLayerController (Cluster: 2, LC: 14, Kernel: 2)
[2026-01-21 00:24:41.760] [446476] [HailoRT] [info] [hef.cpp:745] [parse_hef_file]         Action: EnableLayerController (Cluster: 4, LC: 6, Kernel: 2)
[2026-01-21 00:24:41.760] [446476] [HailoRT] [info] [hef.cpp:745] [parse_hef_file]         Action: EnableLayerController (Cluster: 5, LC: 8, Kernel: 2)
[2026-01-21 00:24:41.760] [446476] [HailoRT] [info] [hef.cpp:745] [parse_hef_file]         Action: EnableLayerController (Cluster: 5, LC: 9, Kernel: 2)
[2026-01-21 00:24:41.760] [446476] [HailoRT] [info] [hef.cpp:745] [parse_hef_file]         Action: EnableLayerController (Cluster: 5, LC: 4, Kernel: 2)
[2026-01-21 00:24:41.760] [446476] [HailoRT] [info] [hef.cpp:745] [parse_hef_file]         Action: EnableLayerController (Cluster: 5, LC: 7, Kernel: 2)
[2026-01-21 00:24:41.760] [446476] [HailoRT] [info] [hef.cpp:745] [parse_hef_file]         Action: EnableLayerController (Cluster: 5, LC: 6, Kernel: 2)
[2026-01-21 00:24:41.760] [446476] [HailoRT] [info] [hef.cpp:745] [parse_hef_file]         Action: EnableLayerController (Cluster: 5, LC: 5, Kernel: 2)
[2026-01-21 00:24:41.760] [446476] [HailoRT] [info] [hef.cpp:745] [parse_hef_file]         Action: EnableLayerController (Cluster: 6, LC: 15, Kernel: 2)
[2026-01-21 00:24:41.760] [446476] [HailoRT] [info] [hef.cpp:745] [parse_hef_file]         Action: EnableLayerController (Cluster: 6, LC: 2, Kernel: 2)
[2026-01-21 00:24:41.760] [446476] [HailoRT] [info] [hef.cpp:745] [parse_hef_file]         Action: EnableLayerController (Cluster: 6, LC: 13, Kernel: 2)
[2026-01-21 00:24:41.760] [446476] [HailoRT] [info] [hef.cpp:745] [parse_hef_file]         Action: EnableLayerController (Cluster: 6, LC: 1, Kernel: 2)
[2026-01-21 00:24:41.760] [446476] [HailoRT] [info] [hef.cpp:745] [parse_hef_file]         Action: EnableLayerController (Cluster: 4, LC: 13, Kernel: 2)
[2026-01-21 00:24:41.760] [446476] [HailoRT] [info] [hef.cpp:745] [parse_hef_file]         Action: EnableLayerController (Cluster: 6, LC: 14, Kernel: 2)
[2026-01-21 00:24:41.760] [446476] [HailoRT] [info] [hef.cpp:745] [parse_hef_file]         Action: EnableLayerController (Cluster: 6, LC: 12, Kernel: 2)
[2026-01-21 00:24:41.760] [446476] [HailoRT] [info] [hef.cpp:745] [parse_hef_file]         Action: EnableLayerController (Cluster: 0, LC: 14, Kernel: 2)
[2026-01-21 00:24:41.760] [446476] [HailoRT] [info] [hef.cpp:745] [parse_hef_file]         Action: EnableLayerController (Cluster: 3, LC: 9, Kernel: 2)
[2026-01-21 00:24:41.760] [446476] [HailoRT] [info] [hef.cpp:739] [parse_hef_file]     Context Index: 1 (72 operations)
[2026-01-21 00:24:41.760] [446476] [HailoRT] [info] [hef.cpp:743] [parse_hef_file]       Op 0: Trigger: None (Immediate)
[2026-01-21 00:24:41.760] [446476] [HailoRT] [info] [hef.cpp:745] [parse_hef_file]         Action: AllowInputDataflow (Index: 1)
[2026-01-21 00:24:41.760] [446476] [HailoRT] [info] [hef.cpp:745] [parse_hef_file]         Action: AllowInputDataflow (Index: 2)
[2026-01-21 00:24:41.760] [446476] [HailoRT] [info] [hef.cpp:745] [parse_hef_file]         Action: WriteDataCCWPtr (Index: 0, Offset: 19484680, Size: 256)
[2026-01-21 00:24:41.760] [446476] [HailoRT] [info] [hef.cpp:745] [parse_hef_file]         Action: WriteDataCCWPtr (Index: 1, Offset: 24702016, Size: 256)
[2026-01-21 00:24:41.760] [446476] [HailoRT] [info] [hef.cpp:745] [parse_hef_file]         Action: WriteDataCCWPtr (Index: 0, Offset: 19484936, Size: 72)
[2026-01-21 00:24:41.760] [446476] [HailoRT] [info] [hef.cpp:745] [parse_hef_file]         Action: WriteDataCCWPtr (Index: 0, Offset: 19485008, Size: 20640)
[2026-01-21 00:24:41.760] [446476] [HailoRT] [info] [hef.cpp:745] [parse_hef_file]         Action: WriteDataCCWPtr (Index: 0, Offset: 19505648, Size: 72)
[2026-01-21 00:24:41.760] [446476] [HailoRT] [info] [hef.cpp:745] [parse_hef_file]         Action: WriteDataCCWPtr (Index: 0, Offset: 19505720, Size: 16000)
[2026-01-21 00:24:41.760] [446476] [HailoRT] [info] [hef.cpp:745] [parse_hef_file]         Action: WriteDataCCWPtr (Index: 0, Offset: 19521720, Size: 16)
[2026-01-21 00:24:41.760] [446476] [HailoRT] [info] [hef.cpp:745] [parse_hef_file]         Action: WriteDataCCWPtr (Index: 0, Offset: 19521736, Size: 72)
[2026-01-21 00:24:41.760] [446476] [HailoRT] [info] [hef.cpp:745] [parse_hef_file]         Action: WriteDataCCWPtr (Index: 0, Offset: 19521808, Size: 17560)
[2026-01-21 00:24:41.760] [446476] [HailoRT] [info] [hef.cpp:745] [parse_hef_file]         Action: WriteDataCCWPtr (Index: 0, Offset: 19539368, Size: 72)
[2026-01-21 00:24:41.760] [446476] [HailoRT] [info] [hef.cpp:745] [parse_hef_file]         Action: WriteDataCCWPtr (Index: 0, Offset: 19539440, Size: 20832)
[2026-01-21 00:24:41.760] [446476] [HailoRT] [info] [hef.cpp:745] [parse_hef_file]         Action: WriteDataCCWPtr (Index: 1, Offset: 24702272, Size: 72)
[2026-01-21 00:24:41.760] [446476] [HailoRT] [info] [hef.cpp:745] [parse_hef_file]         Action: WriteDataCCWPtr (Index: 1, Offset: 24702344, Size: 17056)
[2026-01-21 00:24:41.760] [446476] [HailoRT] [info] [hef.cpp:745] [parse_hef_file]         Action: WriteDataCCWPtr (Index: 1, Offset: 24719400, Size: 72)
[2026-01-21 00:24:41.760] [446476] [HailoRT] [info] [hef.cpp:745] [parse_hef_file]         Action: WriteDataCCWPtr (Index: 1, Offset: 24719472, Size: 19328)
[2026-01-21 00:24:41.760] [446476] [HailoRT] [info] [hef.cpp:745] [parse_hef_file]         Action: WriteDataCCWPtr (Index: 1, Offset: 24738800, Size: 72)
[2026-01-21 00:24:41.760] [446476] [HailoRT] [info] [hef.cpp:745] [parse_hef_file]         Action: WriteDataCCWPtr (Index: 1, Offset: 24738872, Size: 20904)
[2026-01-21 00:24:41.760] [446476] [HailoRT] [info] [hef.cpp:745] [parse_hef_file]         Action: WriteDataCCWPtr (Index: 1, Offset: 24759776, Size: 72)
[2026-01-21 00:24:41.760] [446476] [HailoRT] [info] [hef.cpp:745] [parse_hef_file]         Action: WriteDataCCWPtr (Index: 1, Offset: 24759848, Size: 20992)
[2026-01-21 00:24:41.760] [446476] [HailoRT] [info] [hef.cpp:745] [parse_hef_file]         Action: WriteDataCCWPtr (Index: 0, Offset: 19560272, Size: 80)
[2026-01-21 00:24:41.760] [446476] [HailoRT] [info] [hef.cpp:745] [parse_hef_file]         Action: WriteDataCCWPtr (Index: 0, Offset: 19560352, Size: 104)
[2026-01-21 00:24:41.760] [446476] [HailoRT] [info] [hef.cpp:745] [parse_hef_file]         Action: WriteDataCCWPtr (Index: 0, Offset: 19560456, Size: 2408)
[2026-01-21 00:24:41.760] [446476] [HailoRT] [info] [hef.cpp:745] [parse_hef_file]         Action: WriteDataCCWPtr (Index: 0, Offset: 19562864, Size: 80)
[2026-01-21 00:24:41.760] [446476] [HailoRT] [info] [hef.cpp:745] [parse_hef_file]         Action: WriteDataCCWPtr (Index: 0, Offset: 19562944, Size: 104)
[2026-01-21 00:24:41.760] [446476] [HailoRT] [info] [hef.cpp:745] [parse_hef_file]         Action: WriteDataCCWPtr (Index: 0, Offset: 19563048, Size: 2824)
[2026-01-21 00:24:41.760] [446476] [HailoRT] [info] [hef.cpp:745] [parse_hef_file]         Action: WriteDataCCWPtr (Index: 0, Offset: 19565872, Size: 6624)
[2026-01-21 00:24:41.760] [446476] [HailoRT] [info] [hef.cpp:745] [parse_hef_file]         Action: WriteDataCCWPtr (Index: 0, Offset: 19572496, Size: 6936)
[2026-01-21 00:24:41.760] [446476] [HailoRT] [info] [hef.cpp:745] [parse_hef_file]         Action: WriteDataCCWPtr (Index: 0, Offset: 19579432, Size: 6896)
[2026-01-21 00:24:41.760] [446476] [HailoRT] [info] [hef.cpp:745] [parse_hef_file]         Action: WriteDataCCWPtr (Index: 0, Offset: 19586328, Size: 6624)
[2026-01-21 00:24:41.760] [446476] [HailoRT] [info] [hef.cpp:745] [parse_hef_file]         Action: WriteDataCCWPtr (Index: 0, Offset: 19592952, Size: 2744)
[2026-01-21 00:24:41.760] [446476] [HailoRT] [info] [hef.cpp:745] [parse_hef_file]         Action: WriteDataCCWPtr (Index: 0, Offset: 19595696, Size: 2744)
[2026-01-21 00:24:41.760] [446476] [HailoRT] [info] [hef.cpp:745] [parse_hef_file]         Action: WriteDataCCWPtr (Index: 0, Offset: 19598440, Size: 2728)
[2026-01-21 00:24:41.760] [446476] [HailoRT] [info] [hef.cpp:745] [parse_hef_file]         Action: WriteDataCCWPtr (Index: 0, Offset: 19601168, Size: 2840)
[2026-01-21 00:24:41.760] [446476] [HailoRT] [info] [hef.cpp:745] [parse_hef_file]         Action: WriteDataCCWPtr (Index: 0, Offset: 19604008, Size: 2688)
[2026-01-21 00:24:41.760] [446476] [HailoRT] [info] [hef.cpp:745] [parse_hef_file]         Action: WriteDataCCWPtr (Index: 0, Offset: 19606696, Size: 2752)
[2026-01-21 00:24:41.760] [446476] [HailoRT] [info] [hef.cpp:745] [parse_hef_file]         Action: WriteDataCCWPtr (Index: 0, Offset: 19609448, Size: 2704)
[2026-01-21 00:24:41.760] [446476] [HailoRT] [info] [hef.cpp:745] [parse_hef_file]         Action: WriteDataCCWPtr (Index: 0, Offset: 19612152, Size: 2744)
[2026-01-21 00:24:41.760] [446476] [HailoRT] [info] [hef.cpp:745] [parse_hef_file]         Action: WriteDataCCWPtr (Index: 0, Offset: 19614896, Size: 4168)
[2026-01-21 00:24:41.760] [446476] [HailoRT] [info] [hef.cpp:745] [parse_hef_file]         Action: WriteDataCCWPtr (Index: 0, Offset: 19619064, Size: 2472)
[2026-01-21 00:24:41.760] [446476] [HailoRT] [info] [hef.cpp:745] [parse_hef_file]         Action: WriteDataCCWPtr (Index: 1, Offset: 24780840, Size: 10200)
[2026-01-21 00:24:41.760] [446476] [HailoRT] [info] [hef.cpp:745] [parse_hef_file]         Action: WriteDataCCWPtr (Index: 1, Offset: 24791040, Size: 10048)
[2026-01-21 00:24:41.760] [446476] [HailoRT] [info] [hef.cpp:745] [parse_hef_file]         Action: WriteDataCCWPtr (Index: 1, Offset: 24801088, Size: 10184)
[2026-01-21 00:24:41.760] [446476] [HailoRT] [info] [hef.cpp:745] [parse_hef_file]         Action: WriteDataCCWPtr (Index: 1, Offset: 24811272, Size: 10008)
[2026-01-21 00:24:41.760] [446476] [HailoRT] [info] [hef.cpp:745] [parse_hef_file]         Action: WriteDataCCWPtr (Index: 1, Offset: 24821280, Size: 9936)
[2026-01-21 00:24:41.760] [446476] [HailoRT] [info] [hef.cpp:745] [parse_hef_file]         Action: WriteDataCCWPtr (Index: 1, Offset: 24831216, Size: 6776)
[2026-01-21 00:24:41.760] [446476] [HailoRT] [info] [hef.cpp:745] [parse_hef_file]         Action: WriteDataCCWPtr (Index: 1, Offset: 24837992, Size: 6752)
[2026-01-21 00:24:41.760] [446476] [HailoRT] [info] [hef.cpp:745] [parse_hef_file]         Action: WriteDataCCWPtr (Index: 1, Offset: 24844744, Size: 6928)
[2026-01-21 00:24:41.760] [446476] [HailoRT] [info] [hef.cpp:745] [parse_hef_file]         Action: WriteDataCCWPtr (Index: 1, Offset: 24851672, Size: 7032)
[2026-01-21 00:24:41.760] [446476] [HailoRT] [info] [hef.cpp:745] [parse_hef_file]         Action: WriteDataCCWPtr (Index: 1, Offset: 24858704, Size: 16440)
[2026-01-21 00:24:41.760] [446476] [HailoRT] [info] [hef.cpp:745] [parse_hef_file]         Action: WriteDataCCWPtr (Index: 1, Offset: 24875144, Size: 17776)
[2026-01-21 00:24:41.760] [446476] [HailoRT] [info] [hef.cpp:745] [parse_hef_file]         Action: WriteDataCCWPtr (Index: 1, Offset: 24892920, Size: 14624)
[2026-01-21 00:24:41.760] [446476] [HailoRT] [info] [hef.cpp:745] [parse_hef_file]         Action: WriteDataCCWPtr (Index: 1, Offset: 24907544, Size: 14960)
[2026-01-21 00:24:41.760] [446476] [HailoRT] [info] [hef.cpp:745] [parse_hef_file]         Action: WriteDataCCWPtr (Index: 1, Offset: 24922504, Size: 14160)
[2026-01-21 00:24:41.760] [446476] [HailoRT] [info] [hef.cpp:745] [parse_hef_file]         Action: WriteDataCCWPtr (Index: 1, Offset: 24936664, Size: 16656)
[2026-01-21 00:24:41.760] [446476] [HailoRT] [info] [hef.cpp:745] [parse_hef_file]         Action: WriteDataCCWPtr (Index: 1, Offset: 24953320, Size: 15232)
[2026-01-21 00:24:41.760] [446476] [HailoRT] [info] [hef.cpp:745] [parse_hef_file]         Action: WriteDataCCWPtr (Index: 0, Offset: 19621536, Size: 15856)
[2026-01-21 00:24:41.760] [446476] [HailoRT] [info] [hef.cpp:745] [parse_hef_file]         Action: WriteDataCCWPtr (Index: 0, Offset: 19637392, Size: 15808)
[2026-01-21 00:24:41.760] [446476] [HailoRT] [info] [hef.cpp:745] [parse_hef_file]         Action: WriteDataCCWPtr (Index: 0, Offset: 19653200, Size: 16536)
[2026-01-21 00:24:41.760] [446476] [HailoRT] [info] [hef.cpp:745] [parse_hef_file]         Action: WriteDataCCWPtr (Index: 0, Offset: 19669736, Size: 16800)
[2026-01-21 00:24:41.760] [446476] [HailoRT] [info] [hef.cpp:745] [parse_hef_file]         Action: WriteDataCCWPtr (Index: 0, Offset: 19686536, Size: 16592)
[2026-01-21 00:24:41.760] [446476] [HailoRT] [info] [hef.cpp:745] [parse_hef_file]         Action: WriteDataCCWPtr (Index: 0, Offset: 19703128, Size: 16120)
[2026-01-21 00:24:41.760] [446476] [HailoRT] [info] [hef.cpp:745] [parse_hef_file]         Action: WriteDataCCWPtr (Index: 1, Offset: 24968552, Size: 7480)
[2026-01-21 00:24:41.760] [446476] [HailoRT] [info] [hef.cpp:745] [parse_hef_file]         Action: WriteDataCCWPtr (Index: 1, Offset: 24976032, Size: 8296)
[2026-01-21 00:24:41.760] [446476] [HailoRT] [info] [hef.cpp:745] [parse_hef_file]         Action: WriteDataCCWPtr (Index: 0, Offset: 19719248, Size: 7944)
[2026-01-21 00:24:41.760] [446476] [HailoRT] [info] [hef.cpp:745] [parse_hef_file]         Action: WriteDataCCWPtr (Index: 0, Offset: 19727192, Size: 7824)
[2026-01-21 00:24:41.760] [446476] [HailoRT] [info] [hef.cpp:745] [parse_hef_file]         Action: WriteDataCCWPtr (Index: 0, Offset: 19735016, Size: 15816)
[2026-01-21 00:24:41.760] [446476] [HailoRT] [info] [hef.cpp:745] [parse_hef_file]         Action: WriteDataCCWPtr (Index: 0, Offset: 19750832, Size: 15392)
[2026-01-21 00:24:41.760] [446476] [HailoRT] [info] [hef.cpp:745] [parse_hef_file]         Action: WriteDataCCWPtr (Index: 0, Offset: 19766224, Size: 15200)
[2026-01-21 00:24:41.760] [446476] [HailoRT] [info] [hef.cpp:745] [parse_hef_file]         Action: WriteDataCCWPtr (Index: 0, Offset: 19781424, Size: 15416)
[2026-01-21 00:24:41.760] [446476] [HailoRT] [info] [hef.cpp:745] [parse_hef_file]         Action: WriteDataCCWPtr (Index: 0, Offset: 19796840, Size: 15584)
[2026-01-21 00:24:41.760] [446476] [HailoRT] [info] [hef.cpp:745] [parse_hef_file]         Action: WriteDataCCWPtr (Index: 1, Offset: 24984328, Size: 18040)
[2026-01-21 00:24:41.760] [446476] [HailoRT] [info] [hef.cpp:745] [parse_hef_file]         Action: WriteDataCCWPtr (Index: 1, Offset: 25002368, Size: 18032)
[2026-01-21 00:24:41.760] [446476] [HailoRT] [info] [hef.cpp:745] [parse_hef_file]         Action: WriteDataCCWPtr (Index: 1, Offset: 25020400, Size: 18016)
[2026-01-21 00:24:41.760] [446476] [HailoRT] [info] [hef.cpp:745] [parse_hef_file]         Action: WriteDataCCWPtr (Index: 1, Offset: 25038416, Size: 17992)
[2026-01-21 00:24:41.760] [446476] [HailoRT] [info] [hef.cpp:745] [parse_hef_file]         Action: WriteDataCCWPtr (Index: 1, Offset: 25056408, Size: 18240)
[2026-01-21 00:24:41.760] [446476] [HailoRT] [info] [hef.cpp:745] [parse_hef_file]         Action: WriteDataCCWPtr (Index: 1, Offset: 25074648, Size: 18112)
[2026-01-21 00:24:41.760] [446476] [HailoRT] [info] [hef.cpp:745] [parse_hef_file]         Action: WriteDataCCWPtr (Index: 1, Offset: 25092760, Size: 18264)
[2026-01-21 00:24:41.760] [446476] [HailoRT] [info] [hef.cpp:745] [parse_hef_file]         Action: WriteDataCCWPtr (Index: 1, Offset: 25111024, Size: 18448)
[2026-01-21 00:24:41.760] [446476] [HailoRT] [info] [hef.cpp:745] [parse_hef_file]         Action: WriteDataCCWPtr (Index: 1, Offset: 25129472, Size: 18136)
[2026-01-21 00:24:41.760] [446476] [HailoRT] [info] [hef.cpp:745] [parse_hef_file]         Action: WriteDataCCWPtr (Index: 1, Offset: 25147608, Size: 18168)
[2026-01-21 00:24:41.760] [446476] [HailoRT] [info] [hef.cpp:745] [parse_hef_file]         Action: WriteDataCCWPtr (Index: 0, Offset: 19812424, Size: 25032)
[2026-01-21 00:24:41.760] [446476] [HailoRT] [info] [hef.cpp:745] [parse_hef_file]         Action: WriteDataCCWPtr (Index: 0, Offset: 19837456, Size: 24704)
[2026-01-21 00:24:41.760] [446476] [HailoRT] [info] [hef.cpp:745] [parse_hef_file]         Action: WriteDataCCWPtr (Index: 0, Offset: 19862160, Size: 6048)
[2026-01-21 00:24:41.760] [446476] [HailoRT] [info] [hef.cpp:745] [parse_hef_file]         Action: WriteDataCCWPtr (Index: 0, Offset: 19868208, Size: 23888)
[2026-01-21 00:24:41.760] [446476] [HailoRT] [info] [hef.cpp:745] [parse_hef_file]         Action: WriteDataCCWPtr (Index: 0, Offset: 19892096, Size: 24296)
[2026-01-21 00:24:41.760] [446476] [HailoRT] [info] [hef.cpp:745] [parse_hef_file]         Action: WriteDataCCWPtr (Index: 0, Offset: 19916392, Size: 5968)
[2026-01-21 00:24:41.760] [446476] [HailoRT] [info] [hef.cpp:745] [parse_hef_file]         Action: WriteDataCCWPtr (Index: 0, Offset: 19922360, Size: 24600)
[2026-01-21 00:24:41.760] [446476] [HailoRT] [info] [hef.cpp:745] [parse_hef_file]         Action: WriteDataCCWPtr (Index: 0, Offset: 19946960, Size: 25736)
[2026-01-21 00:24:41.760] [446476] [HailoRT] [info] [hef.cpp:745] [parse_hef_file]         Action: WriteDataCCWPtr (Index: 0, Offset: 19972696, Size: 6416)
[2026-01-21 00:24:41.760] [446476] [HailoRT] [info] [hef.cpp:745] [parse_hef_file]         Action: WriteDataCCWPtr (Index: 0, Offset: 19979112, Size: 25432)
[2026-01-21 00:24:41.760] [446476] [HailoRT] [info] [hef.cpp:745] [parse_hef_file]         Action: WriteDataCCWPtr (Index: 0, Offset: 20004544, Size: 25384)
[2026-01-21 00:24:41.760] [446476] [HailoRT] [info] [hef.cpp:745] [parse_hef_file]         Action: WriteDataCCWPtr (Index: 0, Offset: 20029928, Size: 6216)
[2026-01-21 00:24:41.760] [446476] [HailoRT] [info] [hef.cpp:745] [parse_hef_file]         Action: WriteDataCCWPtr (Index: 0, Offset: 20036144, Size: 26304)
[2026-01-21 00:24:41.760] [446476] [HailoRT] [info] [hef.cpp:745] [parse_hef_file]         Action: WriteDataCCWPtr (Index: 0, Offset: 20062448, Size: 24968)
[2026-01-21 00:24:41.760] [446476] [HailoRT] [info] [hef.cpp:745] [parse_hef_file]         Action: WriteDataCCWPtr (Index: 0, Offset: 20087416, Size: 6048)
[2026-01-21 00:24:41.760] [446476] [HailoRT] [info] [hef.cpp:745] [parse_hef_file]         Action: WriteDataCCWPtr (Index: 0, Offset: 20093464, Size: 24344)
[2026-01-21 00:24:41.760] [446476] [HailoRT] [info] [hef.cpp:745] [parse_hef_file]         Action: WriteDataCCWPtr (Index: 0, Offset: 20117808, Size: 25112)
[2026-01-21 00:24:41.760] [446476] [HailoRT] [info] [hef.cpp:745] [parse_hef_file]         Action: WriteDataCCWPtr (Index: 0, Offset: 20142920, Size: 6264)
[2026-01-21 00:24:41.761] [446476] [HailoRT] [info] [hef.cpp:745] [parse_hef_file]         Action: WriteDataCCWPtr (Index: 0, Offset: 20149184, Size: 25256)
[2026-01-21 00:24:41.761] [446476] [HailoRT] [info] [hef.cpp:745] [parse_hef_file]         Action: WriteDataCCWPtr (Index: 0, Offset: 20174440, Size: 25472)
[2026-01-21 00:24:41.761] [446476] [HailoRT] [info] [hef.cpp:745] [parse_hef_file]         Action: WriteDataCCWPtr (Index: 0, Offset: 20199912, Size: 6304)
[2026-01-21 00:24:41.761] [446476] [HailoRT] [info] [hef.cpp:745] [parse_hef_file]         Action: WriteDataCCWPtr (Index: 0, Offset: 20206216, Size: 25080)
[2026-01-21 00:24:41.761] [446476] [HailoRT] [info] [hef.cpp:745] [parse_hef_file]         Action: WriteDataCCWPtr (Index: 0, Offset: 20231296, Size: 25992)
[2026-01-21 00:24:41.761] [446476] [HailoRT] [info] [hef.cpp:745] [parse_hef_file]         Action: WriteDataCCWPtr (Index: 0, Offset: 20257288, Size: 6432)
[2026-01-21 00:24:41.761] [446476] [HailoRT] [info] [hef.cpp:745] [parse_hef_file]         Action: WriteDataCCWPtr (Index: 1, Offset: 25165776, Size: 22840)
[2026-01-21 00:24:41.761] [446476] [HailoRT] [info] [hef.cpp:745] [parse_hef_file]         Action: WriteDataCCWPtr (Index: 1, Offset: 25188616, Size: 5720)
[2026-01-21 00:24:41.761] [446476] [HailoRT] [info] [hef.cpp:745] [parse_hef_file]         Action: WriteDataCCWPtr (Index: 1, Offset: 25194336, Size: 23240)
[2026-01-21 00:24:41.761] [446476] [HailoRT] [info] [hef.cpp:745] [parse_hef_file]         Action: WriteDataCCWPtr (Index: 1, Offset: 25217576, Size: 22864)
[2026-01-21 00:24:41.761] [446476] [HailoRT] [info] [hef.cpp:745] [parse_hef_file]         Action: WriteDataCCWPtr (Index: 1, Offset: 25240440, Size: 5720)
[2026-01-21 00:24:41.761] [446476] [HailoRT] [info] [hef.cpp:745] [parse_hef_file]         Action: WriteDataCCWPtr (Index: 1, Offset: 25246160, Size: 23040)
[2026-01-21 00:24:41.761] [446476] [HailoRT] [info] [hef.cpp:745] [parse_hef_file]         Action: WriteDataCCWPtr (Index: 1, Offset: 25269200, Size: 22272)
[2026-01-21 00:24:41.761] [446476] [HailoRT] [info] [hef.cpp:745] [parse_hef_file]         Action: WriteDataCCWPtr (Index: 1, Offset: 25291472, Size: 5584)
[2026-01-21 00:24:41.761] [446476] [HailoRT] [info] [hef.cpp:745] [parse_hef_file]         Action: WriteDataCCWPtr (Index: 1, Offset: 25297056, Size: 21544)
[2026-01-21 00:24:41.761] [446476] [HailoRT] [info] [hef.cpp:745] [parse_hef_file]         Action: WriteDataCCWPtr (Index: 1, Offset: 25318600, Size: 22376)
[2026-01-21 00:24:41.761] [446476] [HailoRT] [info] [hef.cpp:745] [parse_hef_file]         Action: WriteDataCCWPtr (Index: 1, Offset: 25340976, Size: 5592)
[2026-01-21 00:24:41.761] [446476] [HailoRT] [info] [hef.cpp:745] [parse_hef_file]         Action: WriteDataCCWPtr (Index: 1, Offset: 25346568, Size: 22856)
[2026-01-21 00:24:41.761] [446476] [HailoRT] [info] [hef.cpp:745] [parse_hef_file]         Action: WriteDataCCWPtr (Index: 1, Offset: 25369424, Size: 5736)
[2026-01-21 00:24:41.761] [446476] [HailoRT] [info] [hef.cpp:745] [parse_hef_file]         Action: WriteDataCCWPtr (Index: 1, Offset: 25375160, Size: 23128)
[2026-01-21 00:24:41.761] [446476] [HailoRT] [info] [hef.cpp:745] [parse_hef_file]         Action: WriteDataCCWPtr (Index: 1, Offset: 25398288, Size: 22384)
[2026-01-21 00:24:41.761] [446476] [HailoRT] [info] [hef.cpp:745] [parse_hef_file]         Action: WriteDataCCWPtr (Index: 1, Offset: 25420672, Size: 5584)
[2026-01-21 00:24:41.761] [446476] [HailoRT] [info] [hef.cpp:745] [parse_hef_file]         Action: WriteDataCCWPtr (Index: 1, Offset: 25426256, Size: 22760)
[2026-01-21 00:24:41.761] [446476] [HailoRT] [info] [hef.cpp:745] [parse_hef_file]         Action: WriteDataCCWPtr (Index: 1, Offset: 25449016, Size: 22640)
[2026-01-21 00:24:41.761] [446476] [HailoRT] [info] [hef.cpp:745] [parse_hef_file]         Action: WriteDataCCWPtr (Index: 1, Offset: 25471656, Size: 5680)
[2026-01-21 00:24:41.761] [446476] [HailoRT] [info] [hef.cpp:745] [parse_hef_file]         Action: WriteDataCCWPtr (Index: 1, Offset: 25477336, Size: 23240)
[2026-01-21 00:24:41.761] [446476] [HailoRT] [info] [hef.cpp:745] [parse_hef_file]         Action: WriteDataCCWPtr (Index: 1, Offset: 25500576, Size: 22696)
[2026-01-21 00:24:41.761] [446476] [HailoRT] [info] [hef.cpp:745] [parse_hef_file]         Action: WriteDataCCWPtr (Index: 1, Offset: 25523272, Size: 5664)
[2026-01-21 00:24:41.761] [446476] [HailoRT] [info] [hef.cpp:745] [parse_hef_file]         Action: WriteDataCCWPtr (Index: 1, Offset: 25528936, Size: 18536)
[2026-01-21 00:24:41.761] [446476] [HailoRT] [info] [hef.cpp:745] [parse_hef_file]         Action: WriteDataCCWPtr (Index: 0, Offset: 20263720, Size: 24336)
[2026-01-21 00:24:41.761] [446476] [HailoRT] [info] [hef.cpp:745] [parse_hef_file]         Action: WriteDataCCWPtr (Index: 0, Offset: 20288056, Size: 6072)
[2026-01-21 00:24:41.761] [446476] [HailoRT] [info] [hef.cpp:745] [parse_hef_file]         Action: WriteDataCCWPtr (Index: 0, Offset: 20294128, Size: 25992)
[2026-01-21 00:24:41.761] [446476] [HailoRT] [info] [hef.cpp:745] [parse_hef_file]         Action: WriteDataCCWPtr (Index: 0, Offset: 20320120, Size: 26672)
[2026-01-21 00:24:41.761] [446476] [HailoRT] [info] [hef.cpp:745] [parse_hef_file]         Action: WriteDataCCWPtr (Index: 0, Offset: 20346792, Size: 24800)
[2026-01-21 00:24:41.761] [446476] [HailoRT] [info] [hef.cpp:745] [parse_hef_file]         Action: WriteDataCCWPtr (Index: 0, Offset: 20371592, Size: 24616)
[2026-01-21 00:24:41.761] [446476] [HailoRT] [info] [hef.cpp:745] [parse_hef_file]         Action: WriteDataCCWPtr (Index: 0, Offset: 20396208, Size: 6120)
[2026-01-21 00:24:41.761] [446476] [HailoRT] [info] [hef.cpp:745] [parse_hef_file]         Action: WriteDataCCWPtr (Index: 0, Offset: 20402328, Size: 25296)
[2026-01-21 00:24:41.761] [446476] [HailoRT] [info] [hef.cpp:745] [parse_hef_file]         Action: WriteDataCCWPtr (Index: 0, Offset: 20427624, Size: 26024)
[2026-01-21 00:24:41.761] [446476] [HailoRT] [info] [hef.cpp:745] [parse_hef_file]         Action: WriteDataCCWPtr (Index: 0, Offset: 20453648, Size: 6512)
[2026-01-21 00:24:41.761] [446476] [HailoRT] [info] [hef.cpp:745] [parse_hef_file]         Action: WriteDataCCWPtr (Index: 0, Offset: 20460160, Size: 25520)
[2026-01-21 00:24:41.761] [446476] [HailoRT] [info] [hef.cpp:745] [parse_hef_file]         Action: WriteDataCCWPtr (Index: 0, Offset: 20485680, Size: 26784)
[2026-01-21 00:24:41.761] [446476] [HailoRT] [info] [hef.cpp:745] [parse_hef_file]         Action: WriteDataCCWPtr (Index: 0, Offset: 20512464, Size: 26376)
[2026-01-21 00:24:41.761] [446476] [HailoRT] [info] [hef.cpp:745] [parse_hef_file]         Action: WriteDataCCWPtr (Index: 0, Offset: 20538840, Size: 6544)
[2026-01-21 00:24:41.761] [446476] [HailoRT] [info] [hef.cpp:745] [parse_hef_file]         Action: WriteDataCCWPtr (Index: 0, Offset: 20545384, Size: 26800)
[2026-01-21 00:24:41.761] [446476] [HailoRT] [info] [hef.cpp:745] [parse_hef_file]         Action: WriteDataCCWPtr (Index: 0, Offset: 20572184, Size: 26632)
[2026-01-21 00:24:41.761] [446476] [HailoRT] [info] [hef.cpp:745] [parse_hef_file]         Action: WriteDataCCWPtr (Index: 0, Offset: 20598816, Size: 6520)
[2026-01-21 00:24:41.761] [446476] [HailoRT] [info] [hef.cpp:745] [parse_hef_file]         Action: WriteDataCCWPtr (Index: 0, Offset: 20605336, Size: 26712)
[2026-01-21 00:24:41.761] [446476] [HailoRT] [info] [hef.cpp:745] [parse_hef_file]         Action: WriteDataCCWPtr (Index: 0, Offset: 20632048, Size: 26224)
[2026-01-21 00:24:41.761] [446476] [HailoRT] [info] [hef.cpp:745] [parse_hef_file]         Action: WriteDataCCWPtr (Index: 0, Offset: 20658272, Size: 6440)
[2026-01-21 00:24:41.761] [446476] [HailoRT] [info] [hef.cpp:745] [parse_hef_file]         Action: WriteDataCCWPtr (Index: 0, Offset: 20664712, Size: 26712)
[2026-01-21 00:24:41.761] [446476] [HailoRT] [info] [hef.cpp:745] [parse_hef_file]         Action: WriteDataCCWPtr (Index: 0, Offset: 20691424, Size: 6528)
[2026-01-21 00:24:41.761] [446476] [HailoRT] [info] [hef.cpp:745] [parse_hef_file]         Action: WriteDataCCWPtr (Index: 1, Offset: 25547472, Size: 25944)
[2026-01-21 00:24:41.761] [446476] [HailoRT] [info] [hef.cpp:745] [parse_hef_file]         Action: WriteDataCCWPtr (Index: 1, Offset: 25573416, Size: 25680)
[2026-01-21 00:24:41.761] [446476] [HailoRT] [info] [hef.cpp:745] [parse_hef_file]         Action: WriteDataCCWPtr (Index: 1, Offset: 25599096, Size: 25480)
[2026-01-21 00:24:41.761] [446476] [HailoRT] [info] [hef.cpp:745] [parse_hef_file]         Action: WriteDataCCWPtr (Index: 1, Offset: 25624576, Size: 25160)
[2026-01-21 00:24:41.761] [446476] [HailoRT] [info] [hef.cpp:745] [parse_hef_file]         Action: WriteDataCCWPtr (Index: 1, Offset: 25649736, Size: 25288)
[2026-01-21 00:24:41.761] [446476] [HailoRT] [info] [hef.cpp:745] [parse_hef_file]         Action: WriteDataCCWPtr (Index: 1, Offset: 25675024, Size: 26048)
[2026-01-21 00:24:41.761] [446476] [HailoRT] [info] [hef.cpp:745] [parse_hef_file]         Action: WriteDataCCWPtr (Index: 1, Offset: 25701072, Size: 25464)
[2026-01-21 00:24:41.761] [446476] [HailoRT] [info] [hef.cpp:745] [parse_hef_file]         Action: WriteDataCCWPtr (Index: 1, Offset: 25726536, Size: 6576)
[2026-01-21 00:24:41.761] [446476] [HailoRT] [info] [hef.cpp:745] [parse_hef_file]         Action: WriteDataCCWPtr (Index: 1, Offset: 25733112, Size: 25544)
[2026-01-21 00:24:41.761] [446476] [HailoRT] [info] [hef.cpp:745] [parse_hef_file]         Action: WriteDataCCWPtr (Index: 1, Offset: 25758656, Size: 6632)
[2026-01-21 00:24:41.761] [446476] [HailoRT] [info] [hef.cpp:745] [parse_hef_file]         Action: WriteDataCCWPtr (Index: 1, Offset: 25765288, Size: 6464)
[2026-01-21 00:24:41.761] [446476] [HailoRT] [info] [hef.cpp:745] [parse_hef_file]         Action: WriteDataCCWPtr (Index: 1, Offset: 25771752, Size: 25680)
[2026-01-21 00:24:41.761] [446476] [HailoRT] [info] [hef.cpp:745] [parse_hef_file]         Action: WriteDataCCWPtr (Index: 1, Offset: 25797432, Size: 24976)
[2026-01-21 00:24:41.761] [446476] [HailoRT] [info] [hef.cpp:745] [parse_hef_file]         Action: WriteDataCCWPtr (Index: 1, Offset: 25822408, Size: 6400)
[2026-01-21 00:24:41.761] [446476] [HailoRT] [info] [hef.cpp:745] [parse_hef_file]         Action: WriteDataCCWPtr (Index: 1, Offset: 25828808, Size: 24640)
[2026-01-21 00:24:41.761] [446476] [HailoRT] [info] [hef.cpp:745] [parse_hef_file]         Action: WriteDataCCWPtr (Index: 1, Offset: 25853448, Size: 25304)
[2026-01-21 00:24:41.761] [446476] [HailoRT] [info] [hef.cpp:745] [parse_hef_file]         Action: WriteDataCCWPtr (Index: 1, Offset: 25878752, Size: 25392)
[2026-01-21 00:24:41.761] [446476] [HailoRT] [info] [hef.cpp:745] [parse_hef_file]         Action: WriteDataCCWPtr (Index: 1, Offset: 25904144, Size: 26056)
[2026-01-21 00:24:41.761] [446476] [HailoRT] [info] [hef.cpp:745] [parse_hef_file]         Action: WriteDataCCWPtr (Index: 1, Offset: 25930200, Size: 26264)
[2026-01-21 00:24:41.761] [446476] [HailoRT] [info] [hef.cpp:745] [parse_hef_file]         Action: WriteDataCCWPtr (Index: 1, Offset: 25956464, Size: 25672)
[2026-01-21 00:24:41.761] [446476] [HailoRT] [info] [hef.cpp:745] [parse_hef_file]         Action: WriteDataCCWPtr (Index: 1, Offset: 25982136, Size: 24952)
[2026-01-21 00:24:41.761] [446476] [HailoRT] [info] [hef.cpp:745] [parse_hef_file]         Action: WriteDataCCWPtr (Index: 1, Offset: 26007088, Size: 25176)
[2026-01-21 00:24:41.761] [446476] [HailoRT] [info] [hef.cpp:745] [parse_hef_file]         Action: WriteDataCCWPtr (Index: 1, Offset: 26032264, Size: 25680)
[2026-01-21 00:24:41.761] [446476] [HailoRT] [info] [hef.cpp:745] [parse_hef_file]         Action: WriteDataCCWPtr (Index: 1, Offset: 26057944, Size: 24752)
[2026-01-21 00:24:41.761] [446476] [HailoRT] [info] [hef.cpp:745] [parse_hef_file]         Action: WriteDataCCWPtr (Index: 1, Offset: 26082696, Size: 24488)
[2026-01-21 00:24:41.761] [446476] [HailoRT] [info] [hef.cpp:745] [parse_hef_file]         Action: WriteDataCCWPtr (Index: 1, Offset: 26107184, Size: 25848)
[2026-01-21 00:24:41.761] [446476] [HailoRT] [info] [hef.cpp:745] [parse_hef_file]         Action: WriteDataCCWPtr (Index: 1, Offset: 26133032, Size: 27688)
[2026-01-21 00:24:41.761] [446476] [HailoRT] [info] [hef.cpp:745] [parse_hef_file]         Action: WriteDataCCWPtr (Index: 1, Offset: 26160720, Size: 26296)
[2026-01-21 00:24:41.761] [446476] [HailoRT] [info] [hef.cpp:745] [parse_hef_file]         Action: WriteDataCCWPtr (Index: 1, Offset: 26187016, Size: 24744)
[2026-01-21 00:24:41.761] [446476] [HailoRT] [info] [hef.cpp:745] [parse_hef_file]         Action: WriteDataCCWPtr (Index: 1, Offset: 26211760, Size: 24864)
[2026-01-21 00:24:41.761] [446476] [HailoRT] [info] [hef.cpp:745] [parse_hef_file]         Action: WriteDataCCWPtr (Index: 1, Offset: 26236624, Size: 23128)
[2026-01-21 00:24:41.761] [446476] [HailoRT] [info] [hef.cpp:745] [parse_hef_file]         Action: WriteDataCCWPtr (Index: 1, Offset: 26259752, Size: 22848)
[2026-01-21 00:24:41.761] [446476] [HailoRT] [info] [hef.cpp:745] [parse_hef_file]         Action: WriteDataCCWPtr (Index: 1, Offset: 26282600, Size: 22832)
[2026-01-21 00:24:41.761] [446476] [HailoRT] [info] [hef.cpp:745] [parse_hef_file]         Action: WriteDataCCWPtr (Index: 0, Offset: 20697952, Size: 22608)
[2026-01-21 00:24:41.761] [446476] [HailoRT] [info] [hef.cpp:745] [parse_hef_file]         Action: WriteDataCCWPtr (Index: 0, Offset: 20720560, Size: 22328)
[2026-01-21 00:24:41.761] [446476] [HailoRT] [info] [hef.cpp:745] [parse_hef_file]         Action: WriteDataCCWPtr (Index: 0, Offset: 20742888, Size: 22416)
[2026-01-21 00:24:41.761] [446476] [HailoRT] [info] [hef.cpp:745] [parse_hef_file]         Action: WriteDataCCWPtr (Index: 0, Offset: 20765304, Size: 22632)
[2026-01-21 00:24:41.761] [446476] [HailoRT] [info] [hef.cpp:745] [parse_hef_file]         Action: WriteDataCCWPtr (Index: 0, Offset: 20787936, Size: 22688)
[2026-01-21 00:24:41.761] [446476] [HailoRT] [info] [hef.cpp:745] [parse_hef_file]         Action: WriteDataCCWPtr (Index: 0, Offset: 20810624, Size: 17168)
[2026-01-21 00:24:41.761] [446476] [HailoRT] [info] [hef.cpp:745] [parse_hef_file]         Action: WriteDataCCWPtr (Index: 0, Offset: 20827792, Size: 23264)
[2026-01-21 00:24:41.761] [446476] [HailoRT] [info] [hef.cpp:745] [parse_hef_file]         Action: WriteDataCCWPtr (Index: 0, Offset: 20851056, Size: 24488)
[2026-01-21 00:24:41.761] [446476] [HailoRT] [info] [hef.cpp:745] [parse_hef_file]         Action: WriteDataCCWPtr (Index: 1, Offset: 26305432, Size: 17336)
[2026-01-21 00:24:41.761] [446476] [HailoRT] [info] [hef.cpp:745] [parse_hef_file]         Action: WriteDataCCWPtr (Index: 1, Offset: 26322768, Size: 22288)
[2026-01-21 00:24:41.761] [446476] [HailoRT] [info] [hef.cpp:745] [parse_hef_file]         Action: WriteDataCCWPtr (Index: 1, Offset: 26345056, Size: 19168)
[2026-01-21 00:24:41.761] [446476] [HailoRT] [info] [hef.cpp:745] [parse_hef_file]         Action: WriteDataCCWPtr (Index: 1, Offset: 26364224, Size: 22776)
[2026-01-21 00:24:41.761] [446476] [HailoRT] [info] [hef.cpp:745] [parse_hef_file]         Action: WriteDataCCWPtr (Index: 1, Offset: 26387000, Size: 25352)
[2026-01-21 00:24:41.761] [446476] [HailoRT] [info] [hef.cpp:745] [parse_hef_file]         Action: WriteDataCCWPtr (Index: 1, Offset: 26412352, Size: 15600)
[2026-01-21 00:24:41.761] [446476] [HailoRT] [info] [hef.cpp:745] [parse_hef_file]         Action: WriteDataCCWPtr (Index: 1, Offset: 26427952, Size: 16)
[2026-01-21 00:24:41.761] [446476] [HailoRT] [info] [hef.cpp:745] [parse_hef_file]         Action: WriteDataCCWPtr (Index: 0, Offset: 20875544, Size: 14264)
[2026-01-21 00:24:41.761] [446476] [HailoRT] [info] [hef.cpp:745] [parse_hef_file]         Action: WriteDataCCWPtr (Index: 0, Offset: 20889808, Size: 16)
[2026-01-21 00:24:41.761] [446476] [HailoRT] [info] [hef.cpp:745] [parse_hef_file]         Action: WriteDataCCWPtr (Index: 1, Offset: 26427968, Size: 19072)
[2026-01-21 00:24:41.761] [446476] [HailoRT] [info] [hef.cpp:745] [parse_hef_file]         Action: WriteDataCCWPtr (Index: 1, Offset: 26447040, Size: 16)
[2026-01-21 00:24:41.761] [446476] [HailoRT] [info] [hef.cpp:745] [parse_hef_file]         Action: WriteDataCCWPtr (Index: 1, Offset: 26447056, Size: 10040)
[2026-01-21 00:24:41.761] [446476] [HailoRT] [info] [hef.cpp:745] [parse_hef_file]         Action: WriteDataCCWPtr (Index: 1, Offset: 26457096, Size: 16)
[2026-01-21 00:24:41.761] [446476] [HailoRT] [info] [hef.cpp:745] [parse_hef_file]         Action: WriteDataCCWPtr (Index: 0, Offset: 20889824, Size: 13112)
[2026-01-21 00:24:41.761] [446476] [HailoRT] [info] [hef.cpp:745] [parse_hef_file]         Action: WriteDataCCWPtr (Index: 0, Offset: 20902936, Size: 16)
[2026-01-21 00:24:41.761] [446476] [HailoRT] [info] [hef.cpp:743] [parse_hef_file]       Op 1: Trigger: LayerController (Cluster: 4, LC: 0)
[2026-01-21 00:24:41.761] [446476] [HailoRT] [info] [hef.cpp:745] [parse_hef_file]         Action: DisableLayerController (Cluster: 4, LC: 0)
[2026-01-21 00:24:41.761] [446476] [HailoRT] [info] [hef.cpp:745] [parse_hef_file]         Action: WriteDataCCWPtr (Index: 0, Offset: 20902952, Size: 17368)
[2026-01-21 00:24:41.761] [446476] [HailoRT] [info] [hef.cpp:745] [parse_hef_file]         Action: WriteDataCCWPtr (Index: 0, Offset: 20920320, Size: 18504)
[2026-01-21 00:24:41.761] [446476] [HailoRT] [info] [hef.cpp:745] [parse_hef_file]         Action: WriteDataCCWPtr (Index: 0, Offset: 20938824, Size: 20920)
[2026-01-21 00:24:41.761] [446476] [HailoRT] [info] [hef.cpp:745] [parse_hef_file]         Action: WriteDataCCWPtr (Index: 0, Offset: 20959744, Size: 22256)
[2026-01-21 00:24:41.761] [446476] [HailoRT] [info] [hef.cpp:745] [parse_hef_file]         Action: WriteDataCCWPtr (Index: 0, Offset: 20982000, Size: 17120)
[2026-01-21 00:24:41.761] [446476] [HailoRT] [info] [hef.cpp:745] [parse_hef_file]         Action: WriteDataCCWPtr (Index: 0, Offset: 20999120, Size: 16)
[2026-01-21 00:24:41.761] [446476] [HailoRT] [info] [hef.cpp:745] [parse_hef_file]         Action: WriteDataCCWPtr (Index: 1, Offset: 26457112, Size: 14472)
[2026-01-21 00:24:41.761] [446476] [HailoRT] [info] [hef.cpp:745] [parse_hef_file]         Action: WriteDataCCWPtr (Index: 1, Offset: 26471584, Size: 16)
[2026-01-21 00:24:41.761] [446476] [HailoRT] [info] [hef.cpp:745] [parse_hef_file]         Action: WriteDataCCWPtr (Index: 1, Offset: 26471600, Size: 10064)
[2026-01-21 00:24:41.761] [446476] [HailoRT] [info] [hef.cpp:745] [parse_hef_file]         Action: WriteDataCCWPtr (Index: 1, Offset: 26481664, Size: 10016)
[2026-01-21 00:24:41.761] [446476] [HailoRT] [info] [hef.cpp:745] [parse_hef_file]         Action: WriteDataCCWPtr (Index: 1, Offset: 26491680, Size: 25640)
[2026-01-21 00:24:41.761] [446476] [HailoRT] [info] [hef.cpp:745] [parse_hef_file]         Action: WriteDataCCWPtr (Index: 1, Offset: 26517320, Size: 25376)
[2026-01-21 00:24:41.761] [446476] [HailoRT] [info] [hef.cpp:745] [parse_hef_file]         Action: WriteDataCCWPtr (Index: 1, Offset: 26542696, Size: 25528)
[2026-01-21 00:24:41.761] [446476] [HailoRT] [info] [hef.cpp:745] [parse_hef_file]         Action: WriteDataCCWPtr (Index: 1, Offset: 26568224, Size: 24992)
[2026-01-21 00:24:41.761] [446476] [HailoRT] [info] [hef.cpp:745] [parse_hef_file]         Action: WriteDataCCWPtr (Index: 1, Offset: 26593216, Size: 25440)
[2026-01-21 00:24:41.761] [446476] [HailoRT] [info] [hef.cpp:745] [parse_hef_file]         Action: WriteDataCCWPtr (Index: 1, Offset: 26618656, Size: 25904)
[2026-01-21 00:24:41.761] [446476] [HailoRT] [info] [hef.cpp:743] [parse_hef_file]       Op 2: Trigger: LayerController (Cluster: 4, LC: 1)
[2026-01-21 00:24:41.761] [446476] [HailoRT] [info] [hef.cpp:745] [parse_hef_file]         Action: DisableLayerController (Cluster: 4, LC: 1)
[2026-01-21 00:24:41.761] [446476] [HailoRT] [info] [hef.cpp:745] [parse_hef_file]         Action: WriteDataCCWPtr (Index: 1, Offset: 26644560, Size: 14176)
[2026-01-21 00:24:41.761] [446476] [HailoRT] [info] [hef.cpp:745] [parse_hef_file]         Action: WriteDataCCWPtr (Index: 1, Offset: 26658736, Size: 23248)
[2026-01-21 00:24:41.761] [446476] [HailoRT] [info] [hef.cpp:745] [parse_hef_file]         Action: WriteDataCCWPtr (Index: 1, Offset: 26681984, Size: 25184)
[2026-01-21 00:24:41.761] [446476] [HailoRT] [info] [hef.cpp:745] [parse_hef_file]         Action: WriteDataCCWPtr (Index: 1, Offset: 26707168, Size: 26232)
[2026-01-21 00:24:41.761] [446476] [HailoRT] [info] [hef.cpp:745] [parse_hef_file]         Action: WriteDataCCWPtr (Index: 1, Offset: 26733400, Size: 27120)
[2026-01-21 00:24:41.761] [446476] [HailoRT] [info] [hef.cpp:745] [parse_hef_file]         Action: WriteDataCCWPtr (Index: 1, Offset: 26760520, Size: 25520)
[2026-01-21 00:24:41.761] [446476] [HailoRT] [info] [hef.cpp:745] [parse_hef_file]         Action: WriteDataCCWPtr (Index: 1, Offset: 26786040, Size: 24856)
[2026-01-21 00:24:41.761] [446476] [HailoRT] [info] [hef.cpp:745] [parse_hef_file]         Action: WriteDataCCWPtr (Index: 1, Offset: 26810896, Size: 25040)
[2026-01-21 00:24:41.761] [446476] [HailoRT] [info] [hef.cpp:745] [parse_hef_file]         Action: WriteDataCCWPtr (Index: 1, Offset: 26835936, Size: 25976)
[2026-01-21 00:24:41.761] [446476] [HailoRT] [info] [hef.cpp:743] [parse_hef_file]       Op 3: Trigger: LayerController (Cluster: 5, LC: 0)
[2026-01-21 00:24:41.761] [446476] [HailoRT] [info] [hef.cpp:745] [parse_hef_file]         Action: DisableLayerController (Cluster: 5, LC: 0)
[2026-01-21 00:24:41.761] [446476] [HailoRT] [info] [hef.cpp:745] [parse_hef_file]         Action: WriteDataCCWPtr (Index: 1, Offset: 26861912, Size: 2072)
[2026-01-21 00:24:41.761] [446476] [HailoRT] [info] [hef.cpp:745] [parse_hef_file]         Action: WriteDataCCWPtr (Index: 1, Offset: 26863984, Size: 8072)
[2026-01-21 00:24:41.761] [446476] [HailoRT] [info] [hef.cpp:745] [parse_hef_file]         Action: WriteDataCCWPtr (Index: 1, Offset: 26872056, Size: 8048)
[2026-01-21 00:24:41.761] [446476] [HailoRT] [info] [hef.cpp:743] [parse_hef_file]       Op 4: Trigger: LayerController (Cluster: 3, LC: 0)
[2026-01-21 00:24:41.761] [446476] [HailoRT] [info] [hef.cpp:745] [parse_hef_file]         Action: DisableLayerController (Cluster: 3, LC: 0)
[2026-01-21 00:24:41.761] [446476] [HailoRT] [info] [hef.cpp:745] [parse_hef_file]         Action: WriteDataCCWPtr (Index: 0, Offset: 20999136, Size: 15992)
[2026-01-21 00:24:41.761] [446476] [HailoRT] [info] [hef.cpp:745] [parse_hef_file]         Action: WriteDataCCWPtr (Index: 0, Offset: 21015128, Size: 8096)
[2026-01-21 00:24:41.761] [446476] [HailoRT] [info] [hef.cpp:745] [parse_hef_file]         Action: WriteDataCCWPtr (Index: 0, Offset: 21023224, Size: 25608)
[2026-01-21 00:24:41.761] [446476] [HailoRT] [info] [hef.cpp:745] [parse_hef_file]         Action: WriteDataCCWPtr (Index: 0, Offset: 21048832, Size: 25952)
[2026-01-21 00:24:41.761] [446476] [HailoRT] [info] [hef.cpp:745] [parse_hef_file]         Action: WriteDataCCWPtr (Index: 0, Offset: 21074784, Size: 25448)
[2026-01-21 00:24:41.761] [446476] [HailoRT] [info] [hef.cpp:745] [parse_hef_file]         Action: WriteDataCCWPtr (Index: 0, Offset: 21100232, Size: 25568)
[2026-01-21 00:24:41.761] [446476] [HailoRT] [info] [hef.cpp:745] [parse_hef_file]         Action: WriteDataCCWPtr (Index: 0, Offset: 21125800, Size: 6352)
[2026-01-21 00:24:41.761] [446476] [HailoRT] [info] [hef.cpp:745] [parse_hef_file]         Action: WriteDataCCWPtr (Index: 0, Offset: 21132152, Size: 25768)
[2026-01-21 00:24:41.761] [446476] [HailoRT] [info] [hef.cpp:745] [parse_hef_file]         Action: WriteDataCCWPtr (Index: 0, Offset: 21157920, Size: 6472)
[2026-01-21 00:24:41.761] [446476] [HailoRT] [info] [hef.cpp:743] [parse_hef_file]       Op 5: Trigger: LayerController (Cluster: 5, LC: 1)
[2026-01-21 00:24:41.761] [446476] [HailoRT] [info] [hef.cpp:745] [parse_hef_file]         Action: DisableLayerController (Cluster: 5, LC: 1)
[2026-01-21 00:24:41.761] [446476] [HailoRT] [info] [hef.cpp:745] [parse_hef_file]         Action: WriteDataCCWPtr (Index: 1, Offset: 26880104, Size: 8096)
[2026-01-21 00:24:41.761] [446476] [HailoRT] [info] [hef.cpp:743] [parse_hef_file]       Op 6: Trigger: LayerController (Cluster: 1, LC: 0)
[2026-01-21 00:24:41.761] [446476] [HailoRT] [info] [hef.cpp:745] [parse_hef_file]         Action: DisableLayerController (Cluster: 1, LC: 0)
[2026-01-21 00:24:41.761] [446476] [HailoRT] [info] [hef.cpp:743] [parse_hef_file]       Op 7: Trigger: LayerController (Cluster: 1, LC: 13)
[2026-01-21 00:24:41.761] [446476] [HailoRT] [info] [hef.cpp:745] [parse_hef_file]         Action: DisableLayerController (Cluster: 1, LC: 13)
[2026-01-21 00:24:41.761] [446476] [HailoRT] [info] [hef.cpp:745] [parse_hef_file]         Action: WriteDataCCWPtr (Index: 0, Offset: 21164392, Size: 22840)
[2026-01-21 00:24:41.761] [446476] [HailoRT] [info] [hef.cpp:745] [parse_hef_file]         Action: WriteDataCCWPtr (Index: 0, Offset: 21187232, Size: 22928)
[2026-01-21 00:24:41.761] [446476] [HailoRT] [info] [hef.cpp:745] [parse_hef_file]         Action: WriteDataCCWPtr (Index: 0, Offset: 21210160, Size: 22464)
[2026-01-21 00:24:41.761] [446476] [HailoRT] [info] [hef.cpp:745] [parse_hef_file]         Action: WriteDataCCWPtr (Index: 0, Offset: 21232624, Size: 22552)
[2026-01-21 00:24:41.761] [446476] [HailoRT] [info] [hef.cpp:745] [parse_hef_file]         Action: WriteDataCCWPtr (Index: 0, Offset: 21255176, Size: 22168)
[2026-01-21 00:24:41.761] [446476] [HailoRT] [info] [hef.cpp:745] [parse_hef_file]         Action: WriteDataCCWPtr (Index: 0, Offset: 21277344, Size: 22320)
[2026-01-21 00:24:41.761] [446476] [HailoRT] [info] [hef.cpp:745] [parse_hef_file]         Action: WriteDataCCWPtr (Index: 0, Offset: 21299664, Size: 22680)
[2026-01-21 00:24:41.761] [446476] [HailoRT] [info] [hef.cpp:745] [parse_hef_file]         Action: WriteDataCCWPtr (Index: 0, Offset: 21322344, Size: 22816)
[2026-01-21 00:24:41.761] [446476] [HailoRT] [info] [hef.cpp:743] [parse_hef_file]       Op 8: Trigger: LayerController (Cluster: 1, LC: 10)
[2026-01-21 00:24:41.761] [446476] [HailoRT] [info] [hef.cpp:745] [parse_hef_file]         Action: DisableLayerController (Cluster: 1, LC: 10)
[2026-01-21 00:24:41.761] [446476] [HailoRT] [info] [hef.cpp:743] [parse_hef_file]       Op 9: Trigger: LayerController (Cluster: 4, LC: 2)
[2026-01-21 00:24:41.761] [446476] [HailoRT] [info] [hef.cpp:745] [parse_hef_file]         Action: DisableLayerController (Cluster: 4, LC: 2)
[2026-01-21 00:24:41.761] [446476] [HailoRT] [info] [hef.cpp:745] [parse_hef_file]         Action: WriteDataCCWPtr (Index: 1, Offset: 26888200, Size: 18296)
[2026-01-21 00:24:41.761] [446476] [HailoRT] [info] [hef.cpp:745] [parse_hef_file]         Action: WriteDataCCWPtr (Index: 1, Offset: 26906496, Size: 14416)
[2026-01-21 00:24:41.761] [446476] [HailoRT] [info] [hef.cpp:745] [parse_hef_file]         Action: WriteDataCCWPtr (Index: 1, Offset: 26920912, Size: 14264)
[2026-01-21 00:24:41.761] [446476] [HailoRT] [info] [hef.cpp:745] [parse_hef_file]         Action: WriteDataCCWPtr (Index: 1, Offset: 26935176, Size: 14680)
[2026-01-21 00:24:41.761] [446476] [HailoRT] [info] [hef.cpp:745] [parse_hef_file]         Action: WriteDataCCWPtr (Index: 1, Offset: 26949856, Size: 14360)
[2026-01-21 00:24:41.761] [446476] [HailoRT] [info] [hef.cpp:745] [parse_hef_file]         Action: WriteDataCCWPtr (Index: 1, Offset: 26964216, Size: 18624)
[2026-01-21 00:24:41.761] [446476] [HailoRT] [info] [hef.cpp:745] [parse_hef_file]         Action: WriteDataCCWPtr (Index: 1, Offset: 26982840, Size: 18608)
[2026-01-21 00:24:41.761] [446476] [HailoRT] [info] [hef.cpp:745] [parse_hef_file]         Action: WriteDataCCWPtr (Index: 1, Offset: 27001448, Size: 18432)
[2026-01-21 00:24:41.761] [446476] [HailoRT] [info] [hef.cpp:745] [parse_hef_file]         Action: WriteDataCCWPtr (Index: 1, Offset: 27019880, Size: 18336)
[2026-01-21 00:24:41.761] [446476] [HailoRT] [info] [hef.cpp:745] [parse_hef_file]         Action: WriteDataCCWPtr (Index: 1, Offset: 27038216, Size: 26624)
[2026-01-21 00:24:41.761] [446476] [HailoRT] [info] [hef.cpp:745] [parse_hef_file]         Action: WriteDataCCWPtr (Index: 1, Offset: 27064840, Size: 25400)
[2026-01-21 00:24:41.761] [446476] [HailoRT] [info] [hef.cpp:745] [parse_hef_file]         Action: WriteDataCCWPtr (Index: 1, Offset: 27090240, Size: 24696)
[2026-01-21 00:24:41.761] [446476] [HailoRT] [info] [hef.cpp:745] [parse_hef_file]         Action: WriteDataCCWPtr (Index: 1, Offset: 27114936, Size: 24856)
[2026-01-21 00:24:41.761] [446476] [HailoRT] [info] [hef.cpp:745] [parse_hef_file]         Action: WriteDataCCWPtr (Index: 1, Offset: 27139792, Size: 26112)
[2026-01-21 00:24:41.761] [446476] [HailoRT] [info] [hef.cpp:745] [parse_hef_file]         Action: WriteDataCCWPtr (Index: 1, Offset: 27165904, Size: 26160)
[2026-01-21 00:24:41.761] [446476] [HailoRT] [info] [hef.cpp:745] [parse_hef_file]         Action: WriteDataCCWPtr (Index: 1, Offset: 27192064, Size: 25480)
[2026-01-21 00:24:41.761] [446476] [HailoRT] [info] [hef.cpp:745] [parse_hef_file]         Action: WriteDataCCWPtr (Index: 1, Offset: 27217544, Size: 25496)
[2026-01-21 00:24:41.761] [446476] [HailoRT] [info] [hef.cpp:743] [parse_hef_file]       Op 10: Trigger: LayerController (Cluster: 7, LC: 0)
[2026-01-21 00:24:41.761] [446476] [HailoRT] [info] [hef.cpp:745] [parse_hef_file]         Action: DisableLayerController (Cluster: 7, LC: 0)
[2026-01-21 00:24:41.761] [446476] [HailoRT] [info] [hef.cpp:743] [parse_hef_file]       Op 11: Trigger: LayerController (Cluster: 1, LC: 7)
[2026-01-21 00:24:41.761] [446476] [HailoRT] [info] [hef.cpp:745] [parse_hef_file]         Action: DisableLayerController (Cluster: 1, LC: 7)
[2026-01-21 00:24:41.761] [446476] [HailoRT] [info] [hef.cpp:743] [parse_hef_file]       Op 12: Trigger: LayerController (Cluster: 1, LC: 12)
[2026-01-21 00:24:41.761] [446476] [HailoRT] [info] [hef.cpp:745] [parse_hef_file]         Action: DisableLayerController (Cluster: 1, LC: 12)
[2026-01-21 00:24:41.761] [446476] [HailoRT] [info] [hef.cpp:743] [parse_hef_file]       Op 13: Trigger: LayerController (Cluster: 1, LC: 15)
[2026-01-21 00:24:41.761] [446476] [HailoRT] [info] [hef.cpp:745] [parse_hef_file]         Action: DisableLayerController (Cluster: 1, LC: 15)
[2026-01-21 00:24:41.761] [446476] [HailoRT] [info] [hef.cpp:745] [parse_hef_file]         Action: WriteDataCCWPtr (Index: 0, Offset: 21345160, Size: 22520)
[2026-01-21 00:24:41.761] [446476] [HailoRT] [info] [hef.cpp:745] [parse_hef_file]         Action: WriteDataCCWPtr (Index: 0, Offset: 21367680, Size: 22840)
[2026-01-21 00:24:41.761] [446476] [HailoRT] [info] [hef.cpp:745] [parse_hef_file]         Action: WriteDataCCWPtr (Index: 0, Offset: 21390520, Size: 22984)
[2026-01-21 00:24:41.761] [446476] [HailoRT] [info] [hef.cpp:745] [parse_hef_file]         Action: WriteDataCCWPtr (Index: 0, Offset: 21413504, Size: 22776)
[2026-01-21 00:24:41.761] [446476] [HailoRT] [info] [hef.cpp:745] [parse_hef_file]         Action: WriteDataCCWPtr (Index: 0, Offset: 21436280, Size: 22824)
[2026-01-21 00:24:41.761] [446476] [HailoRT] [info] [hef.cpp:745] [parse_hef_file]         Action: WriteDataCCWPtr (Index: 0, Offset: 21459104, Size: 22696)
[2026-01-21 00:24:41.761] [446476] [HailoRT] [info] [hef.cpp:745] [parse_hef_file]         Action: WriteDataCCWPtr (Index: 0, Offset: 21481800, Size: 22712)
[2026-01-21 00:24:41.761] [446476] [HailoRT] [info] [hef.cpp:745] [parse_hef_file]         Action: WriteDataCCWPtr (Index: 0, Offset: 21504512, Size: 22192)
[2026-01-21 00:24:41.761] [446476] [HailoRT] [info] [hef.cpp:745] [parse_hef_file]         Action: WriteDataCCWPtr (Index: 0, Offset: 21526704, Size: 22288)
[2026-01-21 00:24:41.761] [446476] [HailoRT] [info] [hef.cpp:745] [parse_hef_file]         Action: WriteDataCCWPtr (Index: 0, Offset: 21548992, Size: 22856)
[2026-01-21 00:24:41.761] [446476] [HailoRT] [info] [hef.cpp:745] [parse_hef_file]         Action: WriteDataCCWPtr (Index: 0, Offset: 21571848, Size: 22904)
[2026-01-21 00:24:41.761] [446476] [HailoRT] [info] [hef.cpp:745] [parse_hef_file]         Action: WriteDataCCWPtr (Index: 0, Offset: 21594752, Size: 22656)
[2026-01-21 00:24:41.761] [446476] [HailoRT] [info] [hef.cpp:745] [parse_hef_file]         Action: WriteDataCCWPtr (Index: 0, Offset: 21617408, Size: 22712)
[2026-01-21 00:24:41.761] [446476] [HailoRT] [info] [hef.cpp:743] [parse_hef_file]       Op 14: Trigger: LayerController (Cluster: 1, LC: 2)
[2026-01-21 00:24:41.761] [446476] [HailoRT] [info] [hef.cpp:745] [parse_hef_file]         Action: DisableLayerController (Cluster: 1, LC: 2)
[2026-01-21 00:24:41.761] [446476] [HailoRT] [info] [hef.cpp:745] [parse_hef_file]         Action: WriteDataCCWPtr (Index: 0, Offset: 21640120, Size: 22352)
[2026-01-21 00:24:41.761] [446476] [HailoRT] [info] [hef.cpp:743] [parse_hef_file]       Op 15: Trigger: LayerController (Cluster: 1, LC: 8)
[2026-01-21 00:24:41.761] [446476] [HailoRT] [info] [hef.cpp:745] [parse_hef_file]         Action: DisableLayerController (Cluster: 1, LC: 8)
[2026-01-21 00:24:41.761] [446476] [HailoRT] [info] [hef.cpp:743] [parse_hef_file]       Op 16: Trigger: LayerController (Cluster: 1, LC: 3)
[2026-01-21 00:24:41.761] [446476] [HailoRT] [info] [hef.cpp:745] [parse_hef_file]         Action: DisableLayerController (Cluster: 1, LC: 3)
[2026-01-21 00:24:41.761] [446476] [HailoRT] [info] [hef.cpp:743] [parse_hef_file]       Op 17: Trigger: LayerController (Cluster: 6, LC: 0)
[2026-01-21 00:24:41.761] [446476] [HailoRT] [info] [hef.cpp:745] [parse_hef_file]         Action: DisableLayerController (Cluster: 6, LC: 0)
[2026-01-21 00:24:41.761] [446476] [HailoRT] [info] [hef.cpp:745] [parse_hef_file]         Action: WriteDataCCWPtr (Index: 1, Offset: 27243040, Size: 6984)
[2026-01-21 00:24:41.761] [446476] [HailoRT] [info] [hef.cpp:745] [parse_hef_file]         Action: WriteDataCCWPtr (Index: 1, Offset: 27250024, Size: 6768)
[2026-01-21 00:24:41.761] [446476] [HailoRT] [info] [hef.cpp:745] [parse_hef_file]         Action: WriteDataCCWPtr (Index: 1, Offset: 27256792, Size: 9408)
[2026-01-21 00:24:41.761] [446476] [HailoRT] [info] [hef.cpp:745] [parse_hef_file]         Action: WriteDataCCWPtr (Index: 1, Offset: 27266200, Size: 9288)
[2026-01-21 00:24:41.761] [446476] [HailoRT] [info] [hef.cpp:745] [parse_hef_file]         Action: WriteDataCCWPtr (Index: 1, Offset: 27275488, Size: 16560)
[2026-01-21 00:24:41.761] [446476] [HailoRT] [info] [hef.cpp:743] [parse_hef_file]       Op 18: Trigger: LayerController (Cluster: 1, LC: 5)
[2026-01-21 00:24:41.761] [446476] [HailoRT] [info] [hef.cpp:745] [parse_hef_file]         Action: DisableLayerController (Cluster: 1, LC: 5)
[2026-01-21 00:24:41.761] [446476] [HailoRT] [info] [hef.cpp:743] [parse_hef_file]       Op 19: Trigger: LayerController (Cluster: 2, LC: 0)
[2026-01-21 00:24:41.761] [446476] [HailoRT] [info] [hef.cpp:745] [parse_hef_file]         Action: DisableLayerController (Cluster: 2, LC: 0)
[2026-01-21 00:24:41.761] [446476] [HailoRT] [info] [hef.cpp:745] [parse_hef_file]         Action: WriteDataCCWPtr (Index: 0, Offset: 21662472, Size: 24184)
[2026-01-21 00:24:41.761] [446476] [HailoRT] [info] [hef.cpp:743] [parse_hef_file]       Op 20: Trigger: LayerController (Cluster: 2, LC: 1)
[2026-01-21 00:24:41.761] [446476] [HailoRT] [info] [hef.cpp:745] [parse_hef_file]         Action: DisableLayerController (Cluster: 2, LC: 1)
[2026-01-21 00:24:41.761] [446476] [HailoRT] [info] [hef.cpp:745] [parse_hef_file]         Action: WriteDataCCWPtr (Index: 0, Offset: 21686656, Size: 8440)
[2026-01-21 00:24:41.761] [446476] [HailoRT] [info] [hef.cpp:745] [parse_hef_file]         Action: WriteDataCCWPtr (Index: 0, Offset: 21695096, Size: 20688)
[2026-01-21 00:24:41.761] [446476] [HailoRT] [info] [hef.cpp:745] [parse_hef_file]         Action: WriteDataCCWPtr (Index: 0, Offset: 21715784, Size: 20408)
[2026-01-21 00:24:41.761] [446476] [HailoRT] [info] [hef.cpp:745] [parse_hef_file]         Action: WriteDataCCWPtr (Index: 0, Offset: 21736192, Size: 19648)
[2026-01-21 00:24:41.761] [446476] [HailoRT] [info] [hef.cpp:745] [parse_hef_file]         Action: WriteDataCCWPtr (Index: 0, Offset: 21755840, Size: 20056)
[2026-01-21 00:24:41.761] [446476] [HailoRT] [info] [hef.cpp:745] [parse_hef_file]         Action: WriteDataCCWPtr (Index: 0, Offset: 21775896, Size: 24336)
[2026-01-21 00:24:41.761] [446476] [HailoRT] [info] [hef.cpp:745] [parse_hef_file]         Action: WriteDataCCWPtr (Index: 0, Offset: 21800232, Size: 24432)
[2026-01-21 00:24:41.761] [446476] [HailoRT] [info] [hef.cpp:745] [parse_hef_file]         Action: WriteDataCCWPtr (Index: 0, Offset: 21824664, Size: 24368)
[2026-01-21 00:24:41.761] [446476] [HailoRT] [info] [hef.cpp:745] [parse_hef_file]         Action: WriteDataCCWPtr (Index: 0, Offset: 21849032, Size: 24184)
[2026-01-21 00:24:41.761] [446476] [HailoRT] [info] [hef.cpp:743] [parse_hef_file]       Op 21: Trigger: LayerController (Cluster: 2, LC: 12)
[2026-01-21 00:24:41.761] [446476] [HailoRT] [info] [hef.cpp:745] [parse_hef_file]         Action: DisableLayerController (Cluster: 2, LC: 12)
[2026-01-21 00:24:41.761] [446476] [HailoRT] [info] [hef.cpp:745] [parse_hef_file]         Action: WriteDataCCWPtr (Index: 0, Offset: 21873216, Size: 13600)
[2026-01-21 00:24:41.761] [446476] [HailoRT] [info] [hef.cpp:743] [parse_hef_file]       Op 22: Trigger: LayerController (Cluster: 2, LC: 8)
[2026-01-21 00:24:41.761] [446476] [HailoRT] [info] [hef.cpp:745] [parse_hef_file]         Action: DisableLayerController (Cluster: 2, LC: 8)
[2026-01-21 00:24:41.761] [446476] [HailoRT] [info] [hef.cpp:745] [parse_hef_file]         Action: WriteDataCCWPtr (Index: 0, Offset: 21886816, Size: 12968)
[2026-01-21 00:24:41.761] [446476] [HailoRT] [info] [hef.cpp:745] [parse_hef_file]         Action: WriteDataCCWPtr (Index: 0, Offset: 21899784, Size: 18928)
[2026-01-21 00:24:41.761] [446476] [HailoRT] [info] [hef.cpp:745] [parse_hef_file]         Action: WriteDataCCWPtr (Index: 0, Offset: 21918712, Size: 18824)
[2026-01-21 00:24:41.761] [446476] [HailoRT] [info] [hef.cpp:745] [parse_hef_file]         Action: WriteDataCCWPtr (Index: 0, Offset: 21937536, Size: 24728)
[2026-01-21 00:24:41.761] [446476] [HailoRT] [info] [hef.cpp:745] [parse_hef_file]         Action: WriteDataCCWPtr (Index: 0, Offset: 21962264, Size: 24800)
[2026-01-21 00:24:41.761] [446476] [HailoRT] [info] [hef.cpp:745] [parse_hef_file]         Action: WriteDataCCWPtr (Index: 0, Offset: 21987064, Size: 25144)
[2026-01-21 00:24:41.761] [446476] [HailoRT] [info] [hef.cpp:745] [parse_hef_file]         Action: WriteDataCCWPtr (Index: 0, Offset: 22012208, Size: 25200)
[2026-01-21 00:24:41.761] [446476] [HailoRT] [info] [hef.cpp:745] [parse_hef_file]         Action: WriteDataCCWPtr (Index: 0, Offset: 22037408, Size: 24008)
[2026-01-21 00:24:41.761] [446476] [HailoRT] [info] [hef.cpp:745] [parse_hef_file]         Action: WriteDataCCWPtr (Index: 0, Offset: 22061416, Size: 24024)
[2026-01-21 00:24:41.761] [446476] [HailoRT] [info] [hef.cpp:745] [parse_hef_file]         Action: WriteDataCCWPtr (Index: 0, Offset: 22085440, Size: 24168)
[2026-01-21 00:24:41.761] [446476] [HailoRT] [info] [hef.cpp:745] [parse_hef_file]         Action: WriteDataCCWPtr (Index: 0, Offset: 22109608, Size: 23984)
[2026-01-21 00:24:41.761] [446476] [HailoRT] [info] [hef.cpp:743] [parse_hef_file]       Op 23: Trigger: LayerController (Cluster: 2, LC: 6)
[2026-01-21 00:24:41.761] [446476] [HailoRT] [info] [hef.cpp:745] [parse_hef_file]         Action: DisableLayerController (Cluster: 2, LC: 6)
[2026-01-21 00:24:41.761] [446476] [HailoRT] [info] [hef.cpp:745] [parse_hef_file]         Action: WriteDataCCWPtr (Index: 0, Offset: 22133592, Size: 19384)
[2026-01-21 00:24:41.761] [446476] [HailoRT] [info] [hef.cpp:745] [parse_hef_file]         Action: WriteDataCCWPtr (Index: 0, Offset: 22152976, Size: 19352)
[2026-01-21 00:24:41.761] [446476] [HailoRT] [info] [hef.cpp:745] [parse_hef_file]         Action: WriteDataCCWPtr (Index: 0, Offset: 22172328, Size: 19200)
[2026-01-21 00:24:41.761] [446476] [HailoRT] [info] [hef.cpp:745] [parse_hef_file]         Action: WriteDataCCWPtr (Index: 0, Offset: 22191528, Size: 19136)
[2026-01-21 00:24:41.761] [446476] [HailoRT] [info] [hef.cpp:745] [parse_hef_file]         Action: WriteDataCCWPtr (Index: 0, Offset: 22210664, Size: 19016)
[2026-01-21 00:24:41.761] [446476] [HailoRT] [info] [hef.cpp:745] [parse_hef_file]         Action: WriteDataCCWPtr (Index: 0, Offset: 22229680, Size: 18912)
[2026-01-21 00:24:41.761] [446476] [HailoRT] [info] [hef.cpp:745] [parse_hef_file]         Action: WriteDataCCWPtr (Index: 0, Offset: 22248592, Size: 20088)
[2026-01-21 00:24:41.761] [446476] [HailoRT] [info] [hef.cpp:745] [parse_hef_file]         Action: WriteDataCCWPtr (Index: 0, Offset: 22268680, Size: 20152)
[2026-01-21 00:24:41.761] [446476] [HailoRT] [info] [hef.cpp:745] [parse_hef_file]         Action: WriteDataCCWPtr (Index: 0, Offset: 22288832, Size: 19592)
[2026-01-21 00:24:41.761] [446476] [HailoRT] [info] [hef.cpp:745] [parse_hef_file]         Action: WriteDataCCWPtr (Index: 0, Offset: 22308424, Size: 18240)
[2026-01-21 00:24:41.761] [446476] [HailoRT] [info] [hef.cpp:745] [parse_hef_file]         Action: WriteDataCCWPtr (Index: 0, Offset: 22326664, Size: 18240)
[2026-01-21 00:24:41.761] [446476] [HailoRT] [info] [hef.cpp:743] [parse_hef_file]       Op 24: Trigger: LayerController (Cluster: 2, LC: 5)
[2026-01-21 00:24:41.761] [446476] [HailoRT] [info] [hef.cpp:745] [parse_hef_file]         Action: DisableLayerController (Cluster: 2, LC: 5)
[2026-01-21 00:24:41.761] [446476] [HailoRT] [info] [hef.cpp:745] [parse_hef_file]         Action: WriteDataCCWPtr (Index: 0, Offset: 22344904, Size: 19848)
[2026-01-21 00:24:41.761] [446476] [HailoRT] [info] [hef.cpp:743] [parse_hef_file]       Op 25: Trigger: LayerController (Cluster: 3, LC: 6)
[2026-01-21 00:24:41.761] [446476] [HailoRT] [info] [hef.cpp:745] [parse_hef_file]         Action: DisableLayerController (Cluster: 3, LC: 6)
[2026-01-21 00:24:41.761] [446476] [HailoRT] [info] [hef.cpp:745] [parse_hef_file]         Action: WriteDataCCWPtr (Index: 0, Offset: 22364752, Size: 15544)
[2026-01-21 00:24:41.761] [446476] [HailoRT] [info] [hef.cpp:745] [parse_hef_file]         Action: WriteDataCCWPtr (Index: 0, Offset: 22380296, Size: 15120)
[2026-01-21 00:24:41.761] [446476] [HailoRT] [info] [hef.cpp:745] [parse_hef_file]         Action: WriteDataCCWPtr (Index: 0, Offset: 22395416, Size: 24488)
[2026-01-21 00:24:41.761] [446476] [HailoRT] [info] [hef.cpp:745] [parse_hef_file]         Action: WriteDataCCWPtr (Index: 0, Offset: 22419904, Size: 24576)
[2026-01-21 00:24:41.761] [446476] [HailoRT] [info] [hef.cpp:745] [parse_hef_file]         Action: WriteDataCCWPtr (Index: 0, Offset: 22444480, Size: 24864)
[2026-01-21 00:24:41.761] [446476] [HailoRT] [info] [hef.cpp:745] [parse_hef_file]         Action: WriteDataCCWPtr (Index: 0, Offset: 22469344, Size: 24848)
[2026-01-21 00:24:41.761] [446476] [HailoRT] [info] [hef.cpp:745] [parse_hef_file]         Action: WriteDataCCWPtr (Index: 0, Offset: 22494192, Size: 24656)
[2026-01-21 00:24:41.761] [446476] [HailoRT] [info] [hef.cpp:745] [parse_hef_file]         Action: WriteDataCCWPtr (Index: 0, Offset: 22518848, Size: 25024)
[2026-01-21 00:24:41.761] [446476] [HailoRT] [info] [hef.cpp:745] [parse_hef_file]         Action: WriteDataCCWPtr (Index: 0, Offset: 22543872, Size: 20288)
[2026-01-21 00:24:41.761] [446476] [HailoRT] [info] [hef.cpp:745] [parse_hef_file]         Action: WriteDataCCWPtr (Index: 0, Offset: 22564160, Size: 20616)
[2026-01-21 00:24:41.761] [446476] [HailoRT] [info] [hef.cpp:745] [parse_hef_file]         Action: WriteDataCCWPtr (Index: 0, Offset: 22584776, Size: 20704)
[2026-01-21 00:24:41.761] [446476] [HailoRT] [info] [hef.cpp:745] [parse_hef_file]         Action: WriteDataCCWPtr (Index: 0, Offset: 22605480, Size: 20472)
[2026-01-21 00:24:41.761] [446476] [HailoRT] [info] [hef.cpp:745] [parse_hef_file]         Action: WriteDataCCWPtr (Index: 0, Offset: 22625952, Size: 20560)
[2026-01-21 00:24:41.761] [446476] [HailoRT] [info] [hef.cpp:743] [parse_hef_file]       Op 26: Trigger: LayerController (Cluster: 1, LC: 14)
[2026-01-21 00:24:41.761] [446476] [HailoRT] [info] [hef.cpp:745] [parse_hef_file]         Action: DisableLayerController (Cluster: 1, LC: 14)
[2026-01-21 00:24:41.761] [446476] [HailoRT] [info] [hef.cpp:745] [parse_hef_file]         Action: WriteDataCCWPtr (Index: 0, Offset: 22646512, Size: 22728)
[2026-01-21 00:24:41.761] [446476] [HailoRT] [info] [hef.cpp:745] [parse_hef_file]         Action: WriteDataCCWPtr (Index: 0, Offset: 22669240, Size: 22792)
[2026-01-21 00:24:41.761] [446476] [HailoRT] [info] [hef.cpp:745] [parse_hef_file]         Action: WriteDataCCWPtr (Index: 0, Offset: 22692032, Size: 22896)
[2026-01-21 00:24:41.761] [446476] [HailoRT] [info] [hef.cpp:745] [parse_hef_file]         Action: WriteDataCCWPtr (Index: 0, Offset: 22714928, Size: 23008)
[2026-01-21 00:24:41.761] [446476] [HailoRT] [info] [hef.cpp:743] [parse_hef_file]       Op 27: Trigger: LayerController (Cluster: 1, LC: 9)
[2026-01-21 00:24:41.761] [446476] [HailoRT] [info] [hef.cpp:745] [parse_hef_file]         Action: DisableLayerController (Cluster: 1, LC: 9)
[2026-01-21 00:24:41.761] [446476] [HailoRT] [info] [hef.cpp:743] [parse_hef_file]       Op 28: Trigger: LayerController (Cluster: 7, LC: 7)
[2026-01-21 00:24:41.761] [446476] [HailoRT] [info] [hef.cpp:745] [parse_hef_file]         Action: DisableLayerController (Cluster: 7, LC: 7)
[2026-01-21 00:24:41.761] [446476] [HailoRT] [info] [hef.cpp:743] [parse_hef_file]       Op 29: Trigger: LayerController (Cluster: 7, LC: 9)
[2026-01-21 00:24:41.761] [446476] [HailoRT] [info] [hef.cpp:745] [parse_hef_file]         Action: DisableLayerController (Cluster: 7, LC: 9)
[2026-01-21 00:24:41.761] [446476] [HailoRT] [info] [hef.cpp:745] [parse_hef_file]         Action: WriteDataCCWPtr (Index: 1, Offset: 27292048, Size: 25520)
[2026-01-21 00:24:41.761] [446476] [HailoRT] [info] [hef.cpp:745] [parse_hef_file]         Action: WriteDataCCWPtr (Index: 1, Offset: 27317568, Size: 25152)
[2026-01-21 00:24:41.761] [446476] [HailoRT] [info] [hef.cpp:743] [parse_hef_file]       Op 30: Trigger: LayerController (Cluster: 7, LC: 10)
[2026-01-21 00:24:41.761] [446476] [HailoRT] [info] [hef.cpp:745] [parse_hef_file]         Action: DisableLayerController (Cluster: 7, LC: 10)
[2026-01-21 00:24:41.761] [446476] [HailoRT] [info] [hef.cpp:745] [parse_hef_file]         Action: WriteDataCCWPtr (Index: 1, Offset: 27342720, Size: 20112)
[2026-01-21 00:24:41.761] [446476] [HailoRT] [info] [hef.cpp:745] [parse_hef_file]         Action: WriteDataCCWPtr (Index: 1, Offset: 27362832, Size: 20312)
[2026-01-21 00:24:41.761] [446476] [HailoRT] [info] [hef.cpp:745] [parse_hef_file]         Action: WriteDataCCWPtr (Index: 1, Offset: 27383144, Size: 25560)
[2026-01-21 00:24:41.761] [446476] [HailoRT] [info] [hef.cpp:743] [parse_hef_file]       Op 31: Trigger: LayerController (Cluster: 2, LC: 2)
[2026-01-21 00:24:41.761] [446476] [HailoRT] [info] [hef.cpp:745] [parse_hef_file]         Action: DisableLayerController (Cluster: 2, LC: 2)
[2026-01-21 00:24:41.761] [446476] [HailoRT] [info] [hef.cpp:745] [parse_hef_file]         Action: WriteDataCCWPtr (Index: 0, Offset: 22737936, Size: 8360)
[2026-01-21 00:24:41.761] [446476] [HailoRT] [info] [hef.cpp:745] [parse_hef_file]         Action: WriteDataCCWPtr (Index: 0, Offset: 22746296, Size: 2296)
[2026-01-21 00:24:41.761] [446476] [HailoRT] [info] [hef.cpp:745] [parse_hef_file]         Action: WriteDataCCWPtr (Index: 0, Offset: 22748592, Size: 2264)
[2026-01-21 00:24:41.761] [446476] [HailoRT] [info] [hef.cpp:745] [parse_hef_file]         Action: WriteDataCCWPtr (Index: 0, Offset: 22750856, Size: 24480)
[2026-01-21 00:24:41.761] [446476] [HailoRT] [info] [hef.cpp:745] [parse_hef_file]         Action: WriteDataCCWPtr (Index: 0, Offset: 22775336, Size: 24336)
[2026-01-21 00:24:41.761] [446476] [HailoRT] [info] [hef.cpp:743] [parse_hef_file]       Op 32: Trigger: LayerController (Cluster: 2, LC: 15)
[2026-01-21 00:24:41.761] [446476] [HailoRT] [info] [hef.cpp:745] [parse_hef_file]         Action: DisableLayerController (Cluster: 2, LC: 15)
[2026-01-21 00:24:41.761] [446476] [HailoRT] [info] [hef.cpp:745] [parse_hef_file]         Action: WriteDataCCWPtr (Index: 0, Offset: 22799672, Size: 4448)
[2026-01-21 00:24:41.761] [446476] [HailoRT] [info] [hef.cpp:745] [parse_hef_file]         Action: WriteDataCCWPtr (Index: 0, Offset: 22804120, Size: 2400)
[2026-01-21 00:24:41.761] [446476] [HailoRT] [info] [hef.cpp:745] [parse_hef_file]         Action: WriteDataCCWPtr (Index: 0, Offset: 22806520, Size: 13744)
[2026-01-21 00:24:41.761] [446476] [HailoRT] [info] [hef.cpp:745] [parse_hef_file]         Action: WriteDataCCWPtr (Index: 0, Offset: 22820264, Size: 21664)
[2026-01-21 00:24:41.761] [446476] [HailoRT] [info] [hef.cpp:745] [parse_hef_file]         Action: WriteDataCCWPtr (Index: 0, Offset: 22841928, Size: 21096)
[2026-01-21 00:24:41.761] [446476] [HailoRT] [info] [hef.cpp:745] [parse_hef_file]         Action: WriteDataCCWPtr (Index: 0, Offset: 22863024, Size: 21440)
[2026-01-21 00:24:41.761] [446476] [HailoRT] [info] [hef.cpp:745] [parse_hef_file]         Action: WriteDataCCWPtr (Index: 0, Offset: 22884464, Size: 23504)
[2026-01-21 00:24:41.761] [446476] [HailoRT] [info] [hef.cpp:743] [parse_hef_file]       Op 33: Trigger: LayerController (Cluster: 7, LC: 11)
[2026-01-21 00:24:41.761] [446476] [HailoRT] [info] [hef.cpp:745] [parse_hef_file]         Action: DisableLayerController (Cluster: 7, LC: 11)
[2026-01-21 00:24:41.761] [446476] [HailoRT] [info] [hef.cpp:743] [parse_hef_file]       Op 34: Trigger: LayerController (Cluster: 7, LC: 13)
[2026-01-21 00:24:41.761] [446476] [HailoRT] [info] [hef.cpp:745] [parse_hef_file]         Action: DisableLayerController (Cluster: 7, LC: 13)
[2026-01-21 00:24:41.761] [446476] [HailoRT] [info] [hef.cpp:745] [parse_hef_file]         Action: WriteDataCCWPtr (Index: 1, Offset: 27408704, Size: 25152)
[2026-01-21 00:24:41.761] [446476] [HailoRT] [info] [hef.cpp:743] [parse_hef_file]       Op 35: Trigger: LayerController (Cluster: 4, LC: 9)
[2026-01-21 00:24:41.761] [446476] [HailoRT] [info] [hef.cpp:745] [parse_hef_file]         Action: DisableLayerController (Cluster: 4, LC: 9)
[2026-01-21 00:24:41.761] [446476] [HailoRT] [info] [hef.cpp:745] [parse_hef_file]         Action: WriteDataCCWPtr (Index: 1, Offset: 27433856, Size: 18024)
[2026-01-21 00:24:41.761] [446476] [HailoRT] [info] [hef.cpp:745] [parse_hef_file]         Action: WriteDataCCWPtr (Index: 1, Offset: 27451880, Size: 18000)
[2026-01-21 00:24:41.761] [446476] [HailoRT] [info] [hef.cpp:745] [parse_hef_file]         Action: WriteDataCCWPtr (Index: 1, Offset: 27469880, Size: 18160)
[2026-01-21 00:24:41.761] [446476] [HailoRT] [info] [hef.cpp:745] [parse_hef_file]         Action: WriteDataCCWPtr (Index: 1, Offset: 27488040, Size: 18496)
[2026-01-21 00:24:41.761] [446476] [HailoRT] [info] [hef.cpp:745] [parse_hef_file]         Action: WriteDataCCWPtr (Index: 1, Offset: 27506536, Size: 18376)
[2026-01-21 00:24:41.761] [446476] [HailoRT] [info] [hef.cpp:745] [parse_hef_file]         Action: WriteDataCCWPtr (Index: 1, Offset: 27524912, Size: 18264)
[2026-01-21 00:24:41.761] [446476] [HailoRT] [info] [hef.cpp:745] [parse_hef_file]         Action: WriteDataCCWPtr (Index: 1, Offset: 27543176, Size: 18280)
[2026-01-21 00:24:41.761] [446476] [HailoRT] [info] [hef.cpp:745] [parse_hef_file]         Action: WriteDataCCWPtr (Index: 1, Offset: 27561456, Size: 18328)
[2026-01-21 00:24:41.761] [446476] [HailoRT] [info] [hef.cpp:745] [parse_hef_file]         Action: WriteDataCCWPtr (Index: 1, Offset: 27579784, Size: 25944)
[2026-01-21 00:24:41.761] [446476] [HailoRT] [info] [hef.cpp:745] [parse_hef_file]         Action: WriteDataCCWPtr (Index: 1, Offset: 27605728, Size: 6744)
[2026-01-21 00:24:41.761] [446476] [HailoRT] [info] [hef.cpp:745] [parse_hef_file]         Action: WriteDataCCWPtr (Index: 1, Offset: 27612472, Size: 6584)
[2026-01-21 00:24:41.761] [446476] [HailoRT] [info] [hef.cpp:745] [parse_hef_file]         Action: WriteDataCCWPtr (Index: 1, Offset: 27619056, Size: 24904)
[2026-01-21 00:24:41.761] [446476] [HailoRT] [info] [hef.cpp:745] [parse_hef_file]         Action: WriteDataCCWPtr (Index: 1, Offset: 27643960, Size: 25816)
[2026-01-21 00:24:41.761] [446476] [HailoRT] [info] [hef.cpp:745] [parse_hef_file]         Action: WriteDataCCWPtr (Index: 1, Offset: 27669776, Size: 6696)
[2026-01-21 00:24:41.761] [446476] [HailoRT] [info] [hef.cpp:745] [parse_hef_file]         Action: WriteDataCCWPtr (Index: 1, Offset: 27676472, Size: 25280)
[2026-01-21 00:24:41.761] [446476] [HailoRT] [info] [hef.cpp:745] [parse_hef_file]         Action: WriteDataCCWPtr (Index: 1, Offset: 27701752, Size: 25136)
[2026-01-21 00:24:41.761] [446476] [HailoRT] [info] [hef.cpp:743] [parse_hef_file]       Op 36: Trigger: LayerController (Cluster: 5, LC: 14)
[2026-01-21 00:24:41.761] [446476] [HailoRT] [info] [hef.cpp:745] [parse_hef_file]         Action: DisableLayerController (Cluster: 5, LC: 14)
[2026-01-21 00:24:41.761] [446476] [HailoRT] [info] [hef.cpp:745] [parse_hef_file]         Action: WriteDataCCWPtr (Index: 1, Offset: 27726888, Size: 2088)
[2026-01-21 00:24:41.761] [446476] [HailoRT] [info] [hef.cpp:745] [parse_hef_file]         Action: WriteDataCCWPtr (Index: 1, Offset: 27728976, Size: 8096)
[2026-01-21 00:24:41.761] [446476] [HailoRT] [info] [hef.cpp:743] [parse_hef_file]       Op 37: Trigger: LayerController (Cluster: 5, LC: 15)
[2026-01-21 00:24:41.761] [446476] [HailoRT] [info] [hef.cpp:745] [parse_hef_file]         Action: DisableLayerController (Cluster: 5, LC: 15)
[2026-01-21 00:24:41.761] [446476] [HailoRT] [info] [hef.cpp:745] [parse_hef_file]         Action: WriteDataCCWPtr (Index: 1, Offset: 27737072, Size: 2088)
[2026-01-21 00:24:41.761] [446476] [HailoRT] [info] [hef.cpp:743] [parse_hef_file]       Op 38: Trigger: LayerController (Cluster: 5, LC: 12)
[2026-01-21 00:24:41.761] [446476] [HailoRT] [info] [hef.cpp:745] [parse_hef_file]         Action: DisableLayerController (Cluster: 5, LC: 12)
[2026-01-21 00:24:41.761] [446476] [HailoRT] [info] [hef.cpp:745] [parse_hef_file]         Action: WriteDataCCWPtr (Index: 1, Offset: 27739160, Size: 2072)
[2026-01-21 00:24:41.761] [446476] [HailoRT] [info] [hef.cpp:743] [parse_hef_file]       Op 39: Trigger: LayerController (Cluster: 7, LC: 15)
[2026-01-21 00:24:41.761] [446476] [HailoRT] [info] [hef.cpp:745] [parse_hef_file]         Action: DisableLayerController (Cluster: 7, LC: 15)
[2026-01-21 00:24:41.761] [446476] [HailoRT] [info] [hef.cpp:745] [parse_hef_file]         Action: WriteDataCCWPtr (Index: 1, Offset: 27741232, Size: 7168)
[2026-01-21 00:24:41.761] [446476] [HailoRT] [info] [hef.cpp:743] [parse_hef_file]       Op 40: Trigger: LayerController (Cluster: 7, LC: 14)
[2026-01-21 00:24:41.761] [446476] [HailoRT] [info] [hef.cpp:745] [parse_hef_file]         Action: DisableLayerController (Cluster: 7, LC: 14)
[2026-01-21 00:24:41.761] [446476] [HailoRT] [info] [hef.cpp:743] [parse_hef_file]       Op 41: Trigger: LayerController (Cluster: 7, LC: 12)
[2026-01-21 00:24:41.761] [446476] [HailoRT] [info] [hef.cpp:745] [parse_hef_file]         Action: DisableLayerController (Cluster: 7, LC: 12)
[2026-01-21 00:24:41.761] [446476] [HailoRT] [info] [hef.cpp:745] [parse_hef_file]         Action: WriteDataCCWPtr (Index: 1, Offset: 27748400, Size: 25624)
[2026-01-21 00:24:41.761] [446476] [HailoRT] [info] [hef.cpp:743] [parse_hef_file]       Op 42: Trigger: LayerController (Cluster: 7, LC: 2)
[2026-01-21 00:24:41.762] [446476] [HailoRT] [info] [hef.cpp:745] [parse_hef_file]         Action: DisableLayerController (Cluster: 7, LC: 2)
[2026-01-21 00:24:41.762] [446476] [HailoRT] [info] [hef.cpp:743] [parse_hef_file]       Op 43: Trigger: LayerController (Cluster: 7, LC: 1)
[2026-01-21 00:24:41.762] [446476] [HailoRT] [info] [hef.cpp:745] [parse_hef_file]         Action: DisableLayerController (Cluster: 7, LC: 1)
[2026-01-21 00:24:41.762] [446476] [HailoRT] [info] [hef.cpp:745] [parse_hef_file]         Action: WriteDataCCWPtr (Index: 1, Offset: 27774024, Size: 7120)
[2026-01-21 00:24:41.762] [446476] [HailoRT] [info] [hef.cpp:745] [parse_hef_file]         Action: WriteDataCCWPtr (Index: 1, Offset: 27781144, Size: 6792)
[2026-01-21 00:24:41.762] [446476] [HailoRT] [info] [hef.cpp:745] [parse_hef_file]         Action: WriteDataCCWPtr (Index: 1, Offset: 27787936, Size: 7040)
[2026-01-21 00:24:41.762] [446476] [HailoRT] [info] [hef.cpp:743] [parse_hef_file]       Op 44: Trigger: LayerController (Cluster: 7, LC: 6)
[2026-01-21 00:24:41.762] [446476] [HailoRT] [info] [hef.cpp:745] [parse_hef_file]         Action: DisableLayerController (Cluster: 7, LC: 6)
[2026-01-21 00:24:41.762] [446476] [HailoRT] [info] [hef.cpp:745] [parse_hef_file]         Action: WriteDataCCWPtr (Index: 1, Offset: 27794976, Size: 19856)
[2026-01-21 00:24:41.762] [446476] [HailoRT] [info] [hef.cpp:745] [parse_hef_file]         Action: WriteDataCCWPtr (Index: 1, Offset: 27814832, Size: 20176)
[2026-01-21 00:24:41.762] [446476] [HailoRT] [info] [hef.cpp:745] [parse_hef_file]         Action: WriteDataCCWPtr (Index: 1, Offset: 27835008, Size: 19640)
[2026-01-21 00:24:41.762] [446476] [HailoRT] [info] [hef.cpp:745] [parse_hef_file]         Action: WriteDataCCWPtr (Index: 1, Offset: 27854648, Size: 20400)
[2026-01-21 00:24:41.762] [446476] [HailoRT] [info] [hef.cpp:745] [parse_hef_file]         Action: WriteDataCCWPtr (Index: 1, Offset: 27875048, Size: 20112)
[2026-01-21 00:24:41.762] [446476] [HailoRT] [info] [hef.cpp:743] [parse_hef_file]       Op 45: Trigger: LayerController (Cluster: 7, LC: 5)
[2026-01-21 00:24:41.762] [446476] [HailoRT] [info] [hef.cpp:745] [parse_hef_file]         Action: DisableLayerController (Cluster: 7, LC: 5)
[2026-01-21 00:24:41.762] [446476] [HailoRT] [info] [hef.cpp:745] [parse_hef_file]         Action: WriteDataCCWPtr (Index: 1, Offset: 27895160, Size: 15080)
[2026-01-21 00:24:41.762] [446476] [HailoRT] [info] [hef.cpp:743] [parse_hef_file]       Op 46: Trigger: LayerController (Cluster: 2, LC: 4)
[2026-01-21 00:24:41.762] [446476] [HailoRT] [info] [hef.cpp:745] [parse_hef_file]         Action: DisableLayerController (Cluster: 2, LC: 4)
[2026-01-21 00:24:41.762] [446476] [HailoRT] [info] [hef.cpp:745] [parse_hef_file]         Action: WriteDataCCWPtr (Index: 0, Offset: 22907968, Size: 24200)
[2026-01-21 00:24:41.762] [446476] [HailoRT] [info] [hef.cpp:745] [parse_hef_file]         Action: WriteDataCCWPtr (Index: 0, Offset: 22932168, Size: 24272)
[2026-01-21 00:24:41.762] [446476] [HailoRT] [info] [hef.cpp:743] [parse_hef_file]       Op 47: Trigger: LayerController (Cluster: 1, LC: 11)
[2026-01-21 00:24:41.762] [446476] [HailoRT] [info] [hef.cpp:745] [parse_hef_file]         Action: DisableLayerController (Cluster: 1, LC: 11)
[2026-01-21 00:24:41.762] [446476] [HailoRT] [info] [hef.cpp:743] [parse_hef_file]       Op 48: Trigger: LayerController (Cluster: 3, LC: 14)
[2026-01-21 00:24:41.762] [446476] [HailoRT] [info] [hef.cpp:745] [parse_hef_file]         Action: DisableLayerController (Cluster: 3, LC: 14)
[2026-01-21 00:24:41.762] [446476] [HailoRT] [info] [hef.cpp:745] [parse_hef_file]         Action: WriteDataCCWPtr (Index: 0, Offset: 22956440, Size: 16352)
[2026-01-21 00:24:41.762] [446476] [HailoRT] [info] [hef.cpp:745] [parse_hef_file]         Action: WriteDataCCWPtr (Index: 0, Offset: 22972792, Size: 25280)
[2026-01-21 00:24:41.762] [446476] [HailoRT] [info] [hef.cpp:745] [parse_hef_file]         Action: WriteDataCCWPtr (Index: 0, Offset: 22998072, Size: 26040)
[2026-01-21 00:24:41.762] [446476] [HailoRT] [info] [hef.cpp:745] [parse_hef_file]         Action: WriteDataCCWPtr (Index: 0, Offset: 23024112, Size: 6592)
[2026-01-21 00:24:41.762] [446476] [HailoRT] [info] [hef.cpp:745] [parse_hef_file]         Action: WriteDataCCWPtr (Index: 0, Offset: 23030704, Size: 24944)
[2026-01-21 00:24:41.762] [446476] [HailoRT] [info] [hef.cpp:745] [parse_hef_file]         Action: WriteDataCCWPtr (Index: 0, Offset: 23055648, Size: 25552)
[2026-01-21 00:24:41.762] [446476] [HailoRT] [info] [hef.cpp:745] [parse_hef_file]         Action: WriteDataCCWPtr (Index: 0, Offset: 23081200, Size: 6568)
[2026-01-21 00:24:41.762] [446476] [HailoRT] [info] [hef.cpp:745] [parse_hef_file]         Action: WriteDataCCWPtr (Index: 0, Offset: 23087768, Size: 25216)
[2026-01-21 00:24:41.762] [446476] [HailoRT] [info] [hef.cpp:745] [parse_hef_file]         Action: WriteDataCCWPtr (Index: 0, Offset: 23112984, Size: 25728)
[2026-01-21 00:24:41.762] [446476] [HailoRT] [info] [hef.cpp:745] [parse_hef_file]         Action: WriteDataCCWPtr (Index: 0, Offset: 23138712, Size: 6544)
[2026-01-21 00:24:41.762] [446476] [HailoRT] [info] [hef.cpp:745] [parse_hef_file]         Action: WriteDataCCWPtr (Index: 0, Offset: 23145256, Size: 25984)
[2026-01-21 00:24:41.762] [446476] [HailoRT] [info] [hef.cpp:745] [parse_hef_file]         Action: WriteDataCCWPtr (Index: 0, Offset: 23171240, Size: 25736)
[2026-01-21 00:24:41.762] [446476] [HailoRT] [info] [hef.cpp:745] [parse_hef_file]         Action: WriteDataCCWPtr (Index: 0, Offset: 23196976, Size: 6544)
[2026-01-21 00:24:41.762] [446476] [HailoRT] [info] [hef.cpp:743] [parse_hef_file]       Op 49: Trigger: LayerController (Cluster: 3, LC: 8)
[2026-01-21 00:24:41.762] [446476] [HailoRT] [info] [hef.cpp:745] [parse_hef_file]         Action: DisableLayerController (Cluster: 3, LC: 8)
[2026-01-21 00:24:41.762] [446476] [HailoRT] [info] [hef.cpp:745] [parse_hef_file]         Action: WriteDataCCWPtr (Index: 0, Offset: 23203520, Size: 6704)
[2026-01-21 00:24:41.762] [446476] [HailoRT] [info] [hef.cpp:743] [parse_hef_file]       Op 50: Trigger: LayerController (Cluster: 3, LC: 7)
[2026-01-21 00:24:41.762] [446476] [HailoRT] [info] [hef.cpp:745] [parse_hef_file]         Action: DisableLayerController (Cluster: 3, LC: 7)
[2026-01-21 00:24:41.762] [446476] [HailoRT] [info] [hef.cpp:745] [parse_hef_file]         Action: WriteDataCCWPtr (Index: 0, Offset: 23210224, Size: 24800)
[2026-01-21 00:24:41.762] [446476] [HailoRT] [info] [hef.cpp:745] [parse_hef_file]         Action: WriteDataCCWPtr (Index: 0, Offset: 23235024, Size: 25088)
[2026-01-21 00:24:41.762] [446476] [HailoRT] [info] [hef.cpp:745] [parse_hef_file]         Action: WriteDataCCWPtr (Index: 0, Offset: 23260112, Size: 21296)
[2026-01-21 00:24:41.762] [446476] [HailoRT] [info] [hef.cpp:745] [parse_hef_file]         Action: WriteDataCCWPtr (Index: 0, Offset: 23281408, Size: 21360)
[2026-01-21 00:24:41.762] [446476] [HailoRT] [info] [hef.cpp:745] [parse_hef_file]         Action: WriteDataCCWPtr (Index: 0, Offset: 23302768, Size: 22096)
[2026-01-21 00:24:41.762] [446476] [HailoRT] [info] [hef.cpp:745] [parse_hef_file]         Action: WriteDataCCWPtr (Index: 0, Offset: 23324864, Size: 22208)
[2026-01-21 00:24:41.762] [446476] [HailoRT] [info] [hef.cpp:745] [parse_hef_file]         Action: WriteDataCCWPtr (Index: 0, Offset: 23347072, Size: 21312)
[2026-01-21 00:24:41.762] [446476] [HailoRT] [info] [hef.cpp:745] [parse_hef_file]         Action: WriteDataCCWPtr (Index: 0, Offset: 23368384, Size: 21368)
[2026-01-21 00:24:41.762] [446476] [HailoRT] [info] [hef.cpp:745] [parse_hef_file]         Action: WriteDataCCWPtr (Index: 0, Offset: 23389752, Size: 20424)
[2026-01-21 00:24:41.762] [446476] [HailoRT] [info] [hef.cpp:745] [parse_hef_file]         Action: WriteDataCCWPtr (Index: 0, Offset: 23410176, Size: 21096)
[2026-01-21 00:24:41.762] [446476] [HailoRT] [info] [hef.cpp:745] [parse_hef_file]         Action: WriteDataCCWPtr (Index: 0, Offset: 23431272, Size: 21376)
[2026-01-21 00:24:41.762] [446476] [HailoRT] [info] [hef.cpp:745] [parse_hef_file]         Action: WriteDataCCWPtr (Index: 0, Offset: 23452648, Size: 20592)
[2026-01-21 00:24:41.762] [446476] [HailoRT] [info] [hef.cpp:743] [parse_hef_file]       Op 51: Trigger: LayerController (Cluster: 3, LC: 3)
[2026-01-21 00:24:41.762] [446476] [HailoRT] [info] [hef.cpp:745] [parse_hef_file]         Action: DisableLayerController (Cluster: 3, LC: 3)
[2026-01-21 00:24:41.762] [446476] [HailoRT] [info] [hef.cpp:745] [parse_hef_file]         Action: WriteDataCCWPtr (Index: 0, Offset: 23473240, Size: 21528)
[2026-01-21 00:24:41.762] [446476] [HailoRT] [info] [hef.cpp:745] [parse_hef_file]         Action: WriteDataCCWPtr (Index: 0, Offset: 23494768, Size: 21504)
[2026-01-21 00:24:41.762] [446476] [HailoRT] [info] [hef.cpp:745] [parse_hef_file]         Action: WriteDataCCWPtr (Index: 0, Offset: 23516272, Size: 25224)
[2026-01-21 00:24:41.762] [446476] [HailoRT] [info] [hef.cpp:745] [parse_hef_file]         Action: WriteDataCCWPtr (Index: 0, Offset: 23541496, Size: 25728)
[2026-01-21 00:24:41.762] [446476] [HailoRT] [info] [hef.cpp:745] [parse_hef_file]         Action: WriteDataCCWPtr (Index: 0, Offset: 23567224, Size: 6584)
[2026-01-21 00:24:41.762] [446476] [HailoRT] [info] [hef.cpp:745] [parse_hef_file]         Action: WriteDataCCWPtr (Index: 0, Offset: 23573808, Size: 26072)
[2026-01-21 00:24:41.762] [446476] [HailoRT] [info] [hef.cpp:745] [parse_hef_file]         Action: WriteDataCCWPtr (Index: 0, Offset: 23599880, Size: 6680)
[2026-01-21 00:24:41.762] [446476] [HailoRT] [info] [hef.cpp:745] [parse_hef_file]         Action: WriteDataCCWPtr (Index: 0, Offset: 23606560, Size: 25752)
[2026-01-21 00:24:41.762] [446476] [HailoRT] [info] [hef.cpp:745] [parse_hef_file]         Action: WriteDataCCWPtr (Index: 0, Offset: 23632312, Size: 25664)
[2026-01-21 00:24:41.762] [446476] [HailoRT] [info] [hef.cpp:745] [parse_hef_file]         Action: WriteDataCCWPtr (Index: 0, Offset: 23657976, Size: 6536)
[2026-01-21 00:24:41.762] [446476] [HailoRT] [info] [hef.cpp:745] [parse_hef_file]         Action: WriteDataCCWPtr (Index: 0, Offset: 23664512, Size: 20976)
[2026-01-21 00:24:41.762] [446476] [HailoRT] [info] [hef.cpp:745] [parse_hef_file]         Action: WriteDataCCWPtr (Index: 0, Offset: 23685488, Size: 21208)
[2026-01-21 00:24:41.762] [446476] [HailoRT] [info] [hef.cpp:745] [parse_hef_file]         Action: WriteDataCCWPtr (Index: 0, Offset: 23706696, Size: 20368)
[2026-01-21 00:24:41.762] [446476] [HailoRT] [info] [hef.cpp:745] [parse_hef_file]         Action: WriteDataCCWPtr (Index: 0, Offset: 23727064, Size: 20168)
[2026-01-21 00:24:41.762] [446476] [HailoRT] [info] [hef.cpp:743] [parse_hef_file]       Op 52: Trigger: LayerController (Cluster: 6, LC: 6)
[2026-01-21 00:24:41.762] [446476] [HailoRT] [info] [hef.cpp:745] [parse_hef_file]         Action: DisableLayerController (Cluster: 6, LC: 6)
[2026-01-21 00:24:41.762] [446476] [HailoRT] [info] [hef.cpp:745] [parse_hef_file]         Action: WriteDataCCWPtr (Index: 1, Offset: 27910240, Size: 7560)
[2026-01-21 00:24:41.762] [446476] [HailoRT] [info] [hef.cpp:745] [parse_hef_file]         Action: WriteDataCCWPtr (Index: 1, Offset: 27917800, Size: 21976)
[2026-01-21 00:24:41.762] [446476] [HailoRT] [info] [hef.cpp:745] [parse_hef_file]         Action: WriteDataCCWPtr (Index: 1, Offset: 27939776, Size: 23056)
[2026-01-21 00:24:41.762] [446476] [HailoRT] [info] [hef.cpp:743] [parse_hef_file]       Op 53: Trigger: LayerController (Cluster: 2, LC: 13)
[2026-01-21 00:24:41.762] [446476] [HailoRT] [info] [hef.cpp:745] [parse_hef_file]         Action: DisableLayerController (Cluster: 2, LC: 13)
[2026-01-21 00:24:41.762] [446476] [HailoRT] [info] [hef.cpp:745] [parse_hef_file]         Action: WriteDataCCWPtr (Index: 0, Offset: 23747232, Size: 12480)
[2026-01-21 00:24:41.762] [446476] [HailoRT] [info] [hef.cpp:745] [parse_hef_file]         Action: WriteDataCCWPtr (Index: 0, Offset: 23759712, Size: 14352)
[2026-01-21 00:24:41.762] [446476] [HailoRT] [info] [hef.cpp:745] [parse_hef_file]         Action: WriteDataCCWPtr (Index: 0, Offset: 23774064, Size: 18176)
[2026-01-21 00:24:41.762] [446476] [HailoRT] [info] [hef.cpp:745] [parse_hef_file]         Action: WriteDataCCWPtr (Index: 0, Offset: 23792240, Size: 17832)
[2026-01-21 00:24:41.762] [446476] [HailoRT] [info] [hef.cpp:745] [parse_hef_file]         Action: WriteDataCCWPtr (Index: 0, Offset: 23810072, Size: 17824)
[2026-01-21 00:24:41.762] [446476] [HailoRT] [info] [hef.cpp:745] [parse_hef_file]         Action: WriteDataCCWPtr (Index: 0, Offset: 23827896, Size: 24952)
[2026-01-21 00:24:41.762] [446476] [HailoRT] [info] [hef.cpp:745] [parse_hef_file]         Action: WriteDataCCWPtr (Index: 0, Offset: 23852848, Size: 24848)
[2026-01-21 00:24:41.762] [446476] [HailoRT] [info] [hef.cpp:745] [parse_hef_file]         Action: WriteDataCCWPtr (Index: 0, Offset: 23877696, Size: 23464)
[2026-01-21 00:24:41.762] [446476] [HailoRT] [info] [hef.cpp:745] [parse_hef_file]         Action: WriteDataCCWPtr (Index: 0, Offset: 23901160, Size: 24216)
[2026-01-21 00:24:41.762] [446476] [HailoRT] [info] [hef.cpp:745] [parse_hef_file]         Action: WriteDataCCWPtr (Index: 0, Offset: 23925376, Size: 24176)
[2026-01-21 00:24:41.762] [446476] [HailoRT] [info] [hef.cpp:745] [parse_hef_file]         Action: WriteDataCCWPtr (Index: 0, Offset: 23949552, Size: 24176)
[2026-01-21 00:24:41.762] [446476] [HailoRT] [info] [hef.cpp:743] [parse_hef_file]       Op 54: Trigger: LayerController (Cluster: 2, LC: 14)
[2026-01-21 00:24:41.762] [446476] [HailoRT] [info] [hef.cpp:745] [parse_hef_file]         Action: DisableLayerController (Cluster: 2, LC: 14)
[2026-01-21 00:24:41.762] [446476] [HailoRT] [info] [hef.cpp:745] [parse_hef_file]         Action: WriteDataCCWPtr (Index: 0, Offset: 23973728, Size: 4400)
[2026-01-21 00:24:41.762] [446476] [HailoRT] [info] [hef.cpp:745] [parse_hef_file]         Action: WriteDataCCWPtr (Index: 0, Offset: 23978128, Size: 8648)
[2026-01-21 00:24:41.762] [446476] [HailoRT] [info] [hef.cpp:745] [parse_hef_file]         Action: WriteDataCCWPtr (Index: 0, Offset: 23986776, Size: 8768)
[2026-01-21 00:24:41.762] [446476] [HailoRT] [info] [hef.cpp:743] [parse_hef_file]       Op 55: Trigger: LayerController (Cluster: 4, LC: 6)
[2026-01-21 00:24:41.762] [446476] [HailoRT] [info] [hef.cpp:745] [parse_hef_file]         Action: DisableLayerController (Cluster: 4, LC: 6)
[2026-01-21 00:24:41.762] [446476] [HailoRT] [info] [hef.cpp:745] [parse_hef_file]         Action: WriteDataCCWPtr (Index: 1, Offset: 27962832, Size: 25320)
[2026-01-21 00:24:41.762] [446476] [HailoRT] [info] [hef.cpp:743] [parse_hef_file]       Op 56: Trigger: LayerController (Cluster: 5, LC: 8)
[2026-01-21 00:24:41.762] [446476] [HailoRT] [info] [hef.cpp:745] [parse_hef_file]         Action: DisableLayerController (Cluster: 5, LC: 8)
[2026-01-21 00:24:41.762] [446476] [HailoRT] [info] [hef.cpp:743] [parse_hef_file]       Op 57: Trigger: LayerController (Cluster: 5, LC: 9)
[2026-01-21 00:24:41.762] [446476] [HailoRT] [info] [hef.cpp:745] [parse_hef_file]         Action: DisableLayerController (Cluster: 5, LC: 9)
[2026-01-21 00:24:41.762] [446476] [HailoRT] [info] [hef.cpp:745] [parse_hef_file]         Action: WriteDataCCWPtr (Index: 1, Offset: 27988152, Size: 22976)
[2026-01-21 00:24:41.762] [446476] [HailoRT] [info] [hef.cpp:745] [parse_hef_file]         Action: WriteDataCCWPtr (Index: 1, Offset: 28011128, Size: 23016)
[2026-01-21 00:24:41.762] [446476] [HailoRT] [info] [hef.cpp:745] [parse_hef_file]         Action: WriteDataCCWPtr (Index: 1, Offset: 28034144, Size: 22264)
[2026-01-21 00:24:41.762] [446476] [HailoRT] [info] [hef.cpp:745] [parse_hef_file]         Action: WriteDataCCWPtr (Index: 1, Offset: 28056408, Size: 22440)
[2026-01-21 00:24:41.762] [446476] [HailoRT] [info] [hef.cpp:745] [parse_hef_file]         Action: WriteDataCCWPtr (Index: 1, Offset: 28078848, Size: 22432)
[2026-01-21 00:24:41.762] [446476] [HailoRT] [info] [hef.cpp:745] [parse_hef_file]         Action: WriteDataCCWPtr (Index: 1, Offset: 28101280, Size: 22960)
[2026-01-21 00:24:41.762] [446476] [HailoRT] [info] [hef.cpp:745] [parse_hef_file]         Action: WriteDataCCWPtr (Index: 1, Offset: 28124240, Size: 22856)
[2026-01-21 00:24:41.762] [446476] [HailoRT] [info] [hef.cpp:745] [parse_hef_file]         Action: WriteDataCCWPtr (Index: 1, Offset: 28147096, Size: 22688)
[2026-01-21 00:24:41.762] [446476] [HailoRT] [info] [hef.cpp:745] [parse_hef_file]         Action: WriteDataCCWPtr (Index: 1, Offset: 28169784, Size: 22592)
[2026-01-21 00:24:41.762] [446476] [HailoRT] [info] [hef.cpp:743] [parse_hef_file]       Op 58: Trigger: LayerController (Cluster: 5, LC: 4)
[2026-01-21 00:24:41.762] [446476] [HailoRT] [info] [hef.cpp:745] [parse_hef_file]         Action: DisableLayerController (Cluster: 5, LC: 4)
[2026-01-21 00:24:41.762] [446476] [HailoRT] [info] [hef.cpp:745] [parse_hef_file]         Action: WriteDataCCWPtr (Index: 1, Offset: 28192376, Size: 22752)
[2026-01-21 00:24:41.762] [446476] [HailoRT] [info] [hef.cpp:745] [parse_hef_file]         Action: WriteDataCCWPtr (Index: 1, Offset: 28215128, Size: 22576)
[2026-01-21 00:24:41.762] [446476] [HailoRT] [info] [hef.cpp:745] [parse_hef_file]         Action: WriteDataCCWPtr (Index: 1, Offset: 28237704, Size: 22664)
[2026-01-21 00:24:41.762] [446476] [HailoRT] [info] [hef.cpp:745] [parse_hef_file]         Action: WriteDataCCWPtr (Index: 1, Offset: 28260368, Size: 22784)
[2026-01-21 00:24:41.762] [446476] [HailoRT] [info] [hef.cpp:745] [parse_hef_file]         Action: WriteDataCCWPtr (Index: 1, Offset: 28283152, Size: 22576)
[2026-01-21 00:24:41.762] [446476] [HailoRT] [info] [hef.cpp:745] [parse_hef_file]         Action: WriteDataCCWPtr (Index: 1, Offset: 28305728, Size: 22648)
[2026-01-21 00:24:41.762] [446476] [HailoRT] [info] [hef.cpp:743] [parse_hef_file]       Op 59: Trigger: LayerController (Cluster: 5, LC: 7)
[2026-01-21 00:24:41.762] [446476] [HailoRT] [info] [hef.cpp:745] [parse_hef_file]         Action: DisableLayerController (Cluster: 5, LC: 7)
[2026-01-21 00:24:41.762] [446476] [HailoRT] [info] [hef.cpp:745] [parse_hef_file]         Action: WriteDataCCWPtr (Index: 1, Offset: 28328376, Size: 22736)
[2026-01-21 00:24:41.762] [446476] [HailoRT] [info] [hef.cpp:745] [parse_hef_file]         Action: WriteDataCCWPtr (Index: 1, Offset: 28351112, Size: 22880)
[2026-01-21 00:24:41.762] [446476] [HailoRT] [info] [hef.cpp:745] [parse_hef_file]         Action: WriteDataCCWPtr (Index: 1, Offset: 28373992, Size: 22864)
[2026-01-21 00:24:41.762] [446476] [HailoRT] [info] [hef.cpp:745] [parse_hef_file]         Action: WriteDataCCWPtr (Index: 1, Offset: 28396856, Size: 22472)
[2026-01-21 00:24:41.762] [446476] [HailoRT] [info] [hef.cpp:745] [parse_hef_file]         Action: WriteDataCCWPtr (Index: 1, Offset: 28419328, Size: 22688)
[2026-01-21 00:24:41.762] [446476] [HailoRT] [info] [hef.cpp:743] [parse_hef_file]       Op 60: Trigger: LayerController (Cluster: 5, LC: 6)
[2026-01-21 00:24:41.762] [446476] [HailoRT] [info] [hef.cpp:745] [parse_hef_file]         Action: DisableLayerController (Cluster: 5, LC: 6)
[2026-01-21 00:24:41.762] [446476] [HailoRT] [info] [hef.cpp:743] [parse_hef_file]       Op 61: Trigger: LayerController (Cluster: 5, LC: 5)
[2026-01-21 00:24:41.762] [446476] [HailoRT] [info] [hef.cpp:745] [parse_hef_file]         Action: DisableLayerController (Cluster: 5, LC: 5)
[2026-01-21 00:24:41.762] [446476] [HailoRT] [info] [hef.cpp:745] [parse_hef_file]         Action: WriteDataCCWPtr (Index: 1, Offset: 28442016, Size: 22536)
[2026-01-21 00:24:41.762] [446476] [HailoRT] [info] [hef.cpp:745] [parse_hef_file]         Action: WriteDataCCWPtr (Index: 1, Offset: 28464552, Size: 22384)
[2026-01-21 00:24:41.762] [446476] [HailoRT] [info] [hef.cpp:745] [parse_hef_file]         Action: WriteDataCCWPtr (Index: 1, Offset: 28486936, Size: 22504)
[2026-01-21 00:24:41.762] [446476] [HailoRT] [info] [hef.cpp:745] [parse_hef_file]         Action: WriteDataCCWPtr (Index: 1, Offset: 28509440, Size: 22944)
[2026-01-21 00:24:41.762] [446476] [HailoRT] [info] [hef.cpp:745] [parse_hef_file]         Action: WriteDataCCWPtr (Index: 1, Offset: 28532384, Size: 22096)
[2026-01-21 00:24:41.762] [446476] [HailoRT] [info] [hef.cpp:745] [parse_hef_file]         Action: WriteDataCCWPtr (Index: 1, Offset: 28554480, Size: 22824)
[2026-01-21 00:24:41.762] [446476] [HailoRT] [info] [hef.cpp:745] [parse_hef_file]         Action: WriteDataCCWPtr (Index: 1, Offset: 28577304, Size: 22784)
[2026-01-21 00:24:41.762] [446476] [HailoRT] [info] [hef.cpp:745] [parse_hef_file]         Action: WriteDataCCWPtr (Index: 1, Offset: 28600088, Size: 22688)
[2026-01-21 00:24:41.762] [446476] [HailoRT] [info] [hef.cpp:743] [parse_hef_file]       Op 62: Trigger: LayerController (Cluster: 6, LC: 15)
[2026-01-21 00:24:41.762] [446476] [HailoRT] [info] [hef.cpp:745] [parse_hef_file]         Action: DisableLayerController (Cluster: 6, LC: 15)
[2026-01-21 00:24:41.762] [446476] [HailoRT] [info] [hef.cpp:745] [parse_hef_file]         Action: WriteDataCCWPtr (Index: 1, Offset: 28622776, Size: 27104)
[2026-01-21 00:24:41.762] [446476] [HailoRT] [info] [hef.cpp:743] [parse_hef_file]       Op 63: Trigger: LayerController (Cluster: 6, LC: 2)
[2026-01-21 00:24:41.762] [446476] [HailoRT] [info] [hef.cpp:745] [parse_hef_file]         Action: DisableLayerController (Cluster: 6, LC: 2)
[2026-01-21 00:24:41.762] [446476] [HailoRT] [info] [hef.cpp:745] [parse_hef_file]         Action: WriteDataCCWPtr (Index: 1, Offset: 28649880, Size: 2488)
[2026-01-21 00:24:41.762] [446476] [HailoRT] [info] [hef.cpp:743] [parse_hef_file]       Op 64: Trigger: LayerController (Cluster: 6, LC: 13)
[2026-01-21 00:24:41.762] [446476] [HailoRT] [info] [hef.cpp:745] [parse_hef_file]         Action: DisableLayerController (Cluster: 6, LC: 13)
[2026-01-21 00:24:41.762] [446476] [HailoRT] [info] [hef.cpp:745] [parse_hef_file]         Action: WriteDataCCWPtr (Index: 1, Offset: 28652368, Size: 25840)
[2026-01-21 00:24:41.762] [446476] [HailoRT] [info] [hef.cpp:743] [parse_hef_file]       Op 65: Trigger: LayerController (Cluster: 6, LC: 1)
[2026-01-21 00:24:41.762] [446476] [HailoRT] [info] [hef.cpp:745] [parse_hef_file]         Action: DisableLayerController (Cluster: 6, LC: 1)
[2026-01-21 00:24:41.762] [446476] [HailoRT] [info] [hef.cpp:745] [parse_hef_file]         Action: WriteDataCCWPtr (Index: 1, Offset: 28678208, Size: 9496)
[2026-01-21 00:24:41.762] [446476] [HailoRT] [info] [hef.cpp:743] [parse_hef_file]       Op 66: Trigger: LayerController (Cluster: 4, LC: 13)
[2026-01-21 00:24:41.762] [446476] [HailoRT] [info] [hef.cpp:745] [parse_hef_file]         Action: DisableLayerController (Cluster: 4, LC: 13)
[2026-01-21 00:24:41.762] [446476] [HailoRT] [info] [hef.cpp:743] [parse_hef_file]       Op 67: Trigger: LayerController (Cluster: 6, LC: 14)
[2026-01-21 00:24:41.762] [446476] [HailoRT] [info] [hef.cpp:745] [parse_hef_file]         Action: DisableLayerController (Cluster: 6, LC: 14)
[2026-01-21 00:24:41.762] [446476] [HailoRT] [info] [hef.cpp:745] [parse_hef_file]         Action: WriteDataCCWPtr (Index: 1, Offset: 28687704, Size: 2352)
[2026-01-21 00:24:41.762] [446476] [HailoRT] [info] [hef.cpp:745] [parse_hef_file]         Action: WriteDataCCWPtr (Index: 1, Offset: 28690056, Size: 24944)
[2026-01-21 00:24:41.762] [446476] [HailoRT] [info] [hef.cpp:743] [parse_hef_file]       Op 68: Trigger: LayerController (Cluster: 6, LC: 12)
[2026-01-21 00:24:41.762] [446476] [HailoRT] [info] [hef.cpp:745] [parse_hef_file]         Action: DisableLayerController (Cluster: 6, LC: 12)
[2026-01-21 00:24:41.762] [446476] [HailoRT] [info] [hef.cpp:745] [parse_hef_file]         Action: WriteDataCCWPtr (Index: 1, Offset: 28715000, Size: 24120)
[2026-01-21 00:24:41.762] [446476] [HailoRT] [info] [hef.cpp:745] [parse_hef_file]         Action: WriteDataCCWPtr (Index: 1, Offset: 28739120, Size: 24160)
[2026-01-21 00:24:41.762] [446476] [HailoRT] [info] [hef.cpp:745] [parse_hef_file]         Action: WriteDataCCWPtr (Index: 1, Offset: 28763280, Size: 23848)
[2026-01-21 00:24:41.762] [446476] [HailoRT] [info] [hef.cpp:745] [parse_hef_file]         Action: WriteDataCCWPtr (Index: 1, Offset: 28787128, Size: 23864)
[2026-01-21 00:24:41.762] [446476] [HailoRT] [info] [hef.cpp:745] [parse_hef_file]         Action: WriteDataCCWPtr (Index: 1, Offset: 28810992, Size: 24696)
[2026-01-21 00:24:41.762] [446476] [HailoRT] [info] [hef.cpp:745] [parse_hef_file]         Action: WriteDataCCWPtr (Index: 1, Offset: 28835688, Size: 25496)
[2026-01-21 00:24:41.762] [446476] [HailoRT] [info] [hef.cpp:745] [parse_hef_file]         Action: WriteDataCCWPtr (Index: 1, Offset: 28861184, Size: 25744)
[2026-01-21 00:24:41.762] [446476] [HailoRT] [info] [hef.cpp:745] [parse_hef_file]         Action: WriteDataCCWPtr (Index: 1, Offset: 28886928, Size: 26336)
[2026-01-21 00:24:41.762] [446476] [HailoRT] [info] [hef.cpp:745] [parse_hef_file]         Action: WriteDataCCWPtr (Index: 1, Offset: 28913264, Size: 26400)
[2026-01-21 00:24:41.762] [446476] [HailoRT] [info] [hef.cpp:745] [parse_hef_file]         Action: WriteDataCCWPtr (Index: 1, Offset: 28939664, Size: 24696)
[2026-01-21 00:24:41.762] [446476] [HailoRT] [info] [hef.cpp:745] [parse_hef_file]         Action: WriteDataCCWPtr (Index: 1, Offset: 28964360, Size: 23672)
[2026-01-21 00:24:41.762] [446476] [HailoRT] [info] [hef.cpp:745] [parse_hef_file]         Action: WriteDataCCWPtr (Index: 1, Offset: 28988032, Size: 23696)
[2026-01-21 00:24:41.762] [446476] [HailoRT] [info] [hef.cpp:745] [parse_hef_file]         Action: WriteDataCCWPtr (Index: 1, Offset: 29011728, Size: 25096)
[2026-01-21 00:24:41.762] [446476] [HailoRT] [info] [hef.cpp:745] [parse_hef_file]         Action: WriteDataCCWPtr (Index: 1, Offset: 29036824, Size: 25840)
[2026-01-21 00:24:41.762] [446476] [HailoRT] [info] [hef.cpp:745] [parse_hef_file]         Action: WriteDataCCWPtr (Index: 1, Offset: 29062664, Size: 25472)
[2026-01-21 00:24:41.762] [446476] [HailoRT] [info] [hef.cpp:745] [parse_hef_file]         Action: WriteDataCCWPtr (Index: 1, Offset: 29088136, Size: 25072)
[2026-01-21 00:24:41.762] [446476] [HailoRT] [info] [hef.cpp:745] [parse_hef_file]         Action: WriteDataCCWPtr (Index: 1, Offset: 29113208, Size: 25072)
[2026-01-21 00:24:41.762] [446476] [HailoRT] [info] [hef.cpp:745] [parse_hef_file]         Action: WriteDataCCWPtr (Index: 1, Offset: 29138280, Size: 24688)
[2026-01-21 00:24:41.762] [446476] [HailoRT] [info] [hef.cpp:745] [parse_hef_file]         Action: WriteDataCCWPtr (Index: 1, Offset: 29162968, Size: 24856)
[2026-01-21 00:24:41.762] [446476] [HailoRT] [info] [hef.cpp:745] [parse_hef_file]         Action: WriteDataCCWPtr (Index: 1, Offset: 29187824, Size: 26688)
[2026-01-21 00:24:41.762] [446476] [HailoRT] [info] [hef.cpp:745] [parse_hef_file]         Action: WriteDataCCWPtr (Index: 1, Offset: 29214512, Size: 26800)
[2026-01-21 00:24:41.762] [446476] [HailoRT] [info] [hef.cpp:745] [parse_hef_file]         Action: WriteDataCCWPtr (Index: 1, Offset: 29241312, Size: 25552)
[2026-01-21 00:24:41.762] [446476] [HailoRT] [info] [hef.cpp:745] [parse_hef_file]         Action: WriteDataCCWPtr (Index: 1, Offset: 29266864, Size: 25376)
[2026-01-21 00:24:41.762] [446476] [HailoRT] [info] [hef.cpp:745] [parse_hef_file]         Action: WriteDataCCWPtr (Index: 1, Offset: 29292240, Size: 25280)
[2026-01-21 00:24:41.762] [446476] [HailoRT] [info] [hef.cpp:745] [parse_hef_file]         Action: WriteDataCCWPtr (Index: 1, Offset: 29317520, Size: 25040)
[2026-01-21 00:24:41.762] [446476] [HailoRT] [info] [hef.cpp:745] [parse_hef_file]         Action: WriteDataCCWPtr (Index: 1, Offset: 29342560, Size: 25256)
[2026-01-21 00:24:41.762] [446476] [HailoRT] [info] [hef.cpp:745] [parse_hef_file]         Action: WriteDataCCWPtr (Index: 1, Offset: 29367816, Size: 25696)
[2026-01-21 00:24:41.762] [446476] [HailoRT] [info] [hef.cpp:743] [parse_hef_file]       Op 69: Trigger: LayerController (Cluster: 0, LC: 14)
[2026-01-21 00:24:41.762] [446476] [HailoRT] [info] [hef.cpp:745] [parse_hef_file]         Action: DisableLayerController (Cluster: 0, LC: 14)
[2026-01-21 00:24:41.762] [446476] [HailoRT] [info] [hef.cpp:745] [parse_hef_file]         Action: WriteDataCCWPtr (Index: 0, Offset: 23995544, Size: 3888)
[2026-01-21 00:24:41.762] [446476] [HailoRT] [info] [hef.cpp:745] [parse_hef_file]         Action: WriteDataCCWPtr (Index: 0, Offset: 23999432, Size: 2440)
[2026-01-21 00:24:41.762] [446476] [HailoRT] [info] [hef.cpp:745] [parse_hef_file]         Action: WriteDataCCWPtr (Index: 0, Offset: 24001872, Size: 25576)
[2026-01-21 00:24:41.762] [446476] [HailoRT] [info] [hef.cpp:745] [parse_hef_file]         Action: WriteDataCCWPtr (Index: 0, Offset: 24027448, Size: 26760)
[2026-01-21 00:24:41.762] [446476] [HailoRT] [info] [hef.cpp:745] [parse_hef_file]         Action: WriteDataCCWPtr (Index: 0, Offset: 24054208, Size: 6648)
[2026-01-21 00:24:41.762] [446476] [HailoRT] [info] [hef.cpp:745] [parse_hef_file]         Action: WriteDataCCWPtr (Index: 0, Offset: 24060856, Size: 26992)
[2026-01-21 00:24:41.762] [446476] [HailoRT] [info] [hef.cpp:745] [parse_hef_file]         Action: WriteDataCCWPtr (Index: 0, Offset: 24087848, Size: 26824)
[2026-01-21 00:24:41.762] [446476] [HailoRT] [info] [hef.cpp:745] [parse_hef_file]         Action: WriteDataCCWPtr (Index: 0, Offset: 24114672, Size: 6656)
[2026-01-21 00:24:41.762] [446476] [HailoRT] [info] [hef.cpp:745] [parse_hef_file]         Action: WriteDataCCWPtr (Index: 0, Offset: 24121328, Size: 26960)
[2026-01-21 00:24:41.762] [446476] [HailoRT] [info] [hef.cpp:745] [parse_hef_file]         Action: WriteDataCCWPtr (Index: 0, Offset: 24148288, Size: 26312)
[2026-01-21 00:24:41.762] [446476] [HailoRT] [info] [hef.cpp:745] [parse_hef_file]         Action: WriteDataCCWPtr (Index: 0, Offset: 24174600, Size: 6528)
[2026-01-21 00:24:41.762] [446476] [HailoRT] [info] [hef.cpp:745] [parse_hef_file]         Action: WriteDataCCWPtr (Index: 0, Offset: 24181128, Size: 26056)
[2026-01-21 00:24:41.762] [446476] [HailoRT] [info] [hef.cpp:745] [parse_hef_file]         Action: WriteDataCCWPtr (Index: 0, Offset: 24207184, Size: 26416)
[2026-01-21 00:24:41.762] [446476] [HailoRT] [info] [hef.cpp:745] [parse_hef_file]         Action: WriteDataCCWPtr (Index: 0, Offset: 24233600, Size: 6568)
[2026-01-21 00:24:41.762] [446476] [HailoRT] [info] [hef.cpp:745] [parse_hef_file]         Action: WriteDataCCWPtr (Index: 0, Offset: 24240168, Size: 27448)
[2026-01-21 00:24:41.762] [446476] [HailoRT] [info] [hef.cpp:745] [parse_hef_file]         Action: WriteDataCCWPtr (Index: 0, Offset: 24267616, Size: 27336)
[2026-01-21 00:24:41.762] [446476] [HailoRT] [info] [hef.cpp:745] [parse_hef_file]         Action: WriteDataCCWPtr (Index: 0, Offset: 24294952, Size: 6704)
[2026-01-21 00:24:41.762] [446476] [HailoRT] [info] [hef.cpp:745] [parse_hef_file]         Action: WriteDataCCWPtr (Index: 0, Offset: 24301656, Size: 26440)
[2026-01-21 00:24:41.762] [446476] [HailoRT] [info] [hef.cpp:743] [parse_hef_file]       Op 70: Trigger: LayerController (Cluster: 3, LC: 9)
[2026-01-21 00:24:41.762] [446476] [HailoRT] [info] [hef.cpp:745] [parse_hef_file]         Action: DisableLayerController (Cluster: 3, LC: 9)
[2026-01-21 00:24:41.762] [446476] [HailoRT] [info] [hef.cpp:745] [parse_hef_file]         Action: WriteDataCCWPtr (Index: 0, Offset: 24328096, Size: 15496)
[2026-01-21 00:24:41.762] [446476] [HailoRT] [info] [hef.cpp:743] [parse_hef_file]       Op 71: Trigger: All Data Sent
[2026-01-21 00:24:41.762] [446476] [HailoRT] [info] [hef.cpp:745] [parse_hef_file]         Action: WriteDataCCWPtr (Index: 1, Offset: 29393512, Size: 25192)
[2026-01-21 00:24:41.762] [446476] [HailoRT] [info] [hef.cpp:745] [parse_hef_file]         Action: WriteDataCCWPtr (Index: 1, Offset: 29418704, Size: 23464)
[2026-01-21 00:24:41.762] [446476] [HailoRT] [info] [hef.cpp:745] [parse_hef_file]         Action: WriteDataCCWPtr (Index: 1, Offset: 29442168, Size: 18400)
[2026-01-21 00:24:41.762] [446476] [HailoRT] [info] [hef.cpp:745] [parse_hef_file]         Action: WriteDataCCWPtr (Index: 0, Offset: 24343592, Size: 12960)
[2026-01-21 00:24:41.762] [446476] [HailoRT] [info] [hef.cpp:745] [parse_hef_file]         Action: WriteDataCCWPtr (Index: 0, Offset: 24356552, Size: 18208)
[2026-01-21 00:24:41.762] [446476] [HailoRT] [info] [hef.cpp:745] [parse_hef_file]         Action: WriteDataCCWPtr (Index: 0, Offset: 24374760, Size: 20360)
[2026-01-21 00:24:41.762] [446476] [HailoRT] [info] [hef.cpp:745] [parse_hef_file]         Action: WriteDataCCWPtr (Index: 1, Offset: 29460568, Size: 25024)
[2026-01-21 00:24:41.762] [446476] [HailoRT] [info] [hef.cpp:745] [parse_hef_file]         Action: WriteDataCCWPtr (Index: 1, Offset: 29485592, Size: 25112)
[2026-01-21 00:24:41.762] [446476] [HailoRT] [info] [hef.cpp:745] [parse_hef_file]         Action: WriteDataCCWPtr (Index: 1, Offset: 29510704, Size: 25512)
[2026-01-21 00:24:41.762] [446476] [HailoRT] [info] [hef.cpp:745] [parse_hef_file]         Action: WriteDataCCWPtr (Index: 0, Offset: 24395120, Size: 21448)
[2026-01-21 00:24:41.762] [446476] [HailoRT] [info] [hef.cpp:745] [parse_hef_file]         Action: WriteDataCCWPtr (Index: 1, Offset: 29536216, Size: 14136)
[2026-01-21 00:24:41.762] [446476] [HailoRT] [info] [hef.cpp:745] [parse_hef_file]         Action: WriteDataCCWPtr (Index: 1, Offset: 29550352, Size: 7112)
[2026-01-21 00:24:41.762] [446476] [HailoRT] [info] [hef.cpp:745] [parse_hef_file]         Action: WriteDataCCWPtr (Index: 1, Offset: 29557464, Size: 7160)
[2026-01-21 00:24:41.762] [446476] [HailoRT] [info] [hef.cpp:745] [parse_hef_file]         Action: WriteDataCCWPtr (Index: 0, Offset: 24416568, Size: 22240)
[2026-01-21 00:24:41.762] [446476] [HailoRT] [info] [hef.cpp:745] [parse_hef_file]         Action: WriteDataCCWPtr (Index: 0, Offset: 24438808, Size: 25976)
[2026-01-21 00:24:41.762] [446476] [HailoRT] [info] [hef.cpp:745] [parse_hef_file]         Action: WriteDataCCWPtr (Index: 0, Offset: 24464784, Size: 25576)
[2026-01-21 00:24:41.762] [446476] [HailoRT] [info] [hef.cpp:745] [parse_hef_file]         Action: WriteDataCCWPtr (Index: 0, Offset: 24490360, Size: 20448)
[2026-01-21 00:24:41.762] [446476] [HailoRT] [info] [hef.cpp:745] [parse_hef_file]         Action: WriteDataCCWPtr (Index: 0, Offset: 24510808, Size: 20088)
[2026-01-21 00:24:41.762] [446476] [HailoRT] [info] [hef.cpp:745] [parse_hef_file]         Action: WriteDataCCWPtr (Index: 0, Offset: 24530896, Size: 6640)
[2026-01-21 00:24:41.762] [446476] [HailoRT] [info] [hef.cpp:745] [parse_hef_file]         Action: WriteDataCCWPtr (Index: 0, Offset: 24537536, Size: 25600)
[2026-01-21 00:24:41.762] [446476] [HailoRT] [info] [hef.cpp:745] [parse_hef_file]         Action: WriteDataCCWPtr (Index: 1, Offset: 29564624, Size: 6720)
[2026-01-21 00:24:41.762] [446476] [HailoRT] [info] [hef.cpp:745] [parse_hef_file]         Action: WriteDataCCWPtr (Index: 1, Offset: 29571344, Size: 22192)
[2026-01-21 00:24:41.762] [446476] [HailoRT] [info] [hef.cpp:745] [parse_hef_file]         Action: WriteDataCCWPtr (Index: 1, Offset: 29593536, Size: 9648)
[2026-01-21 00:24:41.762] [446476] [HailoRT] [info] [hef.cpp:745] [parse_hef_file]         Action: WriteDataCCWPtr (Index: 1, Offset: 29603184, Size: 9920)
[2026-01-21 00:24:41.762] [446476] [HailoRT] [info] [hef.cpp:745] [parse_hef_file]         Action: WriteDataCCWPtr (Index: 1, Offset: 29613104, Size: 25680)
[2026-01-21 00:24:41.762] [446476] [HailoRT] [info] [hef.cpp:745] [parse_hef_file]         Action: WriteDataCCWPtr (Index: 1, Offset: 29638784, Size: 25592)
[2026-01-21 00:24:41.762] [446476] [HailoRT] [info] [hef.cpp:745] [parse_hef_file]         Action: WriteDataCCWPtr (Index: 0, Offset: 24563136, Size: 4080)
[2026-01-21 00:24:41.762] [446476] [HailoRT] [info] [hef.cpp:745] [parse_hef_file]         Action: WriteDataCCWPtr (Index: 0, Offset: 24567216, Size: 6488)
[2026-01-21 00:24:41.762] [446476] [HailoRT] [info] [hef.cpp:745] [parse_hef_file]         Action: WaitForModuleConfig
[2026-01-21 00:24:41.762] [446476] [HailoRT] [info] [hef.cpp:745] [parse_hef_file]         Action: EnableSequencer (Cluster: 0)
[2026-01-21 00:24:41.762] [446476] [HailoRT] [info] [hef.cpp:745] [parse_hef_file]         Action: WaitForModuleConfig
[2026-01-21 00:24:41.762] [446476] [HailoRT] [info] [hef.cpp:745] [parse_hef_file]         Action: EnableSequencer (Cluster: 1)
[2026-01-21 00:24:41.762] [446476] [HailoRT] [info] [hef.cpp:745] [parse_hef_file]         Action: WaitForModuleConfig
[2026-01-21 00:24:41.762] [446476] [HailoRT] [info] [hef.cpp:745] [parse_hef_file]         Action: EnableSequencer (Cluster: 2)
[2026-01-21 00:24:41.762] [446476] [HailoRT] [info] [hef.cpp:745] [parse_hef_file]         Action: WaitForModuleConfig
[2026-01-21 00:24:41.762] [446476] [HailoRT] [info] [hef.cpp:745] [parse_hef_file]         Action: EnableSequencer (Cluster: 3)
[2026-01-21 00:24:41.762] [446476] [HailoRT] [info] [hef.cpp:745] [parse_hef_file]         Action: WaitForModuleConfig
[2026-01-21 00:24:41.762] [446476] [HailoRT] [info] [hef.cpp:745] [parse_hef_file]         Action: EnableSequencer (Cluster: 4)
[2026-01-21 00:24:41.762] [446476] [HailoRT] [info] [hef.cpp:745] [parse_hef_file]         Action: WaitForModuleConfig
[2026-01-21 00:24:41.762] [446476] [HailoRT] [info] [hef.cpp:745] [parse_hef_file]         Action: EnableSequencer (Cluster: 5)
[2026-01-21 00:24:41.762] [446476] [HailoRT] [info] [hef.cpp:745] [parse_hef_file]         Action: WaitForModuleConfig
[2026-01-21 00:24:41.762] [446476] [HailoRT] [info] [hef.cpp:745] [parse_hef_file]         Action: EnableSequencer (Cluster: 6)
[2026-01-21 00:24:41.762] [446476] [HailoRT] [info] [hef.cpp:745] [parse_hef_file]         Action: WaitForModuleConfig
[2026-01-21 00:24:41.762] [446476] [HailoRT] [info] [hef.cpp:745] [parse_hef_file]         Action: EnableSequencer (Cluster: 7)
[2026-01-21 00:24:41.762] [446476] [HailoRT] [info] [hef.cpp:745] [parse_hef_file]         Action: WaitForSequencer (Cluster: 0)
[2026-01-21 00:24:41.762] [446476] [HailoRT] [info] [hef.cpp:745] [parse_hef_file]         Action: WaitForSequencer (Cluster: 1)
[2026-01-21 00:24:41.762] [446476] [HailoRT] [info] [hef.cpp:745] [parse_hef_file]         Action: WaitForSequencer (Cluster: 2)
[2026-01-21 00:24:41.762] [446476] [HailoRT] [info] [hef.cpp:745] [parse_hef_file]         Action: WaitForSequencer (Cluster: 3)
[2026-01-21 00:24:41.762] [446476] [HailoRT] [info] [hef.cpp:745] [parse_hef_file]         Action: WaitForSequencer (Cluster: 4)
[2026-01-21 00:24:41.762] [446476] [HailoRT] [info] [hef.cpp:745] [parse_hef_file]         Action: WaitForSequencer (Cluster: 5)
[2026-01-21 00:24:41.762] [446476] [HailoRT] [info] [hef.cpp:745] [parse_hef_file]         Action: WaitForSequencer (Cluster: 6)
[2026-01-21 00:24:41.762] [446476] [HailoRT] [info] [hef.cpp:745] [parse_hef_file]         Action: WaitForSequencer (Cluster: 7)
[2026-01-21 00:24:41.762] [446476] [HailoRT] [info] [hef.cpp:745] [parse_hef_file]         Action: WriteDataCCWPtr (Index: 0, Offset: 24573704, Size: 3952)
[2026-01-21 00:24:41.762] [446476] [HailoRT] [info] [hef.cpp:745] [parse_hef_file]         Action: WriteDataCCWPtr (Index: 0, Offset: 24577656, Size: 2312)
[2026-01-21 00:24:41.762] [446476] [HailoRT] [info] [hef.cpp:745] [parse_hef_file]         Action: WriteDataCCWPtr (Index: 0, Offset: 24579968, Size: 13600)
[2026-01-21 00:24:41.762] [446476] [HailoRT] [info] [hef.cpp:745] [parse_hef_file]         Action: WriteDataCCWPtr (Index: 0, Offset: 24593568, Size: 13576)
[2026-01-21 00:24:41.762] [446476] [HailoRT] [info] [hef.cpp:745] [parse_hef_file]         Action: WriteDataCCWPtr (Index: 0, Offset: 24607144, Size: 13224)
[2026-01-21 00:24:41.762] [446476] [HailoRT] [info] [hef.cpp:745] [parse_hef_file]         Action: WriteDataCCWPtr (Index: 0, Offset: 24620368, Size: 13360)
[2026-01-21 00:24:41.762] [446476] [HailoRT] [info] [hef.cpp:745] [parse_hef_file]         Action: WriteDataCCWPtr (Index: 1, Offset: 29664376, Size: 14976)
[2026-01-21 00:24:41.762] [446476] [HailoRT] [info] [hef.cpp:745] [parse_hef_file]         Action: WriteDataCCWPtr (Index: 1, Offset: 29679352, Size: 19904)
[2026-01-21 00:24:41.762] [446476] [HailoRT] [info] [hef.cpp:745] [parse_hef_file]         Action: WriteDataCCWPtr (Index: 1, Offset: 29699256, Size: 16)
[2026-01-21 00:24:41.762] [446476] [HailoRT] [info] [hef.cpp:745] [parse_hef_file]         Action: WriteDataCCWPtr (Index: 0, Offset: 24633728, Size: 25984)
[2026-01-21 00:24:41.762] [446476] [HailoRT] [info] [hef.cpp:745] [parse_hef_file]         Action: WriteDataCCWPtr (Index: 0, Offset: 24659712, Size: 18128)
[2026-01-21 00:24:41.762] [446476] [HailoRT] [info] [hef.cpp:745] [parse_hef_file]         Action: WriteDataCCWPtr (Index: 0, Offset: 24677840, Size: 18128)
[2026-01-21 00:24:41.762] [446476] [HailoRT] [info] [hef.cpp:745] [parse_hef_file]         Action: WriteDataCCWPtr (Index: 0, Offset: 24695968, Size: 2440)
[2026-01-21 00:24:41.762] [446476] [HailoRT] [info] [hef.cpp:745] [parse_hef_file]         Action: WriteDataCCWPtr (Index: 0, Offset: 24698408, Size: 312)
[2026-01-21 00:24:41.762] [446476] [HailoRT] [info] [hef.cpp:745] [parse_hef_file]         Action: WriteDataCCWPtr (Index: 0, Offset: 24698720, Size: 2288)
[2026-01-21 00:24:41.762] [446476] [HailoRT] [info] [hef.cpp:745] [parse_hef_file]         Action: WriteDataCCWPtr (Index: 0, Offset: 24701008, Size: 248)
[2026-01-21 00:24:41.762] [446476] [HailoRT] [info] [hef.cpp:745] [parse_hef_file]         Action: WriteDataCCWPtr (Index: 0, Offset: 24701256, Size: 248)
[2026-01-21 00:24:41.762] [446476] [HailoRT] [info] [hef.cpp:745] [parse_hef_file]         Action: WriteDataCCWPtr (Index: 0, Offset: 24701504, Size: 248)
[2026-01-21 00:24:41.762] [446476] [HailoRT] [info] [hef.cpp:745] [parse_hef_file]         Action: WriteDataCCWPtr (Index: 0, Offset: 24701752, Size: 248)
[2026-01-21 00:24:41.762] [446476] [HailoRT] [info] [hef.cpp:745] [parse_hef_file]         Action: WriteDataCCWPtr (Index: 0, Offset: 24702000, Size: 16)
[2026-01-21 00:24:41.762] [446476] [HailoRT] [info] [hef.cpp:745] [parse_hef_file]         Action: WaitForModuleConfig
[2026-01-21 00:24:41.762] [446476] [HailoRT] [info] [hef.cpp:745] [parse_hef_file]         Action: WaitForModuleConfig
[2026-01-21 00:24:41.762] [446476] [HailoRT] [info] [hef.cpp:745] [parse_hef_file]         Action: EnableLayerController (Cluster: 5, LC: 0, Kernel: 2)
[2026-01-21 00:24:41.762] [446476] [HailoRT] [info] [hef.cpp:745] [parse_hef_file]         Action: EnableLayerController (Cluster: 5, LC: 13, Kernel: 2)
[2026-01-21 00:24:41.762] [446476] [HailoRT] [info] [hef.cpp:745] [parse_hef_file]         Action: EnableLayerController (Cluster: 5, LC: 14, Kernel: 2)
[2026-01-21 00:24:41.762] [446476] [HailoRT] [info] [hef.cpp:745] [parse_hef_file]         Action: EnableLayerController (Cluster: 0, LC: 0, Kernel: 2)
[2026-01-21 00:24:41.762] [446476] [HailoRT] [info] [hef.cpp:745] [parse_hef_file]         Action: EnableLayerController (Cluster: 0, LC: 3, Kernel: 2)
[2026-01-21 00:24:41.762] [446476] [HailoRT] [info] [hef.cpp:745] [parse_hef_file]         Action: EnableLayerController (Cluster: 7, LC: 0, Kernel: 2)
[2026-01-21 00:24:41.762] [446476] [HailoRT] [info] [hef.cpp:745] [parse_hef_file]         Action: EnableLayerController (Cluster: 0, LC: 7, Kernel: 2)
[2026-01-21 00:24:41.762] [446476] [HailoRT] [info] [hef.cpp:745] [parse_hef_file]         Action: EnableLayerController (Cluster: 0, LC: 6, Kernel: 2)
[2026-01-21 00:24:41.762] [446476] [HailoRT] [info] [hef.cpp:745] [parse_hef_file]         Action: EnableLayerController (Cluster: 0, LC: 5, Kernel: 2)
[2026-01-21 00:24:41.762] [446476] [HailoRT] [info] [hef.cpp:745] [parse_hef_file]         Action: EnableLayerController (Cluster: 0, LC: 12, Kernel: 2)
[2026-01-21 00:24:41.762] [446476] [HailoRT] [info] [hef.cpp:745] [parse_hef_file]         Action: EnableLayerController (Cluster: 0, LC: 9, Kernel: 2)
[2026-01-21 00:24:41.762] [446476] [HailoRT] [info] [hef.cpp:745] [parse_hef_file]         Action: EnableLayerController (Cluster: 0, LC: 10, Kernel: 2)
[2026-01-21 00:24:41.762] [446476] [HailoRT] [info] [hef.cpp:745] [parse_hef_file]         Action: EnableLayerController (Cluster: 0, LC: 8, Kernel: 2)
[2026-01-21 00:24:41.762] [446476] [HailoRT] [info] [hef.cpp:745] [parse_hef_file]         Action: EnableLayerController (Cluster: 0, LC: 11, Kernel: 2)
[2026-01-21 00:24:41.762] [446476] [HailoRT] [info] [hef.cpp:745] [parse_hef_file]         Action: EnableLayerController (Cluster: 0, LC: 15, Kernel: 2)
[2026-01-21 00:24:41.762] [446476] [HailoRT] [info] [hef.cpp:745] [parse_hef_file]         Action: EnableLayerController (Cluster: 0, LC: 14, Kernel: 2)
[2026-01-21 00:24:41.762] [446476] [HailoRT] [info] [hef.cpp:745] [parse_hef_file]         Action: EnableLayerController (Cluster: 5, LC: 4, Kernel: 2)
[2026-01-21 00:24:41.762] [446476] [HailoRT] [info] [hef.cpp:745] [parse_hef_file]         Action: EnableLayerController (Cluster: 0, LC: 1, Kernel: 2)
[2026-01-21 00:24:41.762] [446476] [HailoRT] [info] [hef.cpp:745] [parse_hef_file]         Action: EnableLayerController (Cluster: 6, LC: 0, Kernel: 2)
[2026-01-21 00:24:41.762] [446476] [HailoRT] [info] [hef.cpp:745] [parse_hef_file]         Action: EnableLayerController (Cluster: 2, LC: 0, Kernel: 2)
[2026-01-21 00:24:41.762] [446476] [HailoRT] [info] [hef.cpp:745] [parse_hef_file]         Action: EnableLayerController (Cluster: 2, LC: 14, Kernel: 2)
[2026-01-21 00:24:41.762] [446476] [HailoRT] [info] [hef.cpp:745] [parse_hef_file]         Action: EnableLayerController (Cluster: 2, LC: 2, Kernel: 2)
[2026-01-21 00:24:41.762] [446476] [HailoRT] [info] [hef.cpp:745] [parse_hef_file]         Action: EnableLayerController (Cluster: 2, LC: 15, Kernel: 2)
[2026-01-21 00:24:41.762] [446476] [HailoRT] [info] [hef.cpp:745] [parse_hef_file]         Action: EnableLayerController (Cluster: 2, LC: 3, Kernel: 2)
[2026-01-21 00:24:41.762] [446476] [HailoRT] [info] [hef.cpp:745] [parse_hef_file]         Action: EnableLayerController (Cluster: 2, LC: 6, Kernel: 2)
[2026-01-21 00:24:41.762] [446476] [HailoRT] [info] [hef.cpp:745] [parse_hef_file]         Action: EnableLayerController (Cluster: 2, LC: 12, Kernel: 2)
[2026-01-21 00:24:41.762] [446476] [HailoRT] [info] [hef.cpp:745] [parse_hef_file]         Action: EnableLayerController (Cluster: 2, LC: 13, Kernel: 2)
[2026-01-21 00:24:41.762] [446476] [HailoRT] [info] [hef.cpp:745] [parse_hef_file]         Action: EnableLayerController (Cluster: 4, LC: 0, Kernel: 2)
[2026-01-21 00:24:41.762] [446476] [HailoRT] [info] [hef.cpp:745] [parse_hef_file]         Action: EnableLayerController (Cluster: 6, LC: 5, Kernel: 2)
[2026-01-21 00:24:41.762] [446476] [HailoRT] [info] [hef.cpp:745] [parse_hef_file]         Action: EnableLayerController (Cluster: 4, LC: 9, Kernel: 2)
[2026-01-21 00:24:41.762] [446476] [HailoRT] [info] [hef.cpp:745] [parse_hef_file]         Action: EnableLayerController (Cluster: 4, LC: 6, Kernel: 2)
[2026-01-21 00:24:41.762] [446476] [HailoRT] [info] [hef.cpp:745] [parse_hef_file]         Action: EnableLayerController (Cluster: 6, LC: 1, Kernel: 2)
[2026-01-21 00:24:41.762] [446476] [HailoRT] [info] [hef.cpp:745] [parse_hef_file]         Action: EnableLayerController (Cluster: 6, LC: 4, Kernel: 2)
[2026-01-21 00:24:41.762] [446476] [HailoRT] [info] [hef.cpp:745] [parse_hef_file]         Action: EnableLayerController (Cluster: 3, LC: 0, Kernel: 2)
[2026-01-21 00:24:41.762] [446476] [HailoRT] [info] [hef.cpp:745] [parse_hef_file]         Action: EnableLayerController (Cluster: 6, LC: 3, Kernel: 2)
[2026-01-21 00:24:41.762] [446476] [HailoRT] [info] [hef.cpp:745] [parse_hef_file]         Action: EnableLayerController (Cluster: 3, LC: 13, Kernel: 2)
[2026-01-21 00:24:41.762] [446476] [HailoRT] [info] [hef.cpp:745] [parse_hef_file]         Action: EnableLayerController (Cluster: 7, LC: 13, Kernel: 2)
[2026-01-21 00:24:41.762] [446476] [HailoRT] [info] [hef.cpp:745] [parse_hef_file]         Action: EnableLayerController (Cluster: 7, LC: 1, Kernel: 2)
[2026-01-21 00:24:41.762] [446476] [HailoRT] [info] [hef.cpp:745] [parse_hef_file]         Action: EnableLayerController (Cluster: 3, LC: 10, Kernel: 2)
[2026-01-21 00:24:41.762] [446476] [HailoRT] [info] [hef.cpp:745] [parse_hef_file]         Action: EnableLayerController (Cluster: 7, LC: 2, Kernel: 2)
[2026-01-21 00:24:41.762] [446476] [HailoRT] [info] [hef.cpp:745] [parse_hef_file]         Action: EnableLayerController (Cluster: 7, LC: 3, Kernel: 2)
[2026-01-21 00:24:41.762] [446476] [HailoRT] [info] [hef.cpp:745] [parse_hef_file]         Action: EnableLayerController (Cluster: 4, LC: 15, Kernel: 2)
[2026-01-21 00:24:41.762] [446476] [HailoRT] [info] [hef.cpp:745] [parse_hef_file]         Action: EnableLayerController (Cluster: 4, LC: 11, Kernel: 2)
[2026-01-21 00:24:41.762] [446476] [HailoRT] [info] [hef.cpp:745] [parse_hef_file]         Action: EnableLayerController (Cluster: 2, LC: 1, Kernel: 2)
[2026-01-21 00:24:41.762] [446476] [HailoRT] [info] [hef.cpp:745] [parse_hef_file]         Action: EnableLayerController (Cluster: 0, LC: 4, Kernel: 2)
[2026-01-21 00:24:41.762] [446476] [HailoRT] [info] [hef.cpp:745] [parse_hef_file]         Action: EnableLayerController (Cluster: 7, LC: 7, Kernel: 2)
[2026-01-21 00:24:41.762] [446476] [HailoRT] [info] [hef.cpp:745] [parse_hef_file]         Action: EnableLayerController (Cluster: 7, LC: 6, Kernel: 2)
[2026-01-21 00:24:41.762] [446476] [HailoRT] [info] [hef.cpp:745] [parse_hef_file]         Action: EnableLayerController (Cluster: 6, LC: 6, Kernel: 2)
[2026-01-21 00:24:41.762] [446476] [HailoRT] [info] [hef.cpp:745] [parse_hef_file]         Action: EnableLayerController (Cluster: 4, LC: 5, Kernel: 2)
[2026-01-21 00:24:41.762] [446476] [HailoRT] [info] [hef.cpp:745] [parse_hef_file]         Action: EnableLayerController (Cluster: 3, LC: 7, Kernel: 2)
[2026-01-21 00:24:41.762] [446476] [HailoRT] [info] [hef.cpp:745] [parse_hef_file]         Action: EnableLayerController (Cluster: 3, LC: 12, Kernel: 2)
[2026-01-21 00:24:41.762] [446476] [HailoRT] [info] [hef.cpp:745] [parse_hef_file]         Action: EnableLayerController (Cluster: 2, LC: 7, Kernel: 2)
[2026-01-21 00:24:41.762] [446476] [HailoRT] [info] [hef.cpp:745] [parse_hef_file]         Action: EnableLayerController (Cluster: 3, LC: 3, Kernel: 2)
[2026-01-21 00:24:41.762] [446476] [HailoRT] [info] [hef.cpp:745] [parse_hef_file]         Action: EnableLayerController (Cluster: 3, LC: 2, Kernel: 2)
[2026-01-21 00:24:41.762] [446476] [HailoRT] [info] [hef.cpp:745] [parse_hef_file]         Action: EnableLayerController (Cluster: 2, LC: 5, Kernel: 2)
[2026-01-21 00:24:41.762] [446476] [HailoRT] [info] [hef.cpp:745] [parse_hef_file]         Action: EnableLayerController (Cluster: 2, LC: 4, Kernel: 2)
[2026-01-21 00:24:41.762] [446476] [HailoRT] [info] [hef.cpp:745] [parse_hef_file]         Action: EnableLayerController (Cluster: 0, LC: 2, Kernel: 2)
[2026-01-21 00:24:41.762] [446476] [HailoRT] [info] [hef.cpp:745] [parse_hef_file]         Action: EnableLayerController (Cluster: 3, LC: 4, Kernel: 2)
[2026-01-21 00:24:41.762] [446476] [HailoRT] [info] [hef.cpp:745] [parse_hef_file]         Action: EnableLayerController (Cluster: 2, LC: 11, Kernel: 2)
[2026-01-21 00:24:41.762] [446476] [HailoRT] [info] [hef.cpp:745] [parse_hef_file]         Action: EnableLayerController (Cluster: 4, LC: 8, Kernel: 2)
[2026-01-21 00:24:41.762] [446476] [HailoRT] [info] [hef.cpp:745] [parse_hef_file]         Action: EnableLayerController (Cluster: 3, LC: 5, Kernel: 2)
[2026-01-21 00:24:41.762] [446476] [HailoRT] [info] [hef.cpp:745] [parse_hef_file]         Action: EnableLayerController (Cluster: 2, LC: 10, Kernel: 2)
[2026-01-21 00:24:41.762] [446476] [HailoRT] [info] [hef.cpp:745] [parse_hef_file]         Action: EnableLayerController (Cluster: 4, LC: 2, Kernel: 2)
[2026-01-21 00:24:41.762] [446476] [HailoRT] [info] [hef.cpp:745] [parse_hef_file]         Action: EnableLayerController (Cluster: 6, LC: 12, Kernel: 2)
[2026-01-21 00:24:41.762] [446476] [HailoRT] [info] [hef.cpp:745] [parse_hef_file]         Action: EnableLayerController (Cluster: 7, LC: 4, Kernel: 2)
[2026-01-21 00:24:41.762] [446476] [HailoRT] [info] [hef.cpp:745] [parse_hef_file]         Action: EnableLayerController (Cluster: 5, LC: 5, Kernel: 2)
[2026-01-21 00:24:41.762] [446476] [HailoRT] [info] [hef.cpp:745] [parse_hef_file]         Action: EnableLayerController (Cluster: 1, LC: 14, Kernel: 2)
[2026-01-21 00:24:41.762] [446476] [HailoRT] [info] [hef.cpp:745] [parse_hef_file]         Action: EnableLayerController (Cluster: 0, LC: 13, Kernel: 2)
[2026-01-21 00:24:41.763] [446476] [HailoRT] [info] [hailort_driver.cpp:476] [fw_control] Sending FW Control: opcode=0x00000033 (HAILO_CONTROL_OPCODE_GET_DEVICE_INFORMATION), len=20, cpu_id=0
[2026-01-21 00:24:41.763] [446476] [HailoRT] [info] [hailort_driver.cpp:476] [fw_control] Sending FW Control: opcode=0x00000033 (HAILO_CONTROL_OPCODE_GET_DEVICE_INFORMATION), len=20, cpu_id=0
[2026-01-21 00:24:41.763] [446476] [HailoRT] [info] [control.cpp:2785] [reset_context_switch_state_machine] Control::reset_context_switch_state_machine called. Resetting context switch state.
[2026-01-21 00:24:41.763] [446476] [HailoRT] [info] [control.cpp:2739] [change_context_switch_status] Control::change_context_switch_status called. state_machine_status: 0, network_group_index: 255, dynamic_batch_size: 0, batch_count: 0
[2026-01-21 00:24:41.763] [446476] [HailoRT] [info] [hailort_driver.cpp:476] [fw_control] Sending FW Control: opcode=0x00000025 (HAILO_CONTROL_OPCODE_CHANGE_CONTEXT_SWITCH_STATUS), len=42, cpu_id=1
[2026-01-21 00:24:41.763] [446476] [HailoRT] [info] [hailort_driver.cpp:476] [fw_control] Sending FW Control: opcode=0x00000047 (HAILO_CONTROL_OPCODE_CONTEXT_SWITCH_CLEAR_CONFIGURED_APPS), len=20, cpu_id=1
[2026-01-21 00:24:41.769] [446476] [HailoRT] [info] [internal_buffer_planner.cpp:375] [get_edge_layer_infos] Edge Layer: Name=resnet50_v1/resnet50_v1_resnet50_v1_context_0_to_resnet50_v1_context_1_2963, Key=(0:0), Type=2, Transfer Size=100352, Max Transfers in Batch=1, Start Context=0, End Context=1
[2026-01-21 00:24:41.769] [446476] [HailoRT] [info] [internal_buffer_planner.cpp:375] [get_edge_layer_infos] Edge Layer: Name=resnet50_v1/resnet50_v1_resnet50_v1_context_0_to_resnet50_v1_context_1_2968, Key=(0:1), Type=2, Transfer Size=25088, Max Transfers in Batch=1, Start Context=0, End Context=1
[2026-01-21 00:24:41.769] [446476] [HailoRT] [info] [internal_buffer_manager.cpp:77] [print_execution_results] Planned internal buffer memory: CMA=0 CMA-Desc=131072 Pinned=126464. memory to edge layer usage factor is 1
[2026-01-21 00:24:41.769] [446476] [HailoRT] [info] [internal_buffer_manager.cpp:86] [print_execution_results] Default Internal buffer planner executed successfully
[2026-01-21 00:24:41.769] [446476] [HailoRT] [info] [hailort_driver.cpp:476] [fw_control] Sending FW Control: opcode=0x00000048 (HAILO_CONTROL_OPCODE_GET_HW_CONSTS), len=20, cpu_id=1
[2026-01-21 00:24:41.769] [446476] [HailoRT] [info] [hailort_driver.cpp:476] [fw_control] Sending FW Control: opcode=0x00000048 (HAILO_CONTROL_OPCODE_GET_HW_CONSTS), len=20, cpu_id=1
[2026-01-21 00:24:41.780] [446476] [HailoRT] [info] [hailort_driver.cpp:476] [fw_control] Sending FW Control: opcode=0x00000048 (HAILO_CONTROL_OPCODE_GET_HW_CONSTS), len=20, cpu_id=1
[2026-01-21 00:24:41.800] [446476] [HailoRT] [info] [hailort_driver.cpp:476] [fw_control] Sending FW Control: opcode=0x00000048 (HAILO_CONTROL_OPCODE_GET_HW_CONSTS), len=20, cpu_id=1
[2026-01-21 00:24:41.821] [446476] [HailoRT] [info] [hailort_driver.cpp:476] [fw_control] Sending FW Control: opcode=0x00000048 (HAILO_CONTROL_OPCODE_GET_HW_CONSTS), len=20, cpu_id=1
[2026-01-21 00:24:41.833] [446476] [HailoRT] [info] [hailort_driver.cpp:476] [fw_control] Sending FW Control: opcode=0x00000020 (HAILO_CONTROL_OPCODE_CONTEXT_SWITCH_SET_NETWORK_GROUP_HEADER), len=56, cpu_id=1
[2026-01-21 00:24:41.833] [446476] [HailoRT] [info] [control.cpp:2406] [context_switch_set_network_group_header] Control::context_switch_set_network_group_header called successfully
[2026-01-21 00:24:41.833] [446476] [HailoRT] [info] [hailort_driver.cpp:476] [fw_control] Sending FW Control: opcode=0x00000021 (HAILO_CONTROL_OPCODE_CONTEXT_SWITCH_SET_CONTEXT_INFO), len=102, cpu_id=1
[2026-01-21 00:24:41.834] [446476] [HailoRT] [info] [hailort_driver.cpp:476] [fw_control] Sending FW Control: opcode=0x00000021 (HAILO_CONTROL_OPCODE_CONTEXT_SWITCH_SET_CONTEXT_INFO), len=585, cpu_id=1
[2026-01-21 00:24:41.834] [446476] [HailoRT] [info] [hailort_driver.cpp:476] [fw_control] Sending FW Control: opcode=0x00000021 (HAILO_CONTROL_OPCODE_CONTEXT_SWITCH_SET_CONTEXT_INFO), len=1092, cpu_id=1
[2026-01-21 00:24:41.834] [446476] [HailoRT] [info] [hailort_driver.cpp:476] [fw_control] Sending FW Control: opcode=0x00000021 (HAILO_CONTROL_OPCODE_CONTEXT_SWITCH_SET_CONTEXT_INFO), len=1500, cpu_id=1
[2026-01-21 00:24:41.835] [446476] [HailoRT] [info] [hailort_driver.cpp:476] [fw_control] Sending FW Control: opcode=0x00000021 (HAILO_CONTROL_OPCODE_CONTEXT_SWITCH_SET_CONTEXT_INFO), len=814, cpu_id=1
[2026-01-21 00:24:41.836] [446476] [HailoRT] [info] [hailort_driver.cpp:476] [fw_control] Sending FW Control: opcode=0x00000021 (HAILO_CONTROL_OPCODE_CONTEXT_SWITCH_SET_CONTEXT_INFO), len=1495, cpu_id=1
[2026-01-21 00:24:41.836] [446476] [HailoRT] [info] [hailort_driver.cpp:476] [fw_control] Sending FW Control: opcode=0x00000021 (HAILO_CONTROL_OPCODE_CONTEXT_SWITCH_SET_CONTEXT_INFO), len=821, cpu_id=1
[2026-01-21 00:24:41.837] [446476] [HailoRT] [info] [control.cpp:2504] [context_switch_set_context_info] Control::context_switch_set_context_info sent 7 chunks. Total size: 6136 bytes. Types: Prelim=1, Dyn=4, Batch=1, Act=1
[2026-01-21 00:24:41.837] [446476] [HailoRT] [info] [device_internal.cpp:57] [configure] Configuring HEF took 74.160036 milliseconds
[2026-01-21 00:24:41.839] [446476] [HailoRT] [info] [vdevice.cpp:780] [configure] Configuring HEF on VDevice took 76.033451 milliseconds
[2026-01-21 00:24:41.839] [446476] [HailoRT] [info] [edge_elements.cpp:52] [create] Created (HwWriteEl3resnet50_v1/input_layer1 | hw_frame_size: 150528)
[2026-01-21 00:24:41.839] [446476] [HailoRT] [info] [vstream.cpp:754] [InputVStreamImpl] Creating resnet50_v1/input_layer1...
[2026-01-21 00:24:41.839] [446476] [HailoRT] [info] [vstream_builder.cpp:102] [create_inputs] Input pipeline 'resnet50_v1/input_layer1': (HwWriteEl3resnet50_v1/input_layer1 | hw_frame_size: 150528) >> HW
[2026-01-21 00:24:41.839] [446476] [HailoRT] [info] [edge_elements.cpp:287] [create] Created (HwReadEl0resnet50_v1/fc1 | hw_frame_size: 1000)
[2026-01-21 00:24:41.839] [446476] [HailoRT] [info] [queue_elements.cpp:800] [create] Created (UserBuffQEl0resnet50_v1/fc1 | timeout: 10s)
[2026-01-21 00:24:41.839] [446476] [HailoRT] [info] [vstream.cpp:1114] [OutputVStreamImpl] Creating resnet50_v1/fc1...
[2026-01-21 00:24:41.839] [446476] [HailoRT] [info] [vstream_builder.cpp:220] [create_outputs] Output pipeline 'resnet50_v1/fc1': HW >> (HwReadEl0resnet50_v1/fc1 | hw_frame_size: 1000) >> (UserBuffQEl0resnet50_v1/fc1 | timeout: 10s)
[2026-01-21 00:24:41.849] [446480] [HailoRT] [info] [vdma_config_manager.cpp:25] [set_core_op] VdmaConfigManager::set_core_op: is_batch_switch=false, batch_size=1
[2026-01-21 00:24:41.849] [446480] [HailoRT] [info] [vdma_config_manager.cpp:73] [switch_core_op] VdmaConfigManager starting switch_core_op...
[2026-01-21 00:24:41.849] [446480] [HailoRT] [info] [resource_manager.cpp:674] [enable_state_machine] ResourcesManager enabling state machine for core-op index 0
[2026-01-21 00:24:41.849] [446480] [HailoRT] [info] [control.cpp:2777] [enable_core_op] Control::enable_core_op called. Enabling network_group_index 0. Dynamic batch size: 1, Batch count: 0
[2026-01-21 00:24:41.849] [446480] [HailoRT] [info] [control.cpp:2739] [change_context_switch_status] Control::change_context_switch_status called. state_machine_status: 1, network_group_index: 0, dynamic_batch_size: 1, batch_count: 0
[2026-01-21 00:24:41.849] [446480] [HailoRT] [info] [hailort_driver.cpp:476] [fw_control] Sending FW Control: opcode=0x00000025 (HAILO_CONTROL_OPCODE_CHANGE_CONTEXT_SWITCH_STATUS), len=42, cpu_id=1
[2026-01-21 00:24:41.849] [446480] [HailoRT] [info] [vdma_config_manager.cpp:97] [switch_core_op] VdmaConfigManager finished switching core-op
[2026-01-21 00:24:41.849] [446480] [HailoRT] [info] [scheduler.cpp:131] [switch_core_op] Scheduler switched core-op from IDLE to resnet50_v1
[2026-01-21 00:24:41.849] [446480] [HailoRT] [info] [hailort_driver.cpp:693] [launch_transfer] Launching transfer [H2D]: channel=0.2, desc_handle=4096, starting_desc=0, buffers_count=1
[2026-01-21 00:24:41.849] [446480] [HailoRT] [info] [hailort_driver.cpp:696] [launch_transfer]   Buffer 0: addr_or_fd=0xffffad398000, size=150528
[2026-01-21 00:24:41.849] [446480] [HailoRT] [info] [hailort_driver.cpp:693] [launch_transfer] Launching transfer [D2H]: channel=0.16, desc_handle=8192, starting_desc=0, buffers_count=1
[2026-01-21 00:24:41.849] [446480] [HailoRT] [info] [hailort_driver.cpp:696] [launch_transfer]   Buffer 0: addr_or_fd=0xffffbdb5e000, size=1000
[2026-01-21 00:24:41.883] [446480] [HailoRT] [info] [hailort_driver.cpp:693] [launch_transfer] Launching transfer [H2D]: channel=0.2, desc_handle=4096, starting_desc=294, buffers_count=1
[2026-01-21 00:24:41.883] [446480] [HailoRT] [info] [hailort_driver.cpp:696] [launch_transfer]   Buffer 0: addr_or_fd=0xffffad373000, size=150528
[2026-01-21 00:24:41.883] [446480] [HailoRT] [info] [hailort_driver.cpp:693] [launch_transfer] Launching transfer [D2H]: channel=0.16, desc_handle=8192, starting_desc=2, buffers_count=1
[2026-01-21 00:24:41.883] [446480] [HailoRT] [info] [hailort_driver.cpp:696] [launch_transfer]   Buffer 0: addr_or_fd=0xffffbdb5d000, size=1000
[2026-01-21 00:24:41.907] [446480] [HailoRT] [info] [hailort_driver.cpp:693] [launch_transfer] Launching transfer [H2D]: channel=0.2, desc_handle=4096, starting_desc=588, buffers_count=1
[2026-01-21 00:24:41.907] [446480] [HailoRT] [info] [hailort_driver.cpp:696] [launch_transfer]   Buffer 0: addr_or_fd=0xffffad34e000, size=150528
[2026-01-21 00:24:41.907] [446480] [HailoRT] [info] [hailort_driver.cpp:693] [launch_transfer] Launching transfer [D2H]: channel=0.16, desc_handle=8192, starting_desc=4, buffers_count=1
[2026-01-21 00:24:41.907] [446480] [HailoRT] [info] [hailort_driver.cpp:696] [launch_transfer]   Buffer 0: addr_or_fd=0xffffbdb5c000, size=1000
[2026-01-21 00:24:41.933] [446480] [HailoRT] [info] [hailort_driver.cpp:693] [launch_transfer] Launching transfer [H2D]: channel=0.2, desc_handle=4096, starting_desc=882, buffers_count=1
[2026-01-21 00:24:41.933] [446480] [HailoRT] [info] [hailort_driver.cpp:696] [launch_transfer]   Buffer 0: addr_or_fd=0xffffad329000, size=150528
[2026-01-21 00:24:41.933] [446480] [HailoRT] [info] [hailort_driver.cpp:693] [launch_transfer] Launching transfer [D2H]: channel=0.16, desc_handle=8192, starting_desc=6, buffers_count=1
[2026-01-21 00:24:41.933] [446480] [HailoRT] [info] [hailort_driver.cpp:696] [launch_transfer]   Buffer 0: addr_or_fd=0xffffbdb5b000, size=1000
[2026-01-21 00:24:41.958] [446480] [HailoRT] [info] [hailort_driver.cpp:693] [launch_transfer] Launching transfer [H2D]: channel=0.2, desc_handle=4096, starting_desc=1176, buffers_count=1
[2026-01-21 00:24:41.958] [446480] [HailoRT] [info] [hailort_driver.cpp:696] [launch_transfer]   Buffer 0: addr_or_fd=0xffffad304000, size=150528
[2026-01-21 00:24:41.959] [446480] [HailoRT] [info] [hailort_driver.cpp:693] [launch_transfer] Launching transfer [D2H]: channel=0.16, desc_handle=8192, starting_desc=8, buffers_count=1
[2026-01-21 00:24:41.959] [446480] [HailoRT] [info] [hailort_driver.cpp:696] [launch_transfer]   Buffer 0: addr_or_fd=0xffffbdb5a000, size=1000
[2026-01-21 00:24:41.984] [446480] [HailoRT] [info] [hailort_driver.cpp:693] [launch_transfer] Launching transfer [H2D]: channel=0.2, desc_handle=4096, starting_desc=1470, buffers_count=1
[2026-01-21 00:24:41.984] [446480] [HailoRT] [info] [hailort_driver.cpp:696] [launch_transfer]   Buffer 0: addr_or_fd=0xffffad2df000, size=150528
[2026-01-21 00:24:41.984] [446480] [HailoRT] [info] [hailort_driver.cpp:693] [launch_transfer] Launching transfer [D2H]: channel=0.16, desc_handle=8192, starting_desc=10, buffers_count=1
[2026-01-21 00:24:41.984] [446480] [HailoRT] [info] [hailort_driver.cpp:696] [launch_transfer]   Buffer 0: addr_or_fd=0xffffbdb59000, size=1000
[2026-01-21 00:24:42.003] [446483] [HailoRT] [info] [queue_elements.cpp:855] [run_in_thread] Shutdown event was signaled in dequeue of UserBuffQEl0resnet50_v1/fc1!
[2026-01-21 00:24:42.003] [446483] [HailoRT] [info] [queue_elements.cpp:68] [operator()] Thread in element UserBuffQEl0resnet50_v1/fc1 is not running anymore, exiting..
[2026-01-21 00:24:42.003] [446476] [HailoRT] [info] [queue_elements.cpp:46] [~BaseQueueElement] Queue element UserBuffQEl0resnet50_v1/fc1 has 0 frames in his Queue on destruction
[2026-01-21 00:24:42.003] [446476] [HailoRT] [info] [vdma_config_manager.cpp:73] [switch_core_op] VdmaConfigManager starting switch_core_op...
[2026-01-21 00:24:42.003] [446476] [HailoRT] [info] [control.cpp:2785] [reset_context_switch_state_machine] Control::reset_context_switch_state_machine called. Resetting context switch state.
[2026-01-21 00:24:42.003] [446476] [HailoRT] [info] [control.cpp:2739] [change_context_switch_status] Control::change_context_switch_status called. state_machine_status: 0, network_group_index: 255, dynamic_batch_size: 0, batch_count: 0
[2026-01-21 00:24:42.003] [446476] [HailoRT] [info] [hailort_driver.cpp:476] [fw_control] Sending FW Control: opcode=0x00000025 (HAILO_CONTROL_OPCODE_CHANGE_CONTEXT_SWITCH_STATUS), len=42, cpu_id=1
[2026-01-21 00:24:42.004] [446476] [HailoRT] [info] [vdma_config_manager.cpp:97] [switch_core_op] VdmaConfigManager finished switching core-op
[2026-01-21 00:24:42.004] [446476] [HailoRT] [info] [hailort_driver.cpp:601] [vdma_buffer_unmap] Unmapping buffer: address=0xffffaeb45000, size=5480960, direction=0
[2026-01-21 00:24:42.006] [446476] [HailoRT] [info] [hailort_driver.cpp:601] [vdma_buffer_unmap] Unmapping buffer: address=0xffffae625000, size=5372416, direction=0
[2026-01-21 00:24:42.008] [446476] [HailoRT] [info] [hailort_driver.cpp:601] [vdma_buffer_unmap] Unmapping buffer: address=0xffffae1ce000, size=4548608, direction=0
[2026-01-21 00:24:42.010] [446476] [HailoRT] [info] [hailort_driver.cpp:601] [vdma_buffer_unmap] Unmapping buffer: address=0xffffadd9f000, size=4384256, direction=0
[2026-01-21 00:24:42.011] [446476] [HailoRT] [info] [hailort_driver.cpp:601] [vdma_buffer_unmap] Unmapping buffer: address=0xffffaf080000, size=126464, direction=2
[2026-01-21 00:24:42.012] [446476] [HailoRT] [info] [hailort_driver.cpp:601] [vdma_buffer_unmap] Unmapping buffer: address=0xffffad893000, size=5292032, direction=0
[2026-01-21 00:24:42.014] [446476] [HailoRT] [info] [hailort_driver.cpp:601] [vdma_buffer_unmap] Unmapping buffer: address=0xffffad3bd000, size=5067264, direction=0
[2026-01-21 00:24:42.015] [446476] [HailoRT] [info] [hailort_driver.cpp:601] [vdma_buffer_unmap] Unmapping buffer: address=0xffffbdb66000, size=4096, direction=0
[2026-01-21 00:24:42.015] [446476] [HailoRT] [info] [hailort_driver.cpp:601] [vdma_buffer_unmap] Unmapping buffer: address=0xffffbdb65000, size=4096, direction=0
[2026-01-21 00:24:42.015] [446476] [HailoRT] [info] [hailort_driver.cpp:601] [vdma_buffer_unmap] Unmapping buffer: address=0xffffbdb64000, size=4096, direction=0
[2026-01-21 00:24:42.015] [446476] [HailoRT] [info] [hailort_driver.cpp:601] [vdma_buffer_unmap] Unmapping buffer: address=0xffffbdb63000, size=4096, direction=0
[2026-01-21 00:24:42.015] [446476] [HailoRT] [info] [hailort_driver.cpp:601] [vdma_buffer_unmap] Unmapping buffer: address=0xffffbdb62000, size=4096, direction=0
[2026-01-21 00:24:42.015] [446476] [HailoRT] [info] [hailort_driver.cpp:601] [vdma_buffer_unmap] Unmapping buffer: address=0xffffbdb61000, size=4096, direction=0
[2026-01-21 00:24:42.015] [446476] [HailoRT] [info] [hailort_driver.cpp:601] [vdma_buffer_unmap] Unmapping buffer: address=0xffffbdb60000, size=4096, direction=0
[2026-01-21 00:24:42.015] [446476] [HailoRT] [info] [hailort_driver.cpp:601] [vdma_buffer_unmap] Unmapping buffer: address=0xffffbdb5f000, size=4096, direction=0
[2026-01-21 00:24:42.015] [446476] [HailoRT] [info] [hailort_driver.cpp:601] [vdma_buffer_unmap] Unmapping buffer: address=0xffffbdb5e000, size=1000, direction=1
[2026-01-21 00:24:42.015] [446476] [HailoRT] [info] [hailort_driver.cpp:601] [vdma_buffer_unmap] Unmapping buffer: address=0xffffbdb5d000, size=1000, direction=1
[2026-01-21 00:24:42.015] [446476] [HailoRT] [info] [hailort_driver.cpp:601] [vdma_buffer_unmap] Unmapping buffer: address=0xffffbdb5c000, size=1000, direction=1
[2026-01-21 00:24:42.016] [446476] [HailoRT] [info] [hailort_driver.cpp:601] [vdma_buffer_unmap] Unmapping buffer: address=0xffffbdb5b000, size=1000, direction=1
[2026-01-21 00:24:42.016] [446476] [HailoRT] [info] [hailort_driver.cpp:601] [vdma_buffer_unmap] Unmapping buffer: address=0xffffbdb5a000, size=1000, direction=1
[2026-01-21 00:24:42.016] [446476] [HailoRT] [info] [hailort_driver.cpp:601] [vdma_buffer_unmap] Unmapping buffer: address=0xffffbdb59000, size=1000, direction=1
[2026-01-21 00:24:42.016] [446476] [HailoRT] [info] [hailort_driver.cpp:601] [vdma_buffer_unmap] Unmapping buffer: address=0xffffbdb58000, size=1000, direction=1
[2026-01-21 00:24:42.016] [446476] [HailoRT] [info] [hailort_driver.cpp:601] [vdma_buffer_unmap] Unmapping buffer: address=0xffffbdb57000, size=1000, direction=1
[2026-01-21 00:24:42.016] [446476] [HailoRT] [info] [hailort_driver.cpp:601] [vdma_buffer_unmap] Unmapping buffer: address=0xffffad398000, size=150528, direction=0
[2026-01-21 00:24:42.016] [446476] [HailoRT] [info] [hailort_driver.cpp:601] [vdma_buffer_unmap] Unmapping buffer: address=0xffffad373000, size=150528, direction=0
[2026-01-21 00:24:42.016] [446476] [HailoRT] [info] [hailort_driver.cpp:601] [vdma_buffer_unmap] Unmapping buffer: address=0xffffad34e000, size=150528, direction=0
[2026-01-21 00:24:42.016] [446476] [HailoRT] [info] [hailort_driver.cpp:601] [vdma_buffer_unmap] Unmapping buffer: address=0xffffad329000, size=150528, direction=0
[2026-01-21 00:24:42.016] [446476] [HailoRT] [info] [hailort_driver.cpp:601] [vdma_buffer_unmap] Unmapping buffer: address=0xffffad304000, size=150528, direction=0
[2026-01-21 00:24:42.016] [446476] [HailoRT] [info] [hailort_driver.cpp:601] [vdma_buffer_unmap] Unmapping buffer: address=0xffffad2df000, size=150528, direction=0
[2026-01-21 00:24:42.016] [446476] [HailoRT] [info] [hailort_driver.cpp:601] [vdma_buffer_unmap] Unmapping buffer: address=0xffffad2ba000, size=150528, direction=0
[2026-01-21 00:24:42.016] [446476] [HailoRT] [info] [hailort_driver.cpp:601] [vdma_buffer_unmap] Unmapping buffer: address=0xffffad295000, size=150528, direction=0
[2026-01-21 00:24:42.016] [446476] [HailoRT] [info] [control.cpp:2785] [reset_context_switch_state_machine] Control::reset_context_switch_state_machine called. Resetting context switch state.
[2026-01-21 00:24:42.016] [446476] [HailoRT] [info] [control.cpp:2739] [change_context_switch_status] Control::change_context_switch_status called. state_machine_status: 0, network_group_index: 255, dynamic_batch_size: 0, batch_count: 0
[2026-01-21 00:24:42.016] [446476] [HailoRT] [info] [hailort_driver.cpp:476] [fw_control] Sending FW Control: opcode=0x00000025 (HAILO_CONTROL_OPCODE_CHANGE_CONTEXT_SWITCH_STATUS), len=42, cpu_id=1
[2026-01-21 00:24:42.016] [446476] [HailoRT] [info] [hailort_driver.cpp:476] [fw_control] Sending FW Control: opcode=0x00000047 (HAILO_CONTROL_OPCODE_CONTEXT_SWITCH_CLEAR_CONFIGURED_APPS), len=20, cpu_id=1
